Date,Host,Service,Content
"2026-04-22T13:07:24.606Z","ip-10-236-36-220","wesco-sapi-lucidworks-dr","queryParams to partSearch: { ""start"": ""0"", ""rows"": ""100"", ""q"": ""CAT12* AND salesLocation_s:62533 AND shipLocation_s:11102 AND customerAccount_s:AC0161-6804 AND businessUnit_s:Accu-Tech"", ""userName_s"": ""Steven King"", ""refNum_s"": """"}"
"2026-04-22T12:54:49.495Z","ip-10-236-38-105","wesco-sapi-lucidworks-dr","queryParams to partSearch: { ""start"": ""0"", ""rows"": ""5"", ""q"": ""rx78v3- AND shipLocation_s:14509 AND businessUnit_s:Accu-Tech"", ""userName_s"": ""316066"", ""refNum_s"": ""628707""}"
"2026-04-22T12:49:23.758Z","ip-10-236-36-220","wesco-sapi-lucidworks-dr","queryParams to partSearch: { ""start"": ""0"", ""rows"": ""5"", ""q"": ""T70T70EEEI AND shipLocation_s:14802 AND businessUnit_s:Accu-Tech"", ""userName_s"": ""208873"", ""refNum_s"": ""628702""}"
"2026-04-22T12:45:39.310Z","ip-10-236-38-105","wesco-sapi-lucidworks-dr","queryParams to partSearch: { ""start"": ""0"", ""rows"": ""5"", ""q"": ""41087-QWP AND shipLocation_s:11726 AND businessUnit_s:Accu-Tech"", ""userName_s"": ""327898"", ""refNum_s"": ""628690""}"
"2026-04-22T12:37:32.168Z","ip-10-236-38-105","wesco-sapi-lucidworks-dr","queryParams to partSearch: { ""start"": ""0"", ""rows"": ""5"", ""q"": ""31086 AND shipLocation_s:14205 AND businessUnit_s:Accu-Tech"", ""userName_s"": ""317857"", ""refNum_s"": ""575239""}"
"2026-04-22T12:30:08.605Z","ip-10-236-38-105","wesco-sapi-lucidworks-dr","queryParams to partSearch: { ""start"": ""0"", ""rows"": ""100"", ""q"": ""*:* AND transPartOrFilter:(transactablePart_s:YW8982A23) AND salesLocation_s:60001 AND shipLocation_s:12619 AND dcLocation_s:7302 AND customerAccount_s:AC0029-8945 AND businessUnit_s:WESCO"", ""userName_s"": ""Alisa Gelinas"", ""refNum_s"": ""QU100033164""}"
"2026-04-22T12:17:14.172Z","ip-10-236-36-220","wesco-sapi-lucidworks-dr","queryParams to partSearch: { ""start"": ""0"", ""rows"": ""100"", ""q"": ""760238121* AND salesLocation_s:62471 AND shipLocation_s:14509 AND customerAccount_s:AC0186-3068 AND businessUnit_s:Accu-Tech"", ""userName_s"": ""Patrick Allen"", ""refNum_s"": """"}"
"2026-04-22T12:16:18.697Z","ip-10-236-36-220","wesco-sapi-lucidworks-dr","queryParams to partSearch: { ""start"": ""0"", ""rows"": ""5"", ""q"": ""ADRF-MPLX-U-3 AND shipLocation_s:15819 AND businessUnit_s:Accu-Tech"", ""userName_s"": ""334099"", ""refNum_s"": ""628657""}"
"2026-04-22T12:13:23.377Z","ip-10-236-38-105","wesco-sapi-lucidworks-dr","queryParams to partSearch: { ""start"": ""0"", ""rows"": ""5"", ""q"": ""2413 010 AND businessUnit_s:Accu-Tech"", ""userName_s"": ""321469"", ""refNum_s"": """"}"
"2026-04-22T03:50:18.944Z","ip-10-236-38-105","wesco-sapi-lucidworks-dr","queryParams to partSearch: { ""start"": ""0"", ""rows"": ""100"", ""q"": ""T00037276* AND salesLocation_s:62474 AND shipLocation_s:13417 AND customerAccount_s:AC0158-6311 AND businessUnit_s:Accu-Tech"", ""userName_s"": ""Kelly Szymanski"", ""refNum_s"": """"}"
"2026-04-22T03:25:10.929Z","ip-10-236-38-105","wesco-sapi-lucidworks-dr","queryParams to partSearch: { ""start"": ""0"", ""rows"": ""5"", ""q"": ""787802gd120 AND shipLocation_s:14112 AND businessUnit_s:Accu-Tech"", ""userName_s"": ""211741"", ""refNum_s"": ""628620""}"
"2026-04-22T03:21:57.187Z","ip-10-236-38-105","wesco-sapi-lucidworks-dr","queryParams to partSearch: { ""start"": ""0"", ""rows"": ""5"", ""q"": ""5k-0 AND shipLocation_s:13603 AND businessUnit_s:Accu-Tech"", ""userName_s"": ""227835"", ""refNum_s"": ""626793""}"
"2026-04-22T00:50:36.712Z","ip-10-236-38-105","wesco-sapi-lucidworks-dr","queryParams to partSearch: { ""start"": ""0"", ""rows"": ""100"", ""q"": ""cutcharge* AND salesLocation_s:62395 AND shipLocation_s:12702 AND customerAccount_s:AC0197-0384 AND businessUnit_s:Accu-Tech"", ""userName_s"": ""Theresa Mills"", ""refNum_s"": """"}"
"2026-04-21T23:24:54.237Z","ip-10-236-38-105","wesco-sapi-lucidworks-dr","queryParams to partSearch: { ""start"": ""0"", ""rows"": ""100"", ""q"": ""674088* AND salesLocation_s:60682 AND shipLocation_s:15408 AND customerAccount_s:AC0197-8872 AND dcLocation_s:7305 AND businessUnit_s:WESCO"", ""userName_s"": ""Aidee Gonzalez"", ""refNum_s"": """"}"
"2026-04-21T22:55:25.989Z","ip-10-236-36-220","wesco-sapi-lucidworks-dr","queryParams to partSearch: { ""start"": ""0"", ""rows"": ""5"", ""q"": ""APC36 AND shipLocation_s:13417 AND businessUnit_s:Accu-Tech"", ""userName_s"": ""219780"", ""refNum_s"": ""628580""}"
"2026-04-21T22:54:20.991Z","ip-10-236-36-220","wesco-sapi-lucidworks-dr","queryParams to partSearch: { ""start"": ""0"", ""rows"": ""5"", ""q"": ""ofp AND shipLocation_s:15009 AND businessUnit_s:Accu-Tech"", ""userName_s"": ""218875"", ""refNum_s"": ""628579""}"
"2026-04-21T22:29:26.935Z","ip-10-236-36-220","wesco-sapi-lucidworks-dr","queryParams to partSearch: { ""start"": ""0"", ""rows"": ""5"", ""q"": ""AX-RBSN AND shipLocation_s:15009 AND businessUnit_s:Accu-Tech"", ""userName_s"": ""334224"", ""refNum_s"": ""628568""}"
"2026-04-21T22:06:21.495Z","ip-10-236-38-105","wesco-sapi-lucidworks-dr","queryParams to partSearch: { ""start"": ""0"", ""rows"": ""100"", ""q"": ""5501UE* AND salesLocation_s:61961 AND shipLocation_s:16011 AND customerAccount_s:AC0161-0766 AND businessUnit_s:Accu-Tech"", ""userName_s"": ""Marlon Doppe"", ""refNum_s"": """"}"
"2026-04-21T21:51:26.799Z","ip-10-236-38-105","wesco-sapi-lucidworks-dr","queryParams to partSearch: { ""start"": ""0"", ""rows"": ""5"", ""q"": ""JR-ORT-2 AND shipLocation_s:15414 AND businessUnit_s:Accu-Tech"", ""userName_s"": ""216112"", ""refNum_s"": ""628540""}"
"2026-04-21T21:36:38.846Z","ip-10-236-36-220","wesco-sapi-lucidworks-dr","queryParams to partSearch: { ""start"": ""0"", ""rows"": ""100"", ""q"": ""Q41‐RECU* AND salesLocation_s:62395 AND shipLocation_s:12702 AND customerAccount_s:AC0162-7024 AND businessUnit_s:Accu-Tech"", ""userName_s"": ""Parker Mitchell"", ""refNum_s"": """"}"
"2026-04-21T21:29:55.325Z","ip-10-236-36-220","wesco-sapi-lucidworks-dr","queryParams to partSearch: { ""start"": ""0"", ""rows"": ""5"", ""q"": ""M58280 AND shipLocation_s:14611 AND businessUnit_s:Accu-Tech"", ""userName_s"": ""307070"", ""refNum_s"": ""628517""}"
"2026-04-21T21:25:43.578Z","ip-10-236-36-220","wesco-sapi-lucidworks-dr","queryParams to partSearch: { ""start"": ""0"", ""rows"": ""100"", ""q"": ""766206675* AND salesLocation_s:62747 AND shipLocation_s:11411 AND customerAccount_s:AC0159-1043 AND businessUnit_s:Accu-Tech"", ""userName_s"": ""Thomas Cousins"", ""refNum_s"": """"}"
"2026-04-21T21:14:28.942Z","ip-10-236-38-105","wesco-sapi-lucidworks-dr","queryParams to partSearch: { ""start"": ""0"", ""rows"": ""5"", ""q"": ""FHPBKR12LC3M AND shipLocation_s:12114 AND businessUnit_s:Accu-Tech"", ""userName_s"": ""337344"", ""refNum_s"": ""617738""}"
"2026-04-21T21:07:14.431Z","ip-10-236-38-105","wesco-sapi-lucidworks-dr","queryParams to partSearch: { ""start"": ""0"", ""rows"": ""5"", ""q"": ""t88-33190-a3 AND shipLocation_s:12908 AND businessUnit_s:Accu-Tech"", ""userName_s"": ""321602"", ""refNum_s"": ""627888""}"
"2026-04-21T20:38:21.071Z","ip-10-236-36-220","wesco-sapi-lucidworks-dr","queryParams to partSearch: { ""start"": ""0"", ""rows"": ""5"", ""q"": ""nk2 AND shipLocation_s:15642 AND businessUnit_s:Accu-Tech"", ""userName_s"": ""208850"", ""refNum_s"": ""628353""}"
"2026-04-21T20:32:21.180Z","ip-10-236-36-220","wesco-sapi-lucidworks-dr","queryParams to partSearch: { ""start"": ""0"", ""rows"": ""5"", ""q"": ""cch-cs12-a9-p00re AND shipLocation_s:11726 AND businessUnit_s:Accu-Tech"", ""userName_s"": ""327898"", ""refNum_s"": ""628415""}"
"2026-04-21T20:31:22.446Z","ip-10-236-38-105","wesco-sapi-lucidworks-dr","queryParams to partSearch: { ""start"": ""0"", ""rows"": ""100"", ""q"": ""11408-001* AND salesLocation_s:62395 AND shipLocation_s:12702 AND customerAccount_s:AC0159-6393 AND businessUnit_s:Accu-Tech"", ""userName_s"": ""Chris Seeman"", ""refNum_s"": """"}"
"2026-04-21T20:30:20.990Z","ip-10-236-36-220","wesco-sapi-lucidworks-dr","queryParams to partSearch: { ""start"": ""0"", ""rows"": ""5"", ""q"": ""OR-HDJ6-36 AND shipLocation_s:13603 AND businessUnit_s:Accu-Tech"", ""userName_s"": ""236163"", ""refNum_s"": ""628425""}"
"2026-04-21T20:26:11.543Z","ip-10-236-36-220","wesco-sapi-lucidworks-dr","queryParams to partSearch: { ""start"": ""0"", ""rows"": ""100"", ""q"": ""630011HD* AND salesLocation_s:61138 AND shipLocation_s:11204 AND customerAccount_s:AC0197-7845 AND dcLocation_s:7302 AND businessUnit_s:WESCO"", ""userName_s"": ""Karen Perrier"", ""refNum_s"": """"}"
"2026-04-21T20:25:06.204Z","ip-10-236-36-220","wesco-sapi-lucidworks-dr","queryParams to partSearch: { ""start"": ""0"", ""rows"": ""100"", ""q"": ""DSTR-3* AND salesLocation_s:62395 AND shipLocation_s:12702 AND customerAccount_s:AC0159-6393 AND businessUnit_s:Accu-Tech"", ""userName_s"": ""Chris Seeman"", ""refNum_s"": """"}"
"2026-04-21T20:20:53.319Z","ip-10-236-38-105","wesco-sapi-lucidworks-dr","queryParams to partSearch: { ""start"": ""0"", ""rows"": ""100"", ""q"": ""kit-71101a-b* AND salesLocation_s:62401 AND shipLocation_s:12601 AND customerAccount_s:AC0197-1515 AND businessUnit_s:Accu-Tech"", ""userName_s"": ""Aryan Javan"", ""refNum_s"": """"}"
"2026-04-21T20:20:26.972Z","ip-10-236-38-105","wesco-sapi-lucidworks-dr","queryParams to partSearch: { ""start"": ""0"", ""rows"": ""5"", ""q"": ""cs44p-7w AND shipLocation_s:15819 AND businessUnit_s:Accu-Tech"", ""userName_s"": ""237306"", ""refNum_s"": ""628288""}"
"2026-04-21T20:06:21.742Z","ip-10-236-38-105","wesco-sapi-lucidworks-dr","queryParams to partSearch: { ""start"": ""0"", ""rows"": ""5"", ""q"": ""CU42E0 AND shipLocation_s:13417 AND businessUnit_s:Accu-Tech"", ""userName_s"": ""219780"", ""refNum_s"": ""628382""}"
"2026-04-21T19:42:39.540Z","ip-10-236-38-105","wesco-sapi-lucidworks-dr","queryParams to partSearch: { ""start"": ""0"", ""rows"": ""5"", ""q"": ""61110-BL6 AND shipLocation_s:16011 AND businessUnit_s:Accu-Tech"", ""userName_s"": ""333371"", ""refNum_s"": ""628333""}"
"2026-04-21T19:37:59.303Z","ip-10-236-38-105","wesco-sapi-lucidworks-dr","queryParams to partSearch: { ""start"": ""0"", ""rows"": ""100"", ""q"": ""ax101066* AND salesLocation_s:61960 AND shipLocation_s:16043 AND customerAccount_s:AC0159-2475 AND businessUnit_s:Accu-Tech"", ""userName_s"": ""Alton Balentine"", ""refNum_s"": """"}"
"2026-04-21T19:31:41.381Z","ip-10-236-38-105","wesco-sapi-lucidworks-dr","queryParams to partSearch: { ""start"": ""0"", ""rows"": ""5"", ""q"": ""6110G AND shipLocation_s:15819 AND businessUnit_s:Accu-Tech"", ""userName_s"": ""237306"", ""refNum_s"": ""628288""}"
"2026-04-21T19:27:24.694Z","ip-10-236-38-105","wesco-sapi-lucidworks-dr","queryParams to partSearch: { ""start"": ""0"", ""rows"": ""5"", ""q"": ""KSFP6-88 AND shipLocation_s:11726 AND businessUnit_s:Accu-Tech"", ""userName_s"": ""327898"", ""refNum_s"": ""628296""}"
"2026-04-21T19:21:54.810Z","ip-10-236-36-220","wesco-sapi-lucidworks-dr","queryParams to partSearch: { ""start"": ""0"", ""rows"": ""100"", ""q"": ""*:* AND transPartOrFilter:(transactablePart_s:BZZ632A23 OR transactablePart_s:BE5666YY3) AND salesLocation_s:60682 AND shipLocation_s:15408 AND dcLocation_s:7305 AND customerAccount_s:AC0191-1721 AND businessUnit_s:WESCO"", ""userName_s"": ""Brian Wortmann"", ""refNum_s"": ""QU100026440""}"
"2026-04-21T19:21:14.204Z","ip-10-236-36-220","wesco-sapi-lucidworks-dr","queryParams to partSearch: { ""start"": ""0"", ""rows"": ""5"", ""q"": ""006EU AND shipLocation_s:11102 AND businessUnit_s:Accu-Tech"", ""userName_s"": ""206552"", ""refNum_s"": ""628287""}"
"2026-04-21T18:52:32.118Z","ip-10-236-36-220","wesco-sapi-lucidworks-dr","queryParams to partSearch: { ""start"": ""0"", ""rows"": ""5"", ""q"": ""760249130 AND shipLocation_s:11305 AND businessUnit_s:Accu-Tech"", ""userName_s"": ""337844"", ""refNum_s"": ""627867""}"
"2026-04-21T18:51:37.420Z","ip-10-236-36-220","wesco-sapi-lucidworks-dr","queryParams to partSearch: { ""start"": ""0"", ""rows"": ""5"", ""q"": ""UN874043114_b AND shipLocation_s:16043 AND businessUnit_s:Accu-Tech"", ""userName_s"": ""227199"", ""refNum_s"": ""627986""}"
"2026-04-21T18:50:46.261Z","ip-10-236-36-220","wesco-sapi-lucidworks-dr","queryParams to partSearch: { ""start"": ""0"", ""rows"": ""100"", ""q"": ""cch-01u* AND salesLocation_s:62395 AND shipLocation_s:12702 AND customerAccount_s:AC0158-2717 AND businessUnit_s:Accu-Tech"", ""userName_s"": ""Chris Seeman"", ""refNum_s"": """"}"
"2026-04-21T18:46:04.306Z","ip-10-236-38-105","wesco-sapi-lucidworks-dr","queryParams to partSearch: { ""start"": ""0"", ""rows"": ""5"", ""q"": ""cpp-uddm-m-2u- AND shipLocation_s:11411 AND businessUnit_s:Accu-Tech"", ""userName_s"": ""302766"", ""refNum_s"": ""628118""}"
"2026-04-21T18:36:39.142Z","ip-10-236-36-220","wesco-sapi-lucidworks-dr","queryParams to partSearch: { ""start"": ""0"", ""rows"": ""100"", ""q"": ""11143780* AND salesLocation_s:62745 AND shipLocation_s:15009 AND customerAccount_s:AC0158-8179 AND businessUnit_s:Accu-Tech"", ""userName_s"": ""Kyle Celli"", ""refNum_s"": """"}"
"2026-04-21T18:35:23.486Z","ip-10-236-38-105","wesco-sapi-lucidworks-dr","queryParams to partSearch: { ""start"": ""0"", ""rows"": ""100"", ""q"": ""10gx53* AND businessUnit_s:Accu-Tech AND shipLocation_s:12114 AND advancedPartSearch:Y AND businessUnit_s:Accu-Tech"", ""userName_s"": """", ""refNum_s"": ""100012447""}"
"2026-04-21T18:33:35.755Z","ip-10-236-36-220","wesco-sapi-lucidworks-dr","queryParams to partSearch: { ""start"": ""0"", ""rows"": ""5"", ""q"": ""2413_002A1000 AND businessUnit_s:Accu-Tech"", ""userName_s"": ""324687"", ""refNum_s"": """"}"
"2026-04-21T18:20:15.715Z","ip-10-236-38-105","wesco-sapi-lucidworks-dr","queryParams to partSearch: { ""start"": ""0"", ""rows"": ""100"", ""q"": ""6ES71386BA010BA0* AND salesLocation_s:60627 AND shipLocation_s:14507 AND customerAccount_s:AC0157-4024 AND dcLocation_s:7303 AND businessUnit_s:WESCO"", ""userName_s"": ""Meaghan Reidy"", ""refNum_s"": """"}"
"2026-04-21T18:13:50.127Z","ip-10-236-38-105","wesco-sapi-lucidworks-dr","queryParams to partSearch: { ""start"": ""0"", ""rows"": ""100"", ""q"": ""ETST6610* AND salesLocation_s:62401 AND shipLocation_s:12601 AND customerAccount_s:AC0158-4062 AND businessUnit_s:Accu-Tech"", ""userName_s"": ""Leesette Bengar"", ""refNum_s"": """"}"
"2026-04-21T18:11:29.816Z","ip-10-236-38-105","wesco-sapi-lucidworks-dr","queryParams to partSearch: { ""start"": ""0"", ""rows"": ""5"", ""q"": ""rg65 AND shipLocation_s:14611 AND businessUnit_s:Accu-Tech"", ""userName_s"": ""339347"", ""refNum_s"": ""627896""}"
"2026-04-21T18:09:04.027Z","ip-10-236-36-220","wesco-sapi-lucidworks-dr","queryParams to partSearch: { ""start"": ""0"", ""rows"": ""5"", ""q"": ""11142630 AND shipLocation_s:12304 AND businessUnit_s:Accu-Tech"", ""userName_s"": ""327282"", ""refNum_s"": ""620275""}"
"2026-04-21T18:08:41.627Z","ip-10-236-36-220","wesco-sapi-lucidworks-dr","queryParams to partSearch: { ""start"": ""0"", ""rows"": ""5"", ""q"": ""2412 AND shipLocation_s:14611 AND businessUnit_s:Accu-Tech"", ""userName_s"": ""339347"", ""refNum_s"": ""627896""}"
"2026-04-21T18:08:40.798Z","ip-10-236-38-105","wesco-sapi-lucidworks-dr","queryParams to partSearch: { ""start"": ""0"", ""rows"": ""5"", ""q"": ""241 AND shipLocation_s:14611 AND businessUnit_s:Accu-Tech"", ""userName_s"": ""339347"", ""refNum_s"": ""627896""}"
"2026-04-21T18:00:59.643Z","ip-10-236-38-105","wesco-sapi-lucidworks-dr","queryParams to partSearch: { ""start"": ""0"", ""rows"": ""5"", ""q"": ""P018-006 AND shipLocation_s:16011 AND businessUnit_s:Accu-Tech"", ""userName_s"": ""333371"", ""refNum_s"": ""628084""}"
"2026-04-21T17:55:42.281Z","ip-10-236-38-105","wesco-sapi-lucidworks-dr","queryParams to partSearch: { ""start"": ""0"", ""rows"": ""5"", ""q"": ""FRM-125 AND shipLocation_s:12702 AND businessUnit_s:Accu-Tech"", ""userName_s"": """", ""refNum_s"": ""628100""}"
"2026-04-21T17:52:59.162Z","ip-10-236-38-105","wesco-sapi-lucidworks-dr","queryParams to partSearch: { ""start"": ""0"", ""rows"": ""5"", ""q"": ""048euf-t4101d20 AND businessUnit_s:Accu-Tech"", ""userName_s"": ""216112"", ""refNum_s"": """"}"
"2026-04-21T17:43:17.855Z","ip-10-236-36-220","wesco-sapi-lucidworks-dr","queryParams to partSearch: { ""start"": ""0"", ""rows"": ""5"", ""q"": ""PUP6004BU-UY AND shipLocation_s:15009 AND businessUnit_s:Accu-Tech"", ""userName_s"": ""231421"", ""refNum_s"": ""628072""}"
"2026-04-21T17:22:15.579Z","ip-10-236-38-105","wesco-sapi-lucidworks-dr","queryParams to partSearch: { ""start"": ""0"", ""rows"": ""5"", ""q"": ""JUMPER KIT RACK GROUND RETROFIT AND businessUnit_s:Accu-Tech"", ""userName_s"": ""328841"", ""refNum_s"": """"}"
"2026-04-21T17:16:59.444Z","ip-10-236-38-105","wesco-sapi-lucidworks-dr","queryParams to partSearch: { ""start"": ""0"", ""rows"": ""100"", ""q"": ""YC2L12* AND salesLocation_s:62473 AND shipLocation_s:13429 AND customerAccount_s:AC0159-2183 AND businessUnit_s:Accu-Tech"", ""userName_s"": ""Davis Puckey"", ""refNum_s"": """"}"
"2026-04-21T17:09:58.907Z","ip-10-236-36-220","wesco-sapi-lucidworks-dr","queryParams to partSearch: { ""start"": ""0"", ""rows"": ""5"", ""q"": ""RCB1065S-6U AND businessUnit_s:Accu-Tech"", ""userName_s"": ""328841"", ""refNum_s"": """"}"
"2026-04-21T17:03:30.527Z","ip-10-236-36-220","wesco-sapi-lucidworks-dr","queryParams to partSearch: { ""start"": ""0"", ""rows"": ""5"", ""q"": ""cat6_cmp_orange_berk AND shipLocation_s:11102 AND businessUnit_s:Accu-Tech"", ""userName_s"": ""238320"", ""refNum_s"": ""623784""}"
"2026-04-21T17:00:35.733Z","ip-10-236-36-220","wesco-sapi-lucidworks-dr","queryParams to partSearch: { ""start"": ""0"", ""rows"": ""5"", ""q"": ""12850-70 AND shipLocation_s:12702 AND businessUnit_s:Accu-Tech"", ""userName_s"": ""328476"", ""refNum_s"": ""628019""}"
"2026-04-21T16:33:27.264Z","ip-10-236-38-105","wesco-sapi-lucidworks-dr","queryParams to partSearch: { ""start"": ""0"", ""rows"": ""100"", ""q"": ""110blk* AND businessUnit_s:Accu-Tech AND shipLocation_s:12114 AND advancedPartSearch:Y AND businessUnit_s:Accu-Tech"", ""userName_s"": """", ""refNum_s"": ""100012447""}"
"2026-04-21T16:32:58.147Z","ip-10-236-36-220","wesco-sapi-lucidworks-dr","queryParams to partSearch: { ""start"": ""0"", ""rows"": ""100"", ""q"": ""FEWLCLC42-JXF015* AND businessUnit_s:Accu-Tech AND shipLocation_s:12702 AND advancedPartSearch:Y AND businessUnit_s:Accu-Tech"", ""userName_s"": """", ""refNum_s"": ""100012447""}"
"2026-04-21T16:32:57.102Z","ip-10-236-38-105","wesco-sapi-lucidworks-dr","queryParams to partSearch: { ""start"": ""0"", ""rows"": ""5"", ""q"": ""M AND shipLocation_s:16011 AND businessUnit_s:Accu-Tech"", ""userName_s"": ""212834"", ""refNum_s"": ""624644""}"
"2026-04-21T16:23:35.196Z","ip-10-236-36-220","wesco-sapi-lucidworks-dr","queryParams to partSearch: { ""start"": ""0"", ""rows"": ""5"", ""q"": ""PWR-C14C15-15A-6FT-BLK AND shipLocation_s:11305 AND businessUnit_s:Accu-Tech"", ""userName_s"": ""313507"", ""refNum_s"": ""627951""}"
"2026-04-21T16:15:04.446Z","ip-10-236-36-220","wesco-sapi-lucidworks-dr","queryParams to partSearch: { ""start"": ""0"", ""rows"": ""5"", ""q"": ""A62-V44-20 AND shipLocation_s:11411 AND businessUnit_s:Accu-Tech"", ""userName_s"": ""210666"", ""refNum_s"": ""627928""}"
"2026-04-21T15:50:25.917Z","ip-10-236-36-220","wesco-sapi-lucidworks-dr","queryParams to partSearch: { ""start"": ""0"", ""rows"": ""100"", ""q"": ""CBS-BGR* AND salesLocation_s:69609 AND shipLocation_s:12702 AND customerAccount_s:AC0162-5178 AND businessUnit_s:Accu-Tech"", ""userName_s"": ""Ryan Punsalan"", ""refNum_s"": """"}"
"2026-04-21T15:46:28.373Z","ip-10-236-38-105","wesco-sapi-lucidworks-dr","queryParams to partSearch: { ""start"": ""0"", ""rows"": ""100"", ""q"": ""1-0e* AND businessUnit_s:Accu-Tech AND shipLocation_s:14506 AND advancedPartSearch:Y AND businessUnit_s:Accu-Tech"", ""userName_s"": """", ""refNum_s"": ""100012447""}"
"2026-04-21T15:42:42.942Z","ip-10-236-38-105","wesco-sapi-lucidworks-dr","queryParams to partSearch: { ""start"": ""0"", ""rows"": ""100"", ""q"": ""006T88-35190-YL* AND salesLocation_s:62395 AND shipLocation_s:12702 AND customerAccount_s:AC0159-6393 AND businessUnit_s:Accu-Tech"", ""userName_s"": ""Chris Seeman"", ""refNum_s"": """"}"
"2026-04-21T15:40:31.692Z","ip-10-236-36-220","wesco-sapi-lucidworks-dr","queryParams to partSearch: { ""start"": ""0"", ""rows"": ""5"", ""q"": ""Black_cat_6_shield_CMP_cable_100 AND businessUnit_s:Accu-Tech"", ""userName_s"": ""211557"", ""refNum_s"": """"}"
"2026-04-21T15:36:02.220Z","ip-10-236-38-105","wesco-sapi-lucidworks-dr","queryParams to partSearch: { ""start"": ""0"", ""rows"": ""100"", ""q"": ""T00016640* AND salesLocation_s:60682 AND shipLocation_s:15408 AND customerAccount_s:IC1002-0000 AND dcLocation_s:7305 AND businessUnit_s:WESCO"", ""userName_s"": ""Natalia Collins"", ""refNum_s"": """"}"
"2026-04-21T15:32:56.598Z","ip-10-236-36-220","wesco-sapi-lucidworks-dr","queryParams to partSearch: { ""start"": ""0"", ""rows"": ""5"", ""q"": ""4G2404 AND shipLocation_s:14611 AND businessUnit_s:Accu-Tech"", ""userName_s"": ""240568"", ""refNum_s"": ""627689""}"
"2026-04-21T15:32:21.800Z","ip-10-236-36-220","wesco-sapi-lucidworks-dr","queryParams to partSearch: { ""start"": ""0"", ""rows"": ""100"", ""q"": ""1-1375055-3* AND businessUnit_s:Accu-Tech AND shipLocation_s:15416 AND advancedPartSearch:Y AND businessUnit_s:Accu-Tech"", ""userName_s"": """", ""refNum_s"": ""100012447""}"
"2026-04-21T15:31:06.949Z","ip-10-236-38-105","wesco-sapi-lucidworks-dr","queryParams to partSearch: { ""start"": ""0"", ""rows"": ""100"", ""q"": ""1-1375055-3* AND businessUnit_s:Accu-Tech AND shipLocation_s:15416 AND advancedPartSearch:Y AND businessUnit_s:Accu-Tech"", ""userName_s"": """", ""refNum_s"": ""100012447""}"
"2026-04-21T15:30:50.840Z","ip-10-236-38-105","wesco-sapi-lucidworks-dr","queryParams to partSearch: { ""start"": ""0"", ""rows"": ""100"", ""q"": ""1-1375055-3* AND businessUnit_s:Accu-Tech AND shipLocation_s:15416 AND advancedPartSearch:Y AND businessUnit_s:Accu-Tech"", ""userName_s"": """", ""refNum_s"": ""100012447""}"
"2026-04-21T15:29:59.610Z","ip-10-236-38-105","wesco-sapi-lucidworks-dr","queryParams to partSearch: { ""start"": ""0"", ""rows"": ""100"", ""q"": ""1-1375055-3* AND businessUnit_s:Accu-Tech AND shipLocation_s:15416 AND advancedPartSearch:Y AND businessUnit_s:Accu-Tech"", ""userName_s"": """", ""refNum_s"": ""100012447""}"
"2026-04-21T15:27:50.470Z","ip-10-236-36-220","wesco-sapi-lucidworks-dr","queryParams to partSearch: { ""start"": ""0"", ""rows"": ""100"", ""q"": ""1-1375055-3* AND businessUnit_s:Accu-Tech AND shipLocation_s:15416 AND advancedPartSearch:Y AND businessUnit_s:Accu-Tech"", ""userName_s"": """", ""refNum_s"": ""100012447""}"
"2026-04-21T15:27:38.894Z","ip-10-236-38-105","wesco-sapi-lucidworks-dr","queryParams to partSearch: { ""start"": ""0"", ""rows"": ""100"", ""q"": ""1-1375055-3* AND businessUnit_s:Accu-Tech AND shipLocation_s:15416 AND advancedPartSearch:Y AND businessUnit_s:Accu-Tech"", ""userName_s"": """", ""refNum_s"": ""100012447""}"
"2026-04-21T15:06:18.007Z","ip-10-236-36-220","wesco-sapi-lucidworks-dr","queryParams to partSearch: { ""start"": ""0"", ""rows"": ""5"", ""q"": ""FRMMAT AND shipLocation_s:16011 AND businessUnit_s:Accu-Tech"", ""userName_s"": ""335361"", ""refNum_s"": ""627293""}"
"2026-04-21T14:55:50.620Z","ip-10-236-38-105","wesco-sapi-lucidworks-dr","queryParams to partSearch: { ""start"": ""0"", ""rows"": ""100"", ""q"": ""6910G-U48* AND businessUnit_s:Accu-Tech AND shipLocation_s:14802 AND advancedPartSearch:Y AND businessUnit_s:Accu-Tech"", ""userName_s"": """", ""refNum_s"": ""100012447""}"
"2026-04-21T14:41:10.348Z","ip-10-236-36-220","wesco-sapi-lucidworks-dr","queryParams to partSearch: { ""start"": ""0"", ""rows"": ""100"", ""q"": ""CCH-CP24-A9* AND salesLocation_s:62400 AND shipLocation_s:14112 AND customerAccount_s:AC0197-2764 AND businessUnit_s:Accu-Tech"", ""userName_s"": ""Ewan Pessoa"", ""refNum_s"": """"}"
"2026-04-21T14:36:37.301Z","ip-10-236-36-220","wesco-sapi-lucidworks-dr","queryParams to partSearch: { ""start"": ""0"", ""rows"": ""100"", ""q"": ""FDROPSHIP* AND salesLocation_s:66083 AND shipLocation_s:11411 AND customerAccount_s:AC0158-3168 AND businessUnit_s:Accu-Tech"", ""userName_s"": ""Tony Goff"", ""refNum_s"": """"}"
"2026-04-21T14:31:01.506Z","ip-10-236-36-220","wesco-sapi-lucidworks-dr","queryParams to partSearch: { ""start"": ""0"", ""rows"": ""100"", ""q"": ""pigtail* AND shipLocation_s:14810 AND customerAccount_s:AC0186-3068 AND taxonomy_level_1_s:(\""B22-Wire and Cable\"") AND businessUnit_s:Accu-Tech AND advancedPartSearch:Y"", ""userName_s"": ""Camden Lee"", ""refNum_s"": ""QU100030766""}"
"2026-04-21T14:29:35.410Z","ip-10-236-36-220","wesco-sapi-lucidworks-dr","queryParams to partSearch: { ""start"": ""0"", ""rows"": ""100"", ""q"": ""372 crouse* AND salesLocation_s:60608 AND shipLocation_s:12008 AND customerAccount_s:AC0016-2584 AND dcLocation_s:7305 AND businessUnit_s:WESCO"", ""userName_s"": ""Noah Gelman"", ""refNum_s"": """"}"
"2026-04-21T14:25:51.772Z","ip-10-236-38-105","wesco-sapi-lucidworks-dr","queryParams to partSearch: { ""start"": ""0"", ""rows"": ""5"", ""q"": ""41089-2WP AND shipLocation_s:13002 AND businessUnit_s:Accu-Tech"", ""userName_s"": ""316046"", ""refNum_s"": ""627255""}"
"2026-04-21T14:21:19.175Z","ip-10-236-38-105","wesco-sapi-lucidworks-dr","queryParams to partSearch: { ""start"": ""0"", ""rows"": ""5"", ""q"": ""60400045 AND shipLocation_s:11411 AND businessUnit_s:Accu-Tech"", ""userName_s"": ""228294"", ""refNum_s"": ""627691""}"
"2026-04-21T14:12:10.001Z","ip-10-236-36-220","wesco-sapi-lucidworks-dr","queryParams to partSearch: { ""start"": ""0"", ""rows"": ""100"", ""q"": ""cat6a osp* AND businessUnit_s:Accu-Tech AND shipLocation_s:13429 AND advancedPartSearch:Y AND businessUnit_s:Accu-Tech"", ""userName_s"": """", ""refNum_s"": ""100012447""}"
"2026-04-21T14:10:31.595Z","ip-10-236-38-105","wesco-sapi-lucidworks-dr","queryParams to partSearch: { ""start"": ""0"", ""rows"": ""100"", ""q"": ""CPPL24WBLY* AND salesLocation_s:62473 AND shipLocation_s:13429 AND customerAccount_s:AC0200-3266 AND businessUnit_s:Accu-Tech"", ""userName_s"": ""Davis Puckey"", ""refNum_s"": """"}"
"2026-04-21T13:59:43.725Z","ip-10-236-38-105","wesco-sapi-lucidworks-dr","queryParams to partSearch: { ""start"": ""0"", ""rows"": ""5"", ""q"": ""055702k AND shipLocation_s:16023 AND businessUnit_s:Accu-Tech"", ""userName_s"": ""339483"", ""refNum_s"": ""608560""}"
"2026-04-21T13:51:13.398Z","ip-10-236-36-220","wesco-sapi-lucidworks-dr","queryParams to partSearch: { ""start"": ""0"", ""rows"": ""100"", ""q"": ""CE-CM-LX-9* AND salesLocation_s:62473 AND shipLocation_s:13429 AND customerAccount_s:AC0158-2953 AND businessUnit_s:Accu-Tech"", ""userName_s"": ""Ben Leonard"", ""refNum_s"": """"}"
"2026-04-21T13:49:13.744Z","ip-10-236-38-105","wesco-sapi-lucidworks-dr","queryParams to partSearch: { ""start"": ""0"", ""rows"": ""5"", ""q"": ""mxc4 AND shipLocation_s:14205 AND businessUnit_s:Accu-Tech"", ""userName_s"": ""230516"", ""refNum_s"": ""627660""}"
"2026-04-21T13:30:45.696Z","ip-10-236-36-220","wesco-sapi-lucidworks-dr","queryParams to partSearch: { ""start"": ""0"", ""rows"": ""5"", ""q"": ""048EC8-14101-20 AND shipLocation_s:14112 AND businessUnit_s:Accu-Tech"", ""userName_s"": ""210280"", ""refNum_s"": ""627630""}"
"2026-04-21T13:30:23.078Z","ip-10-236-36-220","wesco-sapi-lucidworks-dr","queryParams to partSearch: { ""start"": ""0"", ""rows"": ""5"", ""q"": ""CPCSSX2-01F003 AND shipLocation_s:15609 AND businessUnit_s:Accu-Tech"", ""userName_s"": ""337705"", ""refNum_s"": ""624836""}"
"2026-04-21T13:15:31.875Z","ip-10-236-36-220","wesco-sapi-lucidworks-dr","queryParams to partSearch: { ""start"": ""0"", ""rows"": ""100"", ""q"": ""41084-* AND salesLocation_s:62530 AND shipLocation_s:15642 AND customerAccount_s:AC0186-3068 AND businessUnit_s:Accu-Tech"", ""userName_s"": ""Simon Ruppert"", ""refNum_s"": """"}"
"2026-04-21T13:14:03.980Z","ip-10-236-36-220","wesco-sapi-lucidworks-dr","queryParams to partSearch: { ""start"": ""0"", ""rows"": ""100"", ""q"": ""4u enclosure* AND businessUnit_s:Accu-Tech AND shipLocation_s:16023 AND advancedPartSearch:Y AND businessUnit_s:Accu-Tech"", ""userName_s"": """", ""refNum_s"": ""100012447""}"
"2026-04-21T13:01:07.319Z","ip-10-236-38-105","wesco-sapi-lucidworks-dr","queryParams to partSearch: { ""start"": ""0"", ""rows"": ""5"", ""q"": ""eg AND shipLocation_s:13417 AND businessUnit_s:Accu-Tech"", ""userName_s"": ""310311"", ""refNum_s"": ""627588""}"
"2026-04-21T12:58:04.565Z","ip-10-236-36-220","wesco-sapi-lucidworks-dr","queryParams to partSearch: { ""start"": ""0"", ""rows"": ""100"", ""q"": ""mpls* AND salesLocation_s:61960 AND shipLocation_s:16043 AND customerAccount_s:AC0159-2475 AND businessUnit_s:Accu-Tech"", ""userName_s"": ""Alton Balentine"", ""refNum_s"": """"}"
"2026-04-21T12:45:33.574Z","ip-10-236-36-220","wesco-sapi-lucidworks-dr","queryParams to partSearch: { ""start"": ""0"", ""rows"": ""100"", ""q"": ""5C0000-126S2536* AND salesLocation_s:61171 AND shipLocation_s:12402 AND customerAccount_s:AC0001-5961 AND dcLocation_s:7302 AND businessUnit_s:WESCO"", ""userName_s"": ""Aiereona Palmer"", ""refNum_s"": """"}"
"2026-04-21T12:38:48.714Z","ip-10-236-38-105","wesco-sapi-lucidworks-dr","queryParams to partSearch: { ""start"": ""0"", ""rows"": ""100"", ""q"": ""2412010u1000* AND salesLocation_s:62530 AND shipLocation_s:15642 AND customerAccount_s:AC0158-4229 AND businessUnit_s:Accu-Tech"", ""userName_s"": ""Simon Ruppert"", ""refNum_s"": """"}"
"2026-04-21T11:52:10.443Z","ip-10-236-36-220","wesco-sapi-lucidworks-dr","queryParams to partSearch: { ""start"": ""0"", ""rows"": ""100"", ""q"": ""760107201 * AND businessUnit_s:Accu-Tech AND shipLocation_s:12702 AND advancedPartSearch:Y AND businessUnit_s:Accu-Tech"", ""userName_s"": """", ""refNum_s"": ""100012447""}"
"2026-04-21T11:47:01.359Z","ip-10-236-38-105","wesco-sapi-lucidworks-dr","queryParams to partSearch: { ""start"": ""0"", ""rows"": ""5"", ""q"": ""PS-1224CN AND shipLocation_s:14205 AND businessUnit_s:Accu-Tech"", ""userName_s"": ""317857"", ""refNum_s"": ""627512""}"
"2026-04-21T11:18:26.273Z","ip-10-236-36-220","wesco-sapi-lucidworks-dr","queryParams to partSearch: { ""start"": ""0"", ""rows"": ""100"", ""q"": ""S4B1P1A* AND salesLocation_s:60001 AND shipLocation_s:12619 AND customerAccount_s:AC0043-1812 AND dcLocation_s:7302 AND businessUnit_s:WESCO"", ""userName_s"": ""Alisa Gelinas"", ""refNum_s"": """"}"
"2026-04-20T23:25:51.639Z","ip-10-236-36-220","wesco-sapi-lucidworks-dr","queryParams to partSearch: { ""start"": ""0"", ""rows"": ""5"", ""q"": ""CEXT44S2BURURN010M AND businessUnit_s:Accu-Tech"", ""userName_s"": ""208739"", ""refNum_s"": ""627427""}"
"2026-04-20T22:30:49.248Z","ip-10-236-38-105","wesco-sapi-lucidworks-dr","queryParams to partSearch: { ""start"": ""0"", ""rows"": ""5"", ""q"": ""RG142PNMNM-2 AND shipLocation_s:15414 AND businessUnit_s:Accu-Tech"", ""userName_s"": ""206565"", ""refNum_s"": ""627436""}"
"2026-04-20T22:03:58.638Z","ip-10-236-38-105","wesco-sapi-lucidworks-dr","queryParams to partSearch: { ""start"": ""0"", ""rows"": ""100"", ""q"": ""2413009u1000* AND salesLocation_s:62747 AND shipLocation_s:11411 AND customerAccount_s:AC0163-1163 AND businessUnit_s:Accu-Tech"", ""userName_s"": ""Jennifer Hall"", ""refNum_s"": """"}"
"2026-04-20T21:31:56.083Z","ip-10-236-38-105","wesco-sapi-lucidworks-dr","queryParams to partSearch: { ""start"": ""0"", ""rows"": ""100"", ""q"": ""DX80K9M6-PM8* AND salesLocation_s:60664 AND shipLocation_s:14001 AND customerAccount_s:AC0152-5506 AND dcLocation_s:7305 AND businessUnit_s:WESCO"", ""userName_s"": ""Tyson Geving"", ""refNum_s"": """"}"
"2026-04-20T21:29:43.759Z","ip-10-236-38-105","wesco-sapi-lucidworks-dr","queryParams to partSearch: { ""start"": ""0"", ""rows"": ""100"", ""q"": ""812MB18A* AND salesLocation_s:60608 AND shipLocation_s:12008 AND customerAccount_s:AC0008-0038 AND dcLocation_s:7305 AND businessUnit_s:WESCO"", ""userName_s"": ""Noah Gelman"", ""refNum_s"": """"}"
"2026-04-20T21:03:31.388Z","ip-10-236-38-105","wesco-sapi-lucidworks-dr","queryParams to partSearch: { ""start"": ""0"", ""rows"": ""5"", ""q"": ""430 AND businessUnit_s:Accu-Tech"", ""userName_s"": ""312371"", ""refNum_s"": """"}"
"2026-04-20T20:57:14.107Z","ip-10-236-38-105","wesco-sapi-lucidworks-dr","queryParams to partSearch: { ""start"": ""0"", ""rows"": ""5"", ""q"": ""OR-HDJ6A-43 AND shipLocation_s:16011 AND businessUnit_s:Accu-Tech"", ""userName_s"": ""328841"", ""refNum_s"": ""627259""}"
"2026-04-20T20:53:30.614Z","ip-10-236-38-105","wesco-sapi-lucidworks-dr","queryParams to partSearch: { ""start"": ""0"", ""rows"": ""5"", ""q"": ""FGS-H AND businessUnit_s:Accu-Tech"", ""userName_s"": ""227658"", ""refNum_s"": ""627341""}"
"2026-04-20T20:48:34.796Z","ip-10-236-36-220","wesco-sapi-lucidworks-dr","queryParams to partSearch: { ""start"": ""0"", ""rows"": ""5"", ""q"": ""40153-012 AND shipLocation_s:11411 AND businessUnit_s:Accu-Tech"", ""userName_s"": ""336274"", ""refNum_s"": ""627332""}"
"2026-04-20T20:47:17.207Z","ip-10-236-38-105","wesco-sapi-lucidworks-dr","queryParams to partSearch: { ""start"": ""0"", ""rows"": ""5"", ""q"": ""om1_64 AND shipLocation_s:16023 AND businessUnit_s:Accu-Tech"", ""userName_s"": ""312371"", ""refNum_s"": ""627339""}"
"2026-04-20T20:41:43.610Z","ip-10-236-38-105","wesco-sapi-lucidworks-dr","queryParams to partSearch: { ""start"": ""0"", ""rows"": ""5"", ""q"": ""02944-001 AND shipLocation_s:14509 AND businessUnit_s:Accu-Tech"", ""userName_s"": ""337372"", ""refNum_s"": ""627126""}"
"2026-04-20T20:38:15.757Z","ip-10-236-36-220","wesco-sapi-lucidworks-dr","queryParams to partSearch: { ""start"": ""0"", ""rows"": ""5"", ""q"": ""coa AND shipLocation_s:15812 AND businessUnit_s:Accu-Tech"", ""userName_s"": ""341866"", ""refNum_s"": ""627316""}"
"2026-04-20T20:35:16.767Z","ip-10-236-36-220","wesco-sapi-lucidworks-dr","queryParams to partSearch: { ""start"": ""0"", ""rows"": ""100"", ""q"": ""wedge clamp* AND salesLocation_s:60001 AND shipLocation_s:12619 AND customerAccount_s:AC0155-5833 AND dcLocation_s:7302 AND businessUnit_s:WESCO"", ""userName_s"": ""Matthew Quigley"", ""refNum_s"": """"}"
"2026-04-20T20:27:35.048Z","ip-10-236-36-220","wesco-sapi-lucidworks-dr","queryParams to partSearch: { ""start"": ""0"", ""rows"": ""5"", ""q"": ""EDRNEZ AND shipLocation_s:15609 AND businessUnit_s:Accu-Tech"", ""userName_s"": ""226022"", ""refNum_s"": ""627278""}"
"2026-04-20T20:18:12.196Z","ip-10-236-38-105","wesco-sapi-lucidworks-dr","queryParams to partSearch: { ""start"": ""0"", ""rows"": ""100"", ""q"": ""cs34p-6w* AND salesLocation_s:62399 AND shipLocation_s:15812 AND customerAccount_s:AC0158-4310 AND businessUnit_s:Accu-Tech"", ""userName_s"": ""Shawn Whittingham"", ""refNum_s"": """"}"
"2026-04-20T20:16:12.925Z","ip-10-236-36-220","wesco-sapi-lucidworks-dr","queryParams to partSearch: { ""start"": ""0"", ""rows"": ""5"", ""q"": ""W603-0016* AND businessUnit_s:Accu-Tech"", ""userName_s"": """", ""refNum_s"": ""900000385""}"
"2026-04-20T20:08:24.794Z","ip-10-236-36-220","wesco-sapi-lucidworks-dr","queryParams to partSearch: { ""start"": ""0"", ""rows"": ""5"", ""q"": ""006Eu4-T AND shipLocation_s:14509 AND businessUnit_s:Accu-Tech"", ""userName_s"": ""226055"", ""refNum_s"": ""626857""}"
"2026-04-20T20:06:40.319Z","ip-10-236-38-105","wesco-sapi-lucidworks-dr","queryParams to partSearch: { ""start"": ""0"", ""rows"": ""100"", ""q"": ""024ZUZ-T4101D2N* AND salesLocation_s:62396 AND shipLocation_s:14802 AND customerAccount_s:AC0160-6109 AND businessUnit_s:Accu-Tech"", ""userName_s"": ""Jared Ferguson"", ""refNum_s"": """"}"
"2026-04-20T19:50:56.464Z","ip-10-236-38-105","wesco-sapi-lucidworks-dr","queryParams to partSearch: { ""start"": ""0"", ""rows"": ""5"", ""q"": ""OR-MC610-06 AND shipLocation_s:14112 AND businessUnit_s:Accu-Tech"", ""userName_s"": ""210280"", ""refNum_s"": ""627181""}"
"2026-04-20T19:35:41.601Z","ip-10-236-38-105","wesco-sapi-lucidworks-dr","queryParams to partSearch: { ""start"": ""0"", ""rows"": ""100"", ""q"": ""*:* AND transPartOrFilter:(transactablePart_s:FR76W2A23) AND salesLocation_s:60682 AND shipLocation_s:15408 AND dcLocation_s:7305 AND customerAccount_s:AC0045-0214 AND businessUnit_s:WESCO"", ""userName_s"": ""Aidee Gonzalez"", ""refNum_s"": ""QU100033232""}"
"2026-04-20T19:23:05.377Z","ip-10-236-36-220","wesco-sapi-lucidworks-dr","queryParams to partSearch: { ""start"": ""0"", ""rows"": ""5"", ""q"": ""4g2 AND shipLocation_s:15812 AND businessUnit_s:Accu-Tech"", ""userName_s"": ""234826"", ""refNum_s"": ""627161""}"
"2026-04-20T19:22:25.496Z","ip-10-236-36-220","wesco-sapi-lucidworks-dr","queryParams to partSearch: { ""start"": ""0"", ""rows"": ""5"", ""q"": ""frt4x4 AND shipLocation_s:15642 AND businessUnit_s:Accu-Tech"", ""userName_s"": ""208850"", ""refNum_s"": ""626610""}"
"2026-04-20T19:19:11.632Z","ip-10-236-38-105","wesco-sapi-lucidworks-dr","queryParams to partSearch: { ""start"": ""0"", ""rows"": ""5"", ""q"": ""040402g5116 AND shipLocation_s:15642 AND businessUnit_s:Accu-Tech"", ""userName_s"": ""208850"", ""refNum_s"": ""626610""}"
"2026-04-20T18:55:52.065Z","ip-10-236-36-220","wesco-sapi-lucidworks-dr","queryParams to partSearch: { ""start"": ""0"", ""rows"": ""5"", ""q"": ""CAT64HP4Z34 AND shipLocation_s:16011 AND businessUnit_s:Accu-Tech"", ""userName_s"": ""335361"", ""refNum_s"": ""627097""}"
"2026-04-20T18:43:32.297Z","ip-10-236-38-105","wesco-sapi-lucidworks-dr","queryParams to partSearch: { ""start"": ""0"", ""rows"": ""5"", ""q"": ""725 AND businessUnit_s:Accu-Tech"", ""userName_s"": ""234661"", ""refNum_s"": """"}"
"2026-04-20T18:37:53.732Z","ip-10-236-38-105","wesco-sapi-lucidworks-dr","queryParams to partSearch: { ""start"": ""0"", ""rows"": ""5"", ""q"": ""77-240-4a AND shipLocation_s:11726 AND businessUnit_s:Accu-Tech"", ""userName_s"": ""331169"", ""refNum_s"": ""627029""}"
"2026-04-20T18:29:19.661Z","ip-10-236-38-105","wesco-sapi-lucidworks-dr","queryParams to partSearch: { ""start"": ""0"", ""rows"": ""5"", ""q"": ""UTPSP3YLY AND shipLocation_s:12908 AND businessUnit_s:Accu-Tech"", ""userName_s"": ""321602"", ""refNum_s"": ""624651""}"
"2026-04-20T18:18:53.164Z","ip-10-236-36-220","wesco-sapi-lucidworks-dr","queryParams to partSearch: { ""start"": ""0"", ""rows"": ""5"", ""q"": ""mctp6abi-6-10 AND businessUnit_s:Accu-Tech"", ""userName_s"": ""327282"", ""refNum_s"": """"}"
"2026-04-20T18:18:37.918Z","ip-10-236-38-105","wesco-sapi-lucidworks-dr","queryParams to partSearch: { ""start"": ""0"", ""rows"": ""5"", ""q"": ""cch-0 AND shipLocation_s:14802 AND businessUnit_s:Accu-Tech"", ""userName_s"": ""208873"", ""refNum_s"": ""627039""}"
"2026-04-20T18:13:15.255Z","ip-10-236-36-220","wesco-sapi-lucidworks-dr","queryParams to partSearch: { ""start"": ""0"", ""rows"": ""5"", ""q"": ""012TU4-T4790D20 AND shipLocation_s:15642 AND businessUnit_s:Accu-Tech"", ""userName_s"": ""301951"", ""refNum_s"": ""627027""}"
"2026-04-20T18:05:23.490Z","ip-10-236-38-105","wesco-sapi-lucidworks-dr","queryParams to partSearch: { ""start"": ""0"", ""rows"": ""100"", ""q"": ""USL10G-SHLD-OR* AND businessUnit_s:Accu-Tech AND shipLocation_s:11102 AND advancedPartSearch:Y AND businessUnit_s:Accu-Tech"", ""userName_s"": """", ""refNum_s"": ""100012447""}"
"2026-04-20T17:45:55.748Z","ip-10-236-36-220","wesco-sapi-lucidworks-dr","queryParams to partSearch: { ""start"": ""0"", ""rows"": ""5"", ""q"": ""RV6MJKUYL-S1 AND shipLocation_s:11726 AND businessUnit_s:Accu-Tech"", ""userName_s"": ""236339"", ""refNum_s"": ""626984""}"
"2026-04-20T17:44:44.341Z","ip-10-236-38-105","wesco-sapi-lucidworks-dr","queryParams to partSearch: { ""start"": ""0"", ""rows"": ""100"", ""q"": ""z2ua12pd205u* AND businessUnit_s:WESCO AND shipLocation_s:11204 AND advancedPartSearch:Y AND businessUnit_s:WESCO"", ""userName_s"": """", ""refNum_s"": ""100012447""}"
"2026-04-20T17:38:50.057Z","ip-10-236-36-220","wesco-sapi-lucidworks-dr","queryParams to partSearch: { ""start"": ""0"", ""rows"": ""100"", ""q"": ""16/2* AND businessUnit_s:Accu-Tech AND shipLocation_s:15642 AND advancedPartSearch:Y AND businessUnit_s:Accu-Tech"", ""userName_s"": """", ""refNum_s"": ""100012447""}"
"2026-04-20T17:36:01.466Z","ip-10-236-38-105","wesco-sapi-lucidworks-dr","queryParams to partSearch: { ""start"": ""0"", ""rows"": ""100"", ""q"": ""*:* AND transPartOrFilter:(transactablePart_s:KWKSG2A23 OR transactablePart_s:BE268YZ33 OR transactablePart_s:BEY9Y84Z5 OR transactablePart_s:BEY28YY29 OR transactablePart_s:BEY399484 OR transactablePart_s:BEY425332 OR transactablePart_s:JQZ7C2A23 OR transactablePart_s:BEY239ZY8 OR transactablePart_s:JF9WQ2A23 OR transactablePart_s:BE42Z6Z42) AND salesLocation_s:61138 AND shipLocation_s:11204 AND dcLocation_s:7302 AND customerAccount_s:AC0155-8144 AND businessUnit_s:WESCO"", ""userName_s"": ""Karen Perrier"", ""refNum_s"": ""100083589""}"
"2026-04-20T17:33:39.976Z","ip-10-236-36-220","wesco-sapi-lucidworks-dr","queryParams to partSearch: { ""start"": ""0"", ""rows"": ""5"", ""q"": ""gec AND shipLocation_s:14506 AND businessUnit_s:Accu-Tech"", ""userName_s"": ""320529"", ""refNum_s"": ""626966""}"
"2026-04-20T17:31:43.784Z","ip-10-236-38-105","wesco-sapi-lucidworks-dr","queryParams to partSearch: { ""start"": ""0"", ""rows"": ""5"", ""q"": ""CCH-CP AND shipLocation_s:14205 AND businessUnit_s:Accu-Tech"", ""userName_s"": ""230516"", ""refNum_s"": ""626968""}"
"2026-04-20T17:31:09.526Z","ip-10-236-36-220","wesco-sapi-lucidworks-dr","queryParams to partSearch: { ""start"": ""0"", ""rows"": ""100"", ""q"": ""eco1000lcd* AND salesLocation_s:62399 AND shipLocation_s:15812 AND customerAccount_s:AC0158-4571 AND businessUnit_s:Accu-Tech"", ""userName_s"": ""Patrick Sweeney"", ""refNum_s"": """"}"
"2026-04-20T17:27:06.723Z","ip-10-236-36-220","wesco-sapi-lucidworks-dr","queryParams to partSearch: { ""start"": ""0"", ""rows"": ""5"", ""q"": ""fs200 AND shipLocation_s:12908 AND businessUnit_s:Accu-Tech"", ""userName_s"": ""321469"", ""refNum_s"": ""626961""}"
"2026-04-20T17:11:57.531Z","ip-10-236-36-220","wesco-sapi-lucidworks-dr","queryParams to partSearch: { ""start"": ""0"", ""rows"": ""5"", ""q"": ""ICP-EZTS AND shipLocation_s:15416 AND businessUnit_s:Accu-Tech"", ""userName_s"": ""339129"", ""refNum_s"": ""618442""}"
"2026-04-20T17:11:43.721Z","ip-10-236-38-105","wesco-sapi-lucidworks-dr","queryParams to partSearch: { ""start"": ""0"", ""rows"": ""5"", ""q"": ""012e8p-31131-29 AND shipLocation_s:15642 AND businessUnit_s:Accu-Tech"", ""userName_s"": ""208850"", ""refNum_s"": ""626610""}"
"2026-04-20T17:07:38.190Z","ip-10-236-36-220","wesco-sapi-lucidworks-dr","queryParams to partSearch: { ""start"": ""0"", ""rows"": ""5"", ""q"": ""10608-70 AND shipLocation_s:15642 AND businessUnit_s:Accu-Tech"", ""userName_s"": ""208850"", ""refNum_s"": ""626610""}"
"2026-04-20T17:06:35.265Z","ip-10-236-38-105","wesco-sapi-lucidworks-dr","queryParams to partSearch: { ""start"": ""0"", ""rows"": ""5"", ""q"": ""11301- AND shipLocation_s:15642 AND businessUnit_s:Accu-Tech"", ""userName_s"": ""208850"", ""refNum_s"": ""626610""}"
"2026-04-20T16:28:05.930Z","ip-10-236-38-105","wesco-sapi-lucidworks-dr","queryParams to partSearch: { ""start"": ""0"", ""rows"": ""5"", ""q"": ""FH-SOC AND shipLocation_s:11305 AND businessUnit_s:Accu-Tech"", ""userName_s"": ""313507"", ""refNum_s"": ""626888""}"
"2026-04-20T16:12:54.089Z","ip-10-236-38-105","wesco-sapi-lucidworks-dr","queryParams to partSearch: { ""start"": ""0"", ""rows"": ""100"", ""q"": ""wmpv45e* AND salesLocation_s:62530 AND shipLocation_s:15642 AND customerAccount_s:AC0159-7310 AND businessUnit_s:Accu-Tech"", ""userName_s"": ""Billy Caine"", ""refNum_s"": """"}"
"2026-04-20T15:56:30.273Z","ip-10-236-38-105","wesco-sapi-lucidworks-dr","queryParams to partSearch: { ""start"": ""0"", ""rows"": ""5"", ""q"": ""cch-cp24 AND shipLocation_s:14802 AND businessUnit_s:Accu-Tech"", ""userName_s"": ""326020"", ""refNum_s"": ""626705""}"
"2026-04-20T15:52:46.413Z","ip-10-236-38-105","wesco-sapi-lucidworks-dr","queryParams to partSearch: { ""start"": ""0"", ""rows"": ""5"", ""q"": ""UTP28X7 AND businessUnit_s:Accu-Tech"", ""userName_s"": ""208904"", ""refNum_s"": """"}"
"2026-04-20T15:24:07.705Z","ip-10-236-38-105","wesco-sapi-lucidworks-dr","queryParams to partSearch: { ""start"": ""0"", ""rows"": ""5"", ""q"": ""ACP-AR3150B2 AND shipLocation_s:13002 AND businessUnit_s:Accu-Tech"", ""userName_s"": ""316046"", ""refNum_s"": ""626630""}"
"2026-04-20T15:23:14.550Z","ip-10-236-38-105","wesco-sapi-lucidworks-dr","queryParams to partSearch: { ""start"": ""0"", ""rows"": ""5"", ""q"": ""ss2009po-em AND shipLocation_s:16043 AND businessUnit_s:Accu-Tech"", ""userName_s"": ""209739"", ""refNum_s"": ""626780""}"
"2026-04-20T15:20:44.158Z","ip-10-236-38-105","wesco-sapi-lucidworks-dr","queryParams to partSearch: { ""start"": ""0"", ""rows"": ""100"", ""q"": ""10136753* AND businessUnit_s:Accu-Tech AND shipLocation_s:14611 AND advancedPartSearch:Y AND businessUnit_s:Accu-Tech"", ""userName_s"": """", ""refNum_s"": ""100012447""}"
"2026-04-20T15:08:27.993Z","ip-10-236-36-220","wesco-sapi-lucidworks-dr","queryParams to partSearch: { ""start"": ""0"", ""rows"": ""100"", ""q"": ""J61390* AND salesLocation_s:61171 AND shipLocation_s:12402 AND customerAccount_s:AC0001-5961 AND dcLocation_s:7302 AND businessUnit_s:WESCO"", ""userName_s"": ""Danny Jenkins"", ""refNum_s"": """"}"
"2026-04-20T14:38:39.294Z","ip-10-236-36-220","wesco-sapi-lucidworks-dr","queryParams to partSearch: { ""start"": ""0"", ""rows"": ""5"", ""q"": ""50 AND shipLocation_s:12304 AND businessUnit_s:Accu-Tech"", ""userName_s"": ""308638"", ""refNum_s"": ""626707""}"
"2026-04-20T14:33:06.352Z","ip-10-236-36-220","wesco-sapi-lucidworks-dr","queryParams to partSearch: { ""start"": ""0"", ""rows"": ""5"", ""q"": ""9c6p4-e3-06-ra AND shipLocation_s:16023 AND businessUnit_s:Accu-Tech"", ""userName_s"": ""326749"", ""refNum_s"": ""626694""}"
"2026-04-20T14:23:57.104Z","ip-10-236-36-220","wesco-sapi-lucidworks-dr","queryParams to partSearch: { ""start"": ""0"", ""rows"": ""5"", ""q"": ""DST-30 AND shipLocation_s:11411 AND businessUnit_s:Accu-Tech"", ""userName_s"": ""336274"", ""refNum_s"": ""611812""}"
"2026-04-20T14:21:08.281Z","ip-10-236-38-105","wesco-sapi-lucidworks-dr","queryParams to partSearch: { ""start"": ""0"", ""rows"": ""5"", ""q"": ""CO AND shipLocation_s:12114 AND businessUnit_s:Accu-Tech"", ""userName_s"": ""235882"", ""refNum_s"": ""626672""}"
"2026-04-20T13:50:42.071Z","ip-10-236-36-220","wesco-sapi-lucidworks-dr","queryParams to partSearch: { ""start"": ""0"", ""rows"": ""100"", ""q"": ""ac-a12-68* AND businessUnit_s:Accu-Tech AND shipLocation_s:14506 AND advancedPartSearch:Y AND businessUnit_s:Accu-Tech"", ""userName_s"": """", ""refNum_s"": ""100012447""}"
"2026-04-20T13:16:15.460Z","ip-10-236-38-105","wesco-sapi-lucidworks-dr","queryParams to partSearch: { ""start"": ""0"", ""rows"": ""100"", ""q"": ""CCHCS06A9P00RE* AND salesLocation_s:62530 AND shipLocation_s:15642 AND customerAccount_s:AC0158-5281 AND businessUnit_s:Accu-Tech"", ""userName_s"": ""Billy Caine"", ""refNum_s"": """"}"
"2026-04-20T13:11:49.987Z","ip-10-236-36-220","wesco-sapi-lucidworks-dr","queryParams to partSearch: { ""start"": ""0"", ""rows"": ""5"", ""q"": ""xnp AND shipLocation_s:16023 AND businessUnit_s:Accu-Tech"", ""userName_s"": ""326749"", ""refNum_s"": ""626574""}"
"2026-04-20T12:54:38.425Z","ip-10-236-36-220","wesco-sapi-lucidworks-dr","queryParams to partSearch: { ""start"": ""0"", ""rows"": ""5"", ""q"": ""AX102282 AND shipLocation_s:13002 AND businessUnit_s:Accu-Tech"", ""userName_s"": ""316046"", ""refNum_s"": ""626547""}"
"2026-04-20T12:31:46.451Z","ip-10-236-36-220","wesco-sapi-lucidworks-dr","queryParams to partSearch: { ""start"": ""0"", ""rows"": ""5"", ""q"": ""c-hm AND shipLocation_s:14611 AND businessUnit_s:Accu-Tech"", ""userName_s"": ""303596"", ""refNum_s"": ""626518""}"
"2026-04-20T12:29:33.542Z","ip-10-236-36-220","wesco-sapi-lucidworks-dr","queryParams to partSearch: { ""start"": ""0"", ""rows"": ""5"", ""q"": ""cch-cp24-a AND shipLocation_s:14802 AND businessUnit_s:Accu-Tech"", ""userName_s"": ""326020"", ""refNum_s"": ""626515""}"
"2026-04-20T12:07:07.569Z","ip-10-236-36-220","wesco-sapi-lucidworks-dr","queryParams to partSearch: { ""start"": ""0"", ""rows"": ""5"", ""q"": ""80781 AND shipLocation_s:12908 AND businessUnit_s:Accu-Tech"", ""userName_s"": ""321469"", ""refNum_s"": ""626498""}"
"2026-04-20T09:55:14.389Z","ip-10-236-38-105","wesco-sapi-lucidworks-dr","queryParams to partSearch: { ""start"": ""0"", ""rows"": ""5"", ""q"": ""cat12hp AND shipLocation_s:13429 AND businessUnit_s:Accu-Tech"", ""userName_s"": ""307614"", ""refNum_s"": ""626482""}"
"2026-04-19T16:17:58.179Z","ip-10-236-36-220","wesco-sapi-lucidworks-dr","queryParams to partSearch: { ""start"": ""0"", ""rows"": ""100"", ""q"": ""NK6PPG48Y* AND salesLocation_s:62395 AND shipLocation_s:12702 AND customerAccount_s:AC0158-3408 AND businessUnit_s:Accu-Tech"", ""userName_s"": ""Melissa Saul"", ""refNum_s"": """"}"
"2026-04-19T15:24:28.254Z","ip-10-236-36-220","wesco-sapi-lucidworks-dr","queryParams to partSearch: { ""start"": ""0"", ""rows"": ""100"", ""q"": ""7131106* AND salesLocation_s:62395 AND shipLocation_s:12702 AND customerAccount_s:AC0158-3408 AND businessUnit_s:Accu-Tech"", ""userName_s"": ""Melissa Saul"", ""refNum_s"": """"}"
"2026-04-19T12:16:28.745Z","ip-10-236-38-105","wesco-sapi-lucidworks-dr","queryParams to partSearch: { ""start"": ""0"", ""rows"": ""100"", ""q"": ""RV6MJKSME-S1* AND salesLocation_s:62395 AND shipLocation_s:12702 AND customerAccount_s:AC0186-0120 AND businessUnit_s:Accu-Tech"", ""userName_s"": ""Amanda Wyckoff"", ""refNum_s"": """"}"
"2026-04-18T17:43:38.371Z","ip-10-236-38-105","wesco-sapi-lucidworks-dr","queryParams to partSearch: { ""start"": ""0"", ""rows"": ""100"", ""q"": ""/DAN16075G* AND salesLocation_s:61171 AND shipLocation_s:12402 AND customerAccount_s:AC0001-5961 AND dcLocation_s:7302 AND businessUnit_s:WESCO"", ""userName_s"": ""Danny Jenkins"", ""refNum_s"": """"}"
"2026-04-17T22:09:18.555Z","ip-10-236-36-220","wesco-sapi-lucidworks-dr","queryParams to partSearch: { ""start"": ""0"", ""rows"": ""5"", ""q"": ""FOSC450-D6-6-NT-0-D6V AND shipLocation_s:16041 AND businessUnit_s:Accu-Tech"", ""userName_s"": ""313089"", ""refNum_s"": ""626417""}"
"2026-04-17T21:16:44.320Z","ip-10-236-38-105","wesco-sapi-lucidworks-dr","queryParams to partSearch: { ""start"": ""0"", ""rows"": ""5"", ""q"": ""GEORGE RISK SURF AND shipLocation_s:12114 AND businessUnit_s:Accu-Tech"", ""userName_s"": ""235882"", ""refNum_s"": ""626372""}"
"2026-04-17T20:44:28.510Z","ip-10-236-38-105","wesco-sapi-lucidworks-dr","queryParams to partSearch: { ""start"": ""0"", ""rows"": ""5"", ""q"": ""uxp AND shipLocation_s:11305 AND businessUnit_s:Accu-Tech"", ""userName_s"": ""337844"", ""refNum_s"": ""626349""}"
"2026-04-17T20:41:48.214Z","ip-10-236-38-105","wesco-sapi-lucidworks-dr","queryParams to partSearch: { ""start"": ""0"", ""rows"": ""5"", ""q"": ""760139 AND shipLocation_s:12601 AND businessUnit_s:Accu-Tech"", ""userName_s"": ""219448"", ""refNum_s"": ""626335""}"
"2026-04-17T20:40:51.422Z","ip-10-236-38-105","wesco-sapi-lucidworks-dr","queryParams to partSearch: { ""start"": ""0"", ""rows"": ""5"", ""q"": ""31090 AND shipLocation_s:16043 AND businessUnit_s:Accu-Tech"", ""userName_s"": ""209739"", ""refNum_s"": ""626344""}"
"2026-04-17T20:40:03.012Z","ip-10-236-38-105","wesco-sapi-lucidworks-dr","queryParams to partSearch: { ""start"": ""0"", ""rows"": ""5"", ""q"": ""403 AND shipLocation_s:14506 AND businessUnit_s:Accu-Tech"", ""userName_s"": ""209989"", ""refNum_s"": ""626347""}"
"2026-04-17T20:09:27.909Z","ip-10-236-38-105","wesco-sapi-lucidworks-dr","queryParams to partSearch: { ""start"": ""0"", ""rows"": ""5"", ""q"": ""cj688 AND shipLocation_s:14506 AND businessUnit_s:Accu-Tech"", ""userName_s"": ""209989"", ""refNum_s"": ""626316""}"
"2026-04-17T19:42:51.735Z","ip-10-236-36-220","wesco-sapi-lucidworks-dr","queryParams to partSearch: { ""start"": ""0"", ""rows"": ""100"", ""q"": ""KSFP8-88* AND salesLocation_s:62399 AND shipLocation_s:15812 AND customerAccount_s:AC0159-6424 AND businessUnit_s:Accu-Tech"", ""userName_s"": ""Dennis Donegan"", ""refNum_s"": """"}"
"2026-04-17T19:36:42.841Z","ip-10-236-36-220","wesco-sapi-lucidworks-dr","queryParams to partSearch: { ""start"": ""0"", ""rows"": ""5"", ""q"": ""CG42529 AND businessUnit_s:Accu-Tech"", ""userName_s"": ""306666"", ""refNum_s"": ""579461""}"
"2026-04-17T19:35:42.338Z","ip-10-236-36-220","wesco-sapi-lucidworks-dr","queryParams to partSearch: { ""start"": ""0"", ""rows"": ""100"", ""q"": ""cfp4s* AND businessUnit_s:Accu-Tech AND shipLocation_s:13603 AND advancedPartSearch:Y AND businessUnit_s:Accu-Tech"", ""userName_s"": """", ""refNum_s"": ""100012447""}"
"2026-04-17T19:28:23.699Z","ip-10-236-36-220","wesco-sapi-lucidworks-dr","queryParams to partSearch: { ""start"": ""0"", ""rows"": ""5"", ""q"": ""10GXW13 AND shipLocation_s:11726 AND businessUnit_s:Accu-Tech"", ""userName_s"": ""331169"", ""refNum_s"": ""626246""}"
"2026-04-17T19:25:38.370Z","ip-10-236-38-105","wesco-sapi-lucidworks-dr","queryParams to partSearch: { ""start"": ""0"", ""rows"": ""5"", ""q"": ""S45-1700 AND shipLocation_s:16043 AND businessUnit_s:Accu-Tech"", ""userName_s"": ""325146"", ""refNum_s"": ""626258""}"
"2026-04-17T19:24:56.848Z","ip-10-236-38-105","wesco-sapi-lucidworks-dr","queryParams to partSearch: { ""start"": ""0"", ""rows"": ""100"", ""q"": ""1921-10* AND salesLocation_s:61082 AND shipLocation_s:16009 AND customerAccount_s:AC0155-5833 AND dcLocation_s:5689 AND businessUnit_s:WESCO"", ""userName_s"": ""Nate Archer"", ""refNum_s"": """"}"
"2026-04-17T19:23:16.102Z","ip-10-236-38-105","wesco-sapi-lucidworks-dr","queryParams to partSearch: { ""start"": ""0"", ""rows"": ""5"", ""q"": ""FSKP924 AND shipLocation_s:15642 AND businessUnit_s:Accu-Tech"", ""userName_s"": ""301951"", ""refNum_s"": ""626144""}"
"2026-04-17T19:20:35.738Z","ip-10-236-36-220","wesco-sapi-lucidworks-dr","queryParams to partSearch: { ""start"": ""0"", ""rows"": ""5"", ""q"": ""WCH-02P AND shipLocation_s:14112 AND businessUnit_s:Accu-Tech"", ""userName_s"": ""221887"", ""refNum_s"": ""626255""}"
"2026-04-17T19:17:01.758Z","ip-10-236-38-105","wesco-sapi-lucidworks-dr","queryParams to partSearch: { ""start"": ""0"", ""rows"": ""100"", ""q"": ""cch-01u* AND salesLocation_s:62474 AND shipLocation_s:13417 AND customerAccount_s:AC0158-6386 AND businessUnit_s:Accu-Tech"", ""userName_s"": ""Kelly Szymanski"", ""refNum_s"": """"}"
"2026-04-17T19:14:53.838Z","ip-10-236-36-220","wesco-sapi-lucidworks-dr","queryParams to partSearch: { ""start"": ""0"", ""rows"": ""5"", ""q"": ""11140628 AND shipLocation_s:12908 AND businessUnit_s:Accu-Tech"", ""userName_s"": ""321469"", ""refNum_s"": ""626244""}"
"2026-04-17T19:06:22.430Z","ip-10-236-38-105","wesco-sapi-lucidworks-dr","queryParams to partSearch: { ""start"": ""0"", ""rows"": ""5"", ""q"": ""012 AND shipLocation_s:14112 AND businessUnit_s:Accu-Tech"", ""userName_s"": ""221887"", ""refNum_s"": ""625156""}"
"2026-04-17T18:48:15.063Z","ip-10-236-38-105","wesco-sapi-lucidworks-dr","queryParams to partSearch: { ""start"": ""0"", ""rows"": ""100"", ""q"": ""blank ivory* AND salesLocation_s:61997 AND shipLocation_s:12114 AND customerAccount_s:AC0158-0346 AND businessUnit_s:Accu-Tech"", ""userName_s"": ""Ignacio Torres"", ""refNum_s"": """"}"
"2026-04-17T18:46:04.518Z","ip-10-236-36-220","wesco-sapi-lucidworks-dr","queryParams to partSearch: { ""start"": ""0"", ""rows"": ""5"", ""q"": ""202010J AND shipLocation_s:15428 AND businessUnit_s:Accu-Tech"", ""userName_s"": ""337277"", ""refNum_s"": ""626187""}"
"2026-04-17T18:46:03.026Z","ip-10-236-38-105","wesco-sapi-lucidworks-dr","queryParams to partSearch: { ""start"": ""0"", ""rows"": ""5"", ""q"": ""304-J2636/2P/WH AND shipLocation_s:11726 AND businessUnit_s:Accu-Tech"", ""userName_s"": ""329125"", ""refNum_s"": ""626179""}"
"2026-04-17T18:41:21.315Z","ip-10-236-36-220","wesco-sapi-lucidworks-dr","queryParams to partSearch: { ""start"": ""0"", ""rows"": ""5"", ""q"": ""AC1051RC20 AND businessUnit_s:Accu-Tech"", ""userName_s"": ""311205"", ""refNum_s"": """"}"
"2026-04-17T18:37:24.435Z","ip-10-236-36-220","wesco-sapi-lucidworks-dr","queryParams to partSearch: { ""start"": ""0"", ""rows"": ""100"", ""q"": ""61110-rv6* AND salesLocation_s:61960 AND shipLocation_s:16043 AND customerAccount_s:AC0158-4848 AND businessUnit_s:Accu-Tech"", ""userName_s"": ""Alton Balentine"", ""refNum_s"": """"}"
"2026-04-17T18:36:18.783Z","ip-10-236-36-220","wesco-sapi-lucidworks-dr","queryParams to partSearch: { ""start"": ""0"", ""rows"": ""5"", ""q"": ""2030021 AND shipLocation_s:13603 AND businessUnit_s:Accu-Tech"", ""userName_s"": ""236163"", ""refNum_s"": ""626107""}"
"2026-04-17T18:35:29.830Z","ip-10-236-38-105","wesco-sapi-lucidworks-dr","queryParams to partSearch: { ""start"": ""0"", ""rows"": ""5"", ""q"": ""cch-cp6 AND shipLocation_s:16023 AND businessUnit_s:Accu-Tech"", ""userName_s"": ""312371"", ""refNum_s"": ""626170""}"
"2026-04-17T18:27:01.683Z","ip-10-236-38-105","wesco-sapi-lucidworks-dr","queryParams to partSearch: { ""start"": ""0"", ""rows"": ""5"", ""q"": ""ce-vxw AND businessUnit_s:Accu-Tech"", ""userName_s"": ""313507"", ""refNum_s"": """"}"
"2026-04-17T18:25:33.117Z","ip-10-236-36-220","wesco-sapi-lucidworks-dr","queryParams to partSearch: { ""start"": ""0"", ""rows"": ""5"", ""q"": ""WSP61G1PS AND shipLocation_s:16043 AND businessUnit_s:Accu-Tech"", ""userName_s"": ""209739"", ""refNum_s"": ""625287""}"
"2026-04-17T18:25:02.554Z","ip-10-236-38-105","wesco-sapi-lucidworks-dr","queryParams to partSearch: { ""start"": ""0"", ""rows"": ""5"", ""q"": ""42100009 AND shipLocation_s:15812 AND businessUnit_s:Accu-Tech"", ""userName_s"": ""321886"", ""refNum_s"": ""626138""}"
"2026-04-17T18:22:57.620Z","ip-10-236-38-105","wesco-sapi-lucidworks-dr","queryParams to partSearch: { ""start"": ""0"", ""rows"": ""5"", ""q"": ""40300549-88 AND shipLocation_s:15812 AND businessUnit_s:Accu-Tech"", ""userName_s"": ""321886"", ""refNum_s"": ""626138""}"
"2026-04-17T18:20:20.368Z","ip-10-236-36-220","wesco-sapi-lucidworks-dr","queryParams to partSearch: { ""start"": ""0"", ""rows"": ""100"", ""q"": ""T00028105* AND businessUnit_s:Accu-Tech AND shipLocation_s:12702 AND advancedPartSearch:Y AND businessUnit_s:Accu-Tech"", ""userName_s"": """", ""refNum_s"": ""100012447""}"
"2026-04-17T18:17:54.419Z","ip-10-236-38-105","wesco-sapi-lucidworks-dr","queryParams to partSearch: { ""start"": ""0"", ""rows"": ""100"", ""q"": ""cch-02u* AND salesLocation_s:62747 AND shipLocation_s:11411 AND customerAccount_s:AC0158-7691 AND businessUnit_s:Accu-Tech"", ""userName_s"": ""Thomas Cousins"", ""refNum_s"": """"}"
"2026-04-17T18:17:35.892Z","ip-10-236-36-220","wesco-sapi-lucidworks-dr","queryParams to partSearch: { ""start"": ""0"", ""rows"": ""100"", ""q"": ""BE3523Y35* AND salesLocation_s:61082 AND shipLocation_s:16009 AND customerAccount_s:AC0064-1984 AND dcLocation_s:5689 AND businessUnit_s:WESCO"", ""userName_s"": ""James Janak"", ""refNum_s"": """"}"
"2026-04-17T18:16:38.733Z","ip-10-236-36-220","wesco-sapi-lucidworks-dr","queryParams to partSearch: { ""start"": ""0"", ""rows"": ""100"", ""q"": ""604669139* AND salesLocation_s:61171 AND shipLocation_s:12402 AND customerAccount_s:AC0001-5961 AND dcLocation_s:7302 AND businessUnit_s:WESCO"", ""userName_s"": ""Danny Jenkins"", ""refNum_s"": """"}"
"2026-04-17T18:00:22.185Z","ip-10-236-36-220","wesco-sapi-lucidworks-dr","queryParams to partSearch: { ""start"": ""0"", ""rows"": ""100"", ""q"": ""66-240-2b* AND salesLocation_s:62395 AND shipLocation_s:12702 AND customerAccount_s:AC0186-3068 AND businessUnit_s:Accu-Tech"", ""userName_s"": ""Melissa Saul"", ""refNum_s"": """"}"
"2026-04-17T17:57:19.113Z","ip-10-236-36-220","wesco-sapi-lucidworks-dr","queryParams to partSearch: { ""start"": ""0"", ""rows"": ""5"", ""q"": ""cp653-2 AND shipLocation_s:16023 AND businessUnit_s:Accu-Tech"", ""userName_s"": ""208907"", ""refNum_s"": ""625934""}"
"2026-04-17T17:57:15.397Z","ip-10-236-36-220","wesco-sapi-lucidworks-dr","queryParams to partSearch: { ""start"": ""0"", ""rows"": ""5"", ""q"": ""236323 AND shipLocation_s:16023 AND businessUnit_s:Accu-Tech"", ""userName_s"": ""208907"", ""refNum_s"": ""625934""}"
"2026-04-17T17:40:10.822Z","ip-10-236-36-220","wesco-sapi-lucidworks-dr","queryParams to partSearch: { ""start"": ""0"", ""rows"": ""5"", ""q"": ""3109 AND shipLocation_s:16023 AND businessUnit_s:Accu-Tech"", ""userName_s"": ""208907"", ""refNum_s"": ""625934""}"
"2026-04-17T17:17:01.681Z","ip-10-236-38-105","wesco-sapi-lucidworks-dr","queryParams to partSearch: { ""start"": ""0"", ""rows"": ""100"", ""q"": ""kssmb2* AND salesLocation_s:62474 AND shipLocation_s:13417 AND customerAccount_s:AC0158-6317 AND businessUnit_s:Accu-Tech"", ""userName_s"": ""Kelly Szymanski"", ""refNum_s"": """"}"
"2026-04-17T17:08:40.015Z","ip-10-236-38-105","wesco-sapi-lucidworks-dr","queryParams to partSearch: { ""start"": ""0"", ""rows"": ""100"", ""q"": ""AX101321* AND businessUnit_s:Accu-Tech AND shipLocation_s:11726 AND advancedPartSearch:Y AND businessUnit_s:Accu-Tech"", ""userName_s"": """", ""refNum_s"": ""100012447""}"
"2026-04-17T17:06:07.954Z","ip-10-236-36-220","wesco-sapi-lucidworks-dr","queryParams to partSearch: { ""start"": ""0"", ""rows"": ""100"", ""q"": ""SRM19FM1* AND salesLocation_s:62747 AND shipLocation_s:11411 AND customerAccount_s:AC0159-1043 AND businessUnit_s:Accu-Tech"", ""userName_s"": ""Thomas Cousins"", ""refNum_s"": """"}"
"2026-04-17T17:03:51.487Z","ip-10-236-38-105","wesco-sapi-lucidworks-dr","queryParams to partSearch: { ""start"": ""0"", ""rows"": ""100"", ""q"": ""11141650* AND businessUnit_s:Accu-Tech AND shipLocation_s:15642 AND advancedPartSearch:Y AND businessUnit_s:Accu-Tech"", ""userName_s"": """", ""refNum_s"": ""100012447""}"
"2026-04-17T16:49:27.940Z","ip-10-236-38-105","wesco-sapi-lucidworks-dr","queryParams to partSearch: { ""start"": ""0"", ""rows"": ""100"", ""q"": ""66353-703* AND salesLocation_s:62473 AND shipLocation_s:13429 AND customerAccount_s:AC0161-9568 AND businessUnit_s:Accu-Tech"", ""userName_s"": ""John-Riley Hathcock"", ""refNum_s"": """"}"
"2026-04-17T16:45:49.516Z","ip-10-236-38-105","wesco-sapi-lucidworks-dr","queryParams to partSearch: { ""start"": ""0"", ""rows"": ""5"", ""q"": ""cat33 AND shipLocation_s:12601 AND businessUnit_s:Accu-Tech"", ""userName_s"": ""334092"", ""refNum_s"": ""625999""}"
"2026-04-17T16:39:24.775Z","ip-10-236-36-220","wesco-sapi-lucidworks-dr","queryParams to partSearch: { ""start"": ""0"", ""rows"": ""100"", ""q"": ""HDWR-GRND-KIT* AND businessUnit_s:Accu-Tech AND shipLocation_s:12114 AND advancedPartSearch:Y AND businessUnit_s:Accu-Tech"", ""userName_s"": """", ""refNum_s"": ""100012447""}"
"2026-04-17T16:33:26.484Z","ip-10-236-38-105","wesco-sapi-lucidworks-dr","queryParams to partSearch: { ""start"": ""0"", ""rows"": ""5"", ""q"": ""V06-0L1-003-55L AND shipLocation_s:14509 AND businessUnit_s:Accu-Tech"", ""userName_s"": ""226055"", ""refNum_s"": ""625930""}"
"2026-04-17T16:10:24.441Z","ip-10-236-38-105","wesco-sapi-lucidworks-dr","queryParams to partSearch: { ""start"": ""0"", ""rows"": ""5"", ""q"": ""024E8P-31131-29 AND shipLocation_s:15609 AND businessUnit_s:Accu-Tech"", ""userName_s"": ""234627"", ""refNum_s"": ""623907""}"
"2026-04-17T16:06:31.427Z","ip-10-236-36-220","wesco-sapi-lucidworks-dr","queryParams to partSearch: { ""start"": ""0"", ""rows"": ""5"", ""q"": ""fanbt25-12 AND shipLocation_s:11411 AND businessUnit_s:Accu-Tech"", ""userName_s"": ""336136"", ""refNum_s"": ""625944""}"
"2026-04-17T15:52:14.856Z","ip-10-236-38-105","wesco-sapi-lucidworks-dr","queryParams to partSearch: { ""start"": ""0"", ""rows"": ""5"", ""q"": ""C601108010 AND businessUnit_s:Accu-Tech"", ""userName_s"": ""313507"", ""refNum_s"": """"}"
"2026-04-17T15:49:28.610Z","ip-10-236-38-105","wesco-sapi-lucidworks-dr","queryParams to partSearch: { ""start"": ""0"", ""rows"": ""100"", ""q"": ""11275-718* AND businessUnit_s:Accu-Tech AND shipLocation_s:11102 AND advancedPartSearch:Y AND businessUnit_s:Accu-Tech"", ""userName_s"": """", ""refNum_s"": ""100012447""}"
"2026-04-17T15:43:43.113Z","ip-10-236-36-220","wesco-sapi-lucidworks-dr","queryParams to partSearch: { ""start"": ""0"", ""rows"": ""100"", ""q"": ""006T88* AND salesLocation_s:62397 AND shipLocation_s:14810 AND customerAccount_s:AC0186-3068 AND businessUnit_s:Accu-Tech"", ""userName_s"": ""Camden Lee"", ""refNum_s"": """"}"
"2026-04-17T15:40:19.576Z","ip-10-236-36-220","wesco-sapi-lucidworks-dr","queryParams to partSearch: { ""start"": ""0"", ""rows"": ""5"", ""q"": ""YA6C2L AND shipLocation_s:11726 AND businessUnit_s:Accu-Tech"", ""userName_s"": ""329125"", ""refNum_s"": ""625892""}"
"2026-04-17T15:36:07.615Z","ip-10-236-38-105","wesco-sapi-lucidworks-dr","queryParams to partSearch: { ""start"": ""0"", ""rows"": ""5"", ""q"": ""rvamjk AND shipLocation_s:14802 AND businessUnit_s:Accu-Tech"", ""userName_s"": ""208873"", ""refNum_s"": ""625885""}"
"2026-04-17T15:29:09.482Z","ip-10-236-38-105","wesco-sapi-lucidworks-dr","queryParams to partSearch: { ""start"": ""0"", ""rows"": ""5"", ""q"": ""ICA12-50JPLLR AND shipLocation_s:12304 AND businessUnit_s:Accu-Tech"", ""userName_s"": ""233642"", ""refNum_s"": ""625830""}"
"2026-04-17T15:17:10.412Z","ip-10-236-36-220","wesco-sapi-lucidworks-dr","queryParams to partSearch: { ""start"": ""0"", ""rows"": ""5"", ""q"": ""flex-plate AND businessUnit_s:Accu-Tech"", ""userName_s"": ""216112"", ""refNum_s"": """"}"
"2026-04-17T15:17:04.312Z","ip-10-236-38-105","wesco-sapi-lucidworks-dr","queryParams to partSearch: { ""start"": ""0"", ""rows"": ""5"", ""q"": ""810 AND shipLocation_s:16023 AND businessUnit_s:Accu-Tech"", ""userName_s"": ""208907"", ""refNum_s"": ""625421""}"
"2026-04-17T15:16:14.321Z","ip-10-236-36-220","wesco-sapi-lucidworks-dr","queryParams to partSearch: { ""start"": ""0"", ""rows"": ""5"", ""q"": ""ADXV-H-CHC-88-UL AND shipLocation_s:12304 AND businessUnit_s:Accu-Tech"", ""userName_s"": ""233642"", ""refNum_s"": ""625830""}"
"2026-04-17T15:15:30.475Z","ip-10-236-36-220","wesco-sapi-lucidworks-dr","queryParams to partSearch: { ""start"": ""0"", ""rows"": ""5"", ""q"": ""FLEX1U06 AND businessUnit_s:Accu-Tech"", ""userName_s"": ""216112"", ""refNum_s"": """"}"
"2026-04-17T15:02:54.856Z","ip-10-236-36-220","wesco-sapi-lucidworks-dr","queryParams to partSearch: { ""start"": ""0"", ""rows"": ""5"", ""q"": ""tj6a AND shipLocation_s:15642 AND businessUnit_s:Accu-Tech"", ""userName_s"": ""208850"", ""refNum_s"": ""625816""}"
"2026-04-17T14:57:16.175Z","ip-10-236-38-105","wesco-sapi-lucidworks-dr","queryParams to partSearch: { ""start"": ""0"", ""rows"": ""100"", ""q"": ""6a-272-eb* AND businessUnit_s:Accu-Tech AND shipLocation_s:15625 AND advancedPartSearch:Y AND businessUnit_s:Accu-Tech"", ""userName_s"": """", ""refNum_s"": ""100012447""}"
"2026-04-17T14:54:17.736Z","ip-10-236-38-105","wesco-sapi-lucidworks-dr","queryParams to partSearch: { ""start"": ""0"", ""rows"": ""5"", ""q"": ""P-012-DS-5K-FSUYL AND shipLocation_s:13429 AND businessUnit_s:Accu-Tech"", ""userName_s"": ""324609"", ""refNum_s"": ""625771""}"
"2026-04-17T14:52:35.241Z","ip-10-236-38-105","wesco-sapi-lucidworks-dr","queryParams to partSearch: { ""start"": ""0"", ""rows"": ""5"", ""q"": ""ltsb12blk AND shipLocation_s:14506 AND businessUnit_s:Accu-Tech"", ""userName_s"": ""209989"", ""refNum_s"": ""625801""}"
"2026-04-17T14:48:14.984Z","ip-10-236-38-105","wesco-sapi-lucidworks-dr","queryParams to partSearch: { ""start"": ""0"", ""rows"": ""5"", ""q"": ""760248 AND shipLocation_s:13603 AND businessUnit_s:Accu-Tech"", ""userName_s"": ""236163"", ""refNum_s"": ""625792""}"
"2026-04-17T14:41:50.168Z","ip-10-236-38-105","wesco-sapi-lucidworks-dr","queryParams to partSearch: { ""start"": ""0"", ""rows"": ""5"", ""q"": ""7133800 AND shipLocation_s:15642 AND businessUnit_s:Accu-Tech"", ""userName_s"": ""233931"", ""refNum_s"": ""625764""}"
"2026-04-17T14:38:37.820Z","ip-10-236-38-105","wesco-sapi-lucidworks-dr","queryParams to partSearch: { ""start"": ""0"", ""rows"": ""5"", ""q"": ""SPKSU48 AND shipLocation_s:14205 AND businessUnit_s:Accu-Tech"", ""userName_s"": ""230516"", ""refNum_s"": ""625762""}"
"2026-04-17T14:17:33.162Z","ip-10-236-36-220","wesco-sapi-lucidworks-dr","queryParams to partSearch: { ""start"": ""0"", ""rows"": ""100"", ""q"": ""F-RLF1JKT-12-2X-864-E7* AND businessUnit_s:Accu-Tech AND shipLocation_s:12702 AND advancedPartSearch:Y AND businessUnit_s:Accu-Tech"", ""userName_s"": """", ""refNum_s"": ""100012447""}"
"2026-04-17T14:12:08.025Z","ip-10-236-38-105","wesco-sapi-lucidworks-dr","queryParams to partSearch: { ""start"": ""0"", ""rows"": ""5"", ""q"": ""LRAT- AND shipLocation_s:13417 AND businessUnit_s:Accu-Tech"", ""userName_s"": ""308716"", ""refNum_s"": ""625719""}"
"2026-04-17T13:51:34.212Z","ip-10-236-38-105","wesco-sapi-lucidworks-dr","queryParams to partSearch: { ""start"": ""0"", ""rows"": ""5"", ""q"": ""ZD1R23-3F015 AND shipLocation_s:16043 AND businessUnit_s:Accu-Tech"", ""userName_s"": ""325146"", ""refNum_s"": ""625639""}"
"2026-04-17T13:37:25.770Z","ip-10-236-38-105","wesco-sapi-lucidworks-dr","queryParams to partSearch: { ""start"": ""0"", ""rows"": ""100"", ""q"": ""072E8P-T3131-A3* AND salesLocation_s:61962 AND shipLocation_s:16023 AND customerAccount_s:AC0186-3068 AND businessUnit_s:Accu-Tech"", ""userName_s"": ""Jennie Robinson"", ""refNum_s"": """"}"
"2026-04-17T13:32:38.760Z","ip-10-236-36-220","wesco-sapi-lucidworks-dr","queryParams to partSearch: { ""start"": ""0"", ""rows"": ""5"", ""q"": ""mctp6abi-9-3 AND businessUnit_s:Accu-Tech"", ""userName_s"": ""238367"", ""refNum_s"": """"}"
"2026-04-17T13:23:23.339Z","ip-10-236-38-105","wesco-sapi-lucidworks-dr","queryParams to partSearch: { ""start"": ""0"", ""rows"": ""5"", ""q"": ""012t AND shipLocation_s:14802 AND businessUnit_s:Accu-Tech"", ""userName_s"": ""208873"", ""refNum_s"": ""625640""}"
"2026-04-17T13:18:48.521Z","ip-10-236-36-220","wesco-sapi-lucidworks-dr","queryParams to partSearch: { ""start"": ""0"", ""rows"": ""5"", ""q"": ""clc8t42 AND shipLocation_s:12702 AND businessUnit_s:Accu-Tech"", ""userName_s"": ""213117"", ""refNum_s"": ""625253""}"
"2026-04-17T13:10:02.290Z","ip-10-236-36-220","wesco-sapi-lucidworks-dr","queryParams to partSearch: { ""start"": ""0"", ""rows"": ""100"", ""q"": ""176063* AND salesLocation_s:62474 AND shipLocation_s:13417 AND customerAccount_s:AC0158-6317 AND businessUnit_s:Accu-Tech"", ""userName_s"": ""Kelly Szymanski"", ""refNum_s"": """"}"
"2026-04-17T13:05:19.296Z","ip-10-236-38-105","wesco-sapi-lucidworks-dr","queryParams to partSearch: { ""start"": ""0"", ""rows"": ""5"", ""q"": ""HTK-19-SS-1U AND shipLocation_s:12908 AND businessUnit_s:Accu-Tech"", ""userName_s"": ""321602"", ""refNum_s"": ""625606""}"
"2026-04-17T10:53:01.803Z","ip-10-236-36-220","wesco-sapi-lucidworks-dr","queryParams to partSearch: { ""start"": ""0"", ""rows"": ""100"", ""q"": ""760004333* AND salesLocation_s:62395 AND shipLocation_s:12702 AND customerAccount_s:AC0158-3408 AND businessUnit_s:Accu-Tech"", ""userName_s"": ""James Smythe"", ""refNum_s"": """"}"
"2026-04-17T10:52:33.136Z","ip-10-236-38-105","wesco-sapi-lucidworks-dr","queryParams to partSearch: { ""start"": ""0"", ""rows"": ""5"", ""q"": ""7131800 AND shipLocation_s:14205 AND businessUnit_s:Accu-Tech"", ""userName_s"": ""317857"", ""refNum_s"": ""624590""}"
"2026-04-16T23:29:34.939Z","ip-10-236-38-105","wesco-sapi-lucidworks-dr","queryParams to partSearch: { ""start"": ""0"", ""rows"": ""5"", ""q"": ""60 AND shipLocation_s:11305 AND businessUnit_s:Accu-Tech"", ""userName_s"": ""337844"", ""refNum_s"": ""625491""}"
"2026-04-16T21:57:36.382Z","ip-10-236-38-105","wesco-sapi-lucidworks-dr","queryParams to partSearch: { ""start"": ""0"", ""rows"": ""5"", ""q"": ""USL10G-BK AND shipLocation_s:11411 AND businessUnit_s:Accu-Tech"", ""userName_s"": ""302766"", ""refNum_s"": ""625463""}"
"2026-04-16T21:37:10.297Z","ip-10-236-38-105","wesco-sapi-lucidworks-dr","queryParams to partSearch: { ""start"": ""0"", ""rows"": ""5"", ""q"": ""6H460- AND shipLocation_s:12114 AND businessUnit_s:Accu-Tech"", ""userName_s"": ""235882"", ""refNum_s"": ""625444""}"
"2026-04-16T21:35:10.873Z","ip-10-236-36-220","wesco-sapi-lucidworks-dr","queryParams to partSearch: { ""start"": ""0"", ""rows"": ""5"", ""q"": ""fp- AND shipLocation_s:13603 AND businessUnit_s:Accu-Tech"", ""userName_s"": ""236163"", ""refNum_s"": ""625418""}"
"2026-04-16T21:27:42.580Z","ip-10-236-36-220","wesco-sapi-lucidworks-dr","queryParams to partSearch: { ""start"": ""0"", ""rows"": ""100"", ""q"": ""3145600000* AND salesLocation_s:66708 AND shipLocation_s:12008 AND customerAccount_s:AC0006-8692 AND dcLocation_s:7305 AND businessUnit_s:WESCO"", ""userName_s"": ""Doug Lindsay"", ""refNum_s"": """"}"
"2026-04-16T21:23:47.678Z","ip-10-236-38-105","wesco-sapi-lucidworks-dr","queryParams to partSearch: { ""start"": ""0"", ""rows"": ""5"", ""q"": ""19-21-t18db AND businessUnit_s:Accu-Tech"", ""userName_s"": ""208904"", ""refNum_s"": """"}"
"2026-04-16T21:14:33.047Z","ip-10-236-38-105","wesco-sapi-lucidworks-dr","queryParams to partSearch: { ""start"": ""0"", ""rows"": ""5"", ""q"": ""NK2FWHY AND shipLocation_s:11411 AND businessUnit_s:Accu-Tech"", ""userName_s"": ""337835"", ""refNum_s"": ""625408""}"
"2026-04-16T20:57:06.963Z","ip-10-236-38-105","wesco-sapi-lucidworks-dr","queryParams to partSearch: { ""start"": ""0"", ""rows"": ""5"", ""q"": ""wmpv45e AND shipLocation_s:12304 AND businessUnit_s:Accu-Tech"", ""userName_s"": ""233642"", ""refNum_s"": ""625406""}"
"2026-04-16T20:51:56.539Z","ip-10-236-36-220","wesco-sapi-lucidworks-dr","queryParams to partSearch: { ""start"": ""0"", ""rows"": ""5"", ""q"": ""UNP- AND shipLocation_s:12601 AND businessUnit_s:Accu-Tech"", ""userName_s"": ""224014"", ""refNum_s"": ""625401""}"
"2026-04-16T20:42:53.140Z","ip-10-236-38-105","wesco-sapi-lucidworks-dr","queryParams to partSearch: { ""start"": ""0"", ""rows"": ""5"", ""q"": ""76-10 AND shipLocation_s:15009 AND businessUnit_s:Accu-Tech"", ""userName_s"": ""218875"", ""refNum_s"": ""625386""}"
"2026-04-16T20:41:31.628Z","ip-10-236-38-105","wesco-sapi-lucidworks-dr","queryParams to partSearch: { ""start"": ""0"", ""rows"": ""5"", ""q"": ""nq AND shipLocation_s:14506 AND businessUnit_s:Accu-Tech"", ""userName_s"": ""209989"", ""refNum_s"": ""625311""}"
"2026-04-16T20:41:27.701Z","ip-10-236-38-105","wesco-sapi-lucidworks-dr","queryParams to partSearch: { ""start"": ""0"", ""rows"": ""5"", ""q"": ""AC012J50 AND shipLocation_s:15642 AND businessUnit_s:Accu-Tech"", ""userName_s"": ""301951"", ""refNum_s"": ""625028""}"
"2026-04-16T20:40:32.115Z","ip-10-236-36-220","wesco-sapi-lucidworks-dr","queryParams to partSearch: { ""start"": ""0"", ""rows"": ""5"", ""q"": ""6302ul AND businessUnit_s:Accu-Tech"", ""userName_s"": ""233642"", ""refNum_s"": """"}"
"2026-04-16T20:35:42.468Z","ip-10-236-38-105","wesco-sapi-lucidworks-dr","queryParams to partSearch: { ""start"": ""0"", ""rows"": ""5"", ""q"": ""MB141 AND businessUnit_s:Accu-Tech"", ""userName_s"": ""208739"", ""refNum_s"": ""603794""}"
"2026-04-16T20:34:24.774Z","ip-10-236-36-220","wesco-sapi-lucidworks-dr","queryParams to partSearch: { ""start"": ""0"", ""rows"": ""100"", ""q"": ""53112034* AND salesLocation_s:60627 AND shipLocation_s:14507 AND customerAccount_s:AC0000-3244 AND dcLocation_s:7303 AND businessUnit_s:WESCO"", ""userName_s"": ""Meaghan Reidy"", ""refNum_s"": """"}"
"2026-04-16T20:31:25.861Z","ip-10-236-38-105","wesco-sapi-lucidworks-dr","queryParams to partSearch: { ""start"": ""0"", ""rows"": ""5"", ""q"": ""180-12-W AND shipLocation_s:15819 AND businessUnit_s:Accu-Tech"", ""userName_s"": ""223220"", ""refNum_s"": ""625363""}"
"2026-04-16T20:29:03.839Z","ip-10-236-38-105","wesco-sapi-lucidworks-dr","queryParams to partSearch: { ""start"": ""0"", ""rows"": ""5"", ""q"": ""PDPK006EB3010/25-I/O- AND shipLocation_s:13417 AND businessUnit_s:Accu-Tech"", ""userName_s"": ""234589"", ""refNum_s"": ""625357""}"
"2026-04-16T20:24:31.077Z","ip-10-236-36-220","wesco-sapi-lucidworks-dr","queryParams to partSearch: { ""start"": ""0"", ""rows"": ""5"", ""q"": ""606474 AND shipLocation_s:15416 AND businessUnit_s:Accu-Tech"", ""userName_s"": ""328842"", ""refNum_s"": ""609003""}"
"2026-04-16T20:18:50.016Z","ip-10-236-38-105","wesco-sapi-lucidworks-dr","queryParams to partSearch: { ""start"": ""0"", ""rows"": ""100"", ""q"": ""MC609-06* AND salesLocation_s:62395 AND shipLocation_s:12702 AND customerAccount_s:AC0159-1043 AND businessUnit_s:Accu-Tech"", ""userName_s"": ""Melissa Saul"", ""refNum_s"": """"}"
"2026-04-16T20:12:06.240Z","ip-10-236-36-220","wesco-sapi-lucidworks-dr","queryParams to partSearch: { ""start"": ""0"", ""rows"": ""100"", ""q"": ""7151819* AND businessUnit_s:Accu-Tech AND shipLocation_s:15416 AND advancedPartSearch:Y AND businessUnit_s:Accu-Tech"", ""userName_s"": """", ""refNum_s"": ""100012447""}"
"2026-04-16T19:53:20.116Z","ip-10-236-36-220","wesco-sapi-lucidworks-dr","queryParams to partSearch: { ""start"": ""0"", ""rows"": ""5"", ""q"": ""760054171 AND shipLocation_s:15609 AND businessUnit_s:Accu-Tech"", ""userName_s"": ""226022"", ""refNum_s"": ""625294""}"
"2026-04-16T19:52:39.933Z","ip-10-236-36-220","wesco-sapi-lucidworks-dr","queryParams to partSearch: { ""start"": ""0"", ""rows"": ""5"", ""q"": ""sfp+_module AND shipLocation_s:16011 AND businessUnit_s:Accu-Tech"", ""userName_s"": ""328841"", ""refNum_s"": ""571007""}"
"2026-04-16T19:48:14.596Z","ip-10-236-36-220","wesco-sapi-lucidworks-dr","queryParams to partSearch: { ""start"": ""0"", ""rows"": ""5"", ""q"": ""000412r81 AND shipLocation_s:12908 AND businessUnit_s:Accu-Tech"", ""userName_s"": ""321469"", ""refNum_s"": ""589492""}"
"2026-04-16T19:38:52.593Z","ip-10-236-36-220","wesco-sapi-lucidworks-dr","queryParams to partSearch: { ""start"": ""0"", ""rows"": ""5"", ""q"": ""SM1500RMXL2UTAA AND shipLocation_s:12702 AND businessUnit_s:Accu-Tech"", ""userName_s"": ""227520"", ""refNum_s"": ""625256""}"
"2026-04-16T19:02:02.549Z","ip-10-236-36-220","wesco-sapi-lucidworks-dr","queryParams to partSearch: { ""start"": ""0"", ""rows"": ""100"", ""q"": ""AFNC45-49-4B* AND salesLocation_s:60001 AND shipLocation_s:12619 AND customerAccount_s:AC0001-0852 AND dcLocation_s:7302 AND businessUnit_s:WESCO"", ""userName_s"": ""Alisa Gelinas"", ""refNum_s"": """"}"
"2026-04-16T18:54:49.539Z","ip-10-236-36-220","wesco-sapi-lucidworks-dr","queryParams to partSearch: { ""start"": ""0"", ""rows"": ""100"", ""q"": ""PLK2810D64* AND salesLocation_s:60001 AND shipLocation_s:12619 AND customerAccount_s:AC0001-0852 AND dcLocation_s:7302 AND businessUnit_s:WESCO"", ""userName_s"": ""Alisa Gelinas"", ""refNum_s"": """"}"
"2026-04-16T18:38:23.878Z","ip-10-236-36-220","wesco-sapi-lucidworks-dr","queryParams to partSearch: { ""start"": ""0"", ""rows"": ""5"", ""q"": ""cch-cp12-a AND shipLocation_s:12908 AND businessUnit_s:Accu-Tech"", ""userName_s"": ""321469"", ""refNum_s"": ""625109""}"
"2026-04-16T18:34:40.934Z","ip-10-236-36-220","wesco-sapi-lucidworks-dr","queryParams to partSearch: { ""start"": ""0"", ""rows"": ""100"", ""q"": ""7131100* AND salesLocation_s:61961 AND shipLocation_s:16011 AND customerAccount_s:AC0158-1756 AND businessUnit_s:Accu-Tech"", ""userName_s"": ""Austin Thielges"", ""refNum_s"": """"}"
"2026-04-16T18:29:24.491Z","ip-10-236-38-105","wesco-sapi-lucidworks-dr","queryParams to partSearch: { ""start"": ""0"", ""rows"": ""5"", ""q"": ""JP2SBC50RB-L20 AND shipLocation_s:11726 AND businessUnit_s:Accu-Tech"", ""userName_s"": ""236339"", ""refNum_s"": ""625077""}"
"2026-04-16T18:20:55.492Z","ip-10-236-38-105","wesco-sapi-lucidworks-dr","queryParams to partSearch: { ""start"": ""0"", ""rows"": ""100"", ""q"": ""760248525* AND salesLocation_s:62400 AND shipLocation_s:14112 AND customerAccount_s:AC0197-5434 AND businessUnit_s:Accu-Tech"", ""userName_s"": ""Ewan Pessoa"", ""refNum_s"": """"}"
"2026-04-16T18:18:46.578Z","ip-10-236-36-220","wesco-sapi-lucidworks-dr","queryParams to partSearch: { ""start"": ""0"", ""rows"": ""100"", ""q"": ""24/4* AND salesLocation_s:62396 AND shipLocation_s:14802 AND customerAccount_s:AC0158-2313 AND businessUnit_s:Accu-Tech"", ""userName_s"": ""Jacob Lunsford"", ""refNum_s"": """"}"
"2026-04-16T18:13:13.937Z","ip-10-236-38-105","wesco-sapi-lucidworks-dr","queryParams to partSearch: { ""start"": ""0"", ""rows"": ""5"", ""q"": ""smart1000rm1u AND shipLocation_s:14611 AND businessUnit_s:Accu-Tech"", ""userName_s"": ""226411"", ""refNum_s"": ""607508""}"
"2026-04-16T18:09:11.467Z","ip-10-236-36-220","wesco-sapi-lucidworks-dr","queryParams to partSearch: { ""start"": ""0"", ""rows"": ""5"", ""q"": ""CBX2WH-AY AND businessUnit_s:Accu-Tech"", ""userName_s"": ""235121"", ""refNum_s"": """"}"
"2026-04-16T18:07:30.702Z","ip-10-236-36-220","wesco-sapi-lucidworks-dr","queryParams to partSearch: { ""start"": ""0"", ""rows"": ""5"", ""q"": ""MCTP6I-0-3 AND shipLocation_s:15812 AND businessUnit_s:Accu-Tech"", ""userName_s"": ""216856"", ""refNum_s"": ""625080""}"
"2026-04-16T18:04:30.073Z","ip-10-236-36-220","wesco-sapi-lucidworks-dr","queryParams to partSearch: { ""start"": ""0"", ""rows"": ""5"", ""q"": ""LSS18BLK AND shipLocation_s:11726 AND businessUnit_s:Accu-Tech"", ""userName_s"": ""236339"", ""refNum_s"": ""625077""}"
"2026-04-16T17:58:47.731Z","ip-10-236-36-220","wesco-sapi-lucidworks-dr","queryParams to partSearch: { ""start"": ""0"", ""rows"": ""100"", ""q"": ""black cat6 cmp panduit* AND salesLocation_s:61963 AND shipLocation_s:16041 AND customerAccount_s:AC0186-3068 AND businessUnit_s:Accu-Tech"", ""userName_s"": ""Von Small"", ""refNum_s"": """"}"
"2026-04-16T17:44:26.260Z","ip-10-236-38-105","wesco-sapi-lucidworks-dr","queryParams to partSearch: { ""start"": ""0"", ""rows"": ""5"", ""q"": ""60260740-US7 AND shipLocation_s:15609 AND businessUnit_s:Accu-Tech"", ""userName_s"": ""234627"", ""refNum_s"": ""624958""}"
"2026-04-16T17:39:33.155Z","ip-10-236-38-105","wesco-sapi-lucidworks-dr","queryParams to partSearch: { ""start"": ""0"", ""rows"": ""100"", ""q"": ""ar* AND salesLocation_s:62530 AND shipLocation_s:15642 AND customerAccount_s:AC0186-3068 AND businessUnit_s:Accu-Tech"", ""userName_s"": ""David Hobbs"", ""refNum_s"": """"}"
"2026-04-16T17:37:42.507Z","ip-10-236-36-220","wesco-sapi-lucidworks-dr","queryParams to partSearch: { ""start"": ""0"", ""rows"": ""100"", ""q"": ""40095-703* AND salesLocation_s:62530 AND shipLocation_s:15642 AND customerAccount_s:AC0158-5056 AND businessUnit_s:Accu-Tech"", ""userName_s"": ""Matt Duncan"", ""refNum_s"": """"}"
"2026-04-16T17:35:08.186Z","ip-10-236-36-220","wesco-sapi-lucidworks-dr","queryParams to partSearch: { ""start"": ""0"", ""rows"": ""100"", ""q"": ""5F100-2QL* AND salesLocation_s:62532 AND shipLocation_s:11726 AND customerAccount_s:AC0159-1017 AND businessUnit_s:Accu-Tech"", ""userName_s"": ""Austin Collins"", ""refNum_s"": """"}"
"2026-04-16T17:27:06.037Z","ip-10-236-38-105","wesco-sapi-lucidworks-dr","queryParams to partSearch: { ""start"": ""0"", ""rows"": ""5"", ""q"": ""144ECZ-14101-20 AND shipLocation_s:14509 AND businessUnit_s:Accu-Tech"", ""userName_s"": ""226055"", ""refNum_s"": ""625030""}"
"2026-04-16T17:22:43.241Z","ip-10-236-36-220","wesco-sapi-lucidworks-dr","queryParams to partSearch: { ""start"": ""0"", ""rows"": ""5"", ""q"": ""PEAR_S5491i AND shipLocation_s:12702 AND businessUnit_s:Accu-Tech"", ""userName_s"": ""329313"", ""refNum_s"": ""624877""}"
"2026-04-16T17:22:18.474Z","ip-10-236-36-220","wesco-sapi-lucidworks-dr","queryParams to partSearch: { ""start"": ""0"", ""rows"": ""5"", ""q"": ""SWR-24-22  AND shipLocation_s:16011 AND businessUnit_s:Accu-Tech"", ""userName_s"": ""328501"", ""refNum_s"": ""625023""}"
"2026-04-16T17:22:16.966Z","ip-10-236-36-220","wesco-sapi-lucidworks-dr","queryParams to partSearch: { ""start"": ""0"", ""rows"": ""100"", ""q"": ""phd6au48* AND salesLocation_s:62395 AND shipLocation_s:12702 AND customerAccount_s:AC0194-7020 AND businessUnit_s:Accu-Tech"", ""userName_s"": ""Steve Kurtinitis"", ""refNum_s"": """"}"
"2026-04-16T17:18:10.193Z","ip-10-236-38-105","wesco-sapi-lucidworks-dr","queryParams to partSearch: { ""start"": ""0"", ""rows"": ""5"", ""q"": ""7131107 AND businessUnit_s:Accu-Tech"", ""userName_s"": ""226022"", ""refNum_s"": """"}"
"2026-04-16T16:58:57.812Z","ip-10-236-38-105","wesco-sapi-lucidworks-dr","queryParams to partSearch: { ""start"": ""0"", ""rows"": ""5"", ""q"": ""NEW AND businessUnit_s:Accu-Tech"", ""userName_s"": ""324687"", ""refNum_s"": """"}"
"2026-04-16T16:33:59.071Z","ip-10-236-38-105","wesco-sapi-lucidworks-dr","queryParams to partSearch: { ""start"": ""0"", ""rows"": ""100"", ""q"": ""11302-701* AND salesLocation_s:62746 AND shipLocation_s:15428 AND customerAccount_s:AC0158-9227 AND businessUnit_s:Accu-Tech"", ""userName_s"": ""Robert Bodnar"", ""refNum_s"": """"}"
"2026-04-16T16:07:43.170Z","ip-10-236-36-220","wesco-sapi-lucidworks-dr","queryParams to partSearch: { ""start"": ""0"", ""rows"": ""5"", ""q"": ""2806031-01 AND shipLocation_s:11411 AND businessUnit_s:Accu-Tech"", ""userName_s"": ""228294"", ""refNum_s"": ""624114""}"
"2026-04-16T16:06:17.120Z","ip-10-236-38-105","wesco-sapi-lucidworks-dr","queryParams to partSearch: { ""start"": ""0"", ""rows"": ""5"", ""q"": ""1114 AND shipLocation_s:15812 AND businessUnit_s:Accu-Tech"", ""userName_s"": ""321886"", ""refNum_s"": ""619333""}"
"2026-04-16T16:05:19.934Z","ip-10-236-38-105","wesco-sapi-lucidworks-dr","queryParams to partSearch: { ""start"": ""0"", ""rows"": ""5"", ""q"": ""4901-J48 AND shipLocation_s:13603 AND businessUnit_s:Accu-Tech"", ""userName_s"": ""227835"", ""refNum_s"": ""623393""}"
"2026-04-16T16:02:47.508Z","ip-10-236-36-220","wesco-sapi-lucidworks-dr","queryParams to partSearch: { ""start"": ""0"", ""rows"": ""5"", ""q"": ""49255- AND shipLocation_s:15812 AND businessUnit_s:Accu-Tech"", ""userName_s"": ""321886"", ""refNum_s"": ""619333""}"
"2026-04-16T16:01:37.831Z","ip-10-236-36-220","wesco-sapi-lucidworks-dr","queryParams to partSearch: { ""start"": ""0"", ""rows"": ""100"", ""q"": ""C4XSC664SS* AND salesLocation_s:62395 AND shipLocation_s:12702 AND customerAccount_s:AC0159-8777 AND businessUnit_s:Accu-Tech"", ""userName_s"": ""David Eslin"", ""refNum_s"": """"}"
"2026-04-16T16:01:05.566Z","ip-10-236-36-220","wesco-sapi-lucidworks-dr","queryParams to partSearch: { ""start"": ""0"", ""rows"": ""100"", ""q"": ""AL4RPV-50W-CBAND* AND salesLocation_s:62679 AND shipLocation_s:12908 AND customerAccount_s:AC0162-6815 AND businessUnit_s:Accu-Tech"", ""userName_s"": ""Josh DuFore"", ""refNum_s"": """"}"
"2026-04-16T15:47:00.337Z","ip-10-236-38-105","wesco-sapi-lucidworks-dr","queryParams to partSearch: { ""start"": ""0"", ""rows"": ""100"", ""q"": ""61677H01* AND salesLocation_s:60829 AND shipLocation_s:14507 AND customerAccount_s:AC0043-2426 AND dcLocation_s:7303 AND businessUnit_s:WESCO"", ""userName_s"": ""Sibby Canipe"", ""refNum_s"": """"}"
"2026-04-16T15:31:51.122Z","ip-10-236-38-105","wesco-sapi-lucidworks-dr","queryParams to partSearch: { ""start"": ""0"", ""rows"": ""5"", ""q"": ""JPM451B AND shipLocation_s:16023 AND businessUnit_s:Accu-Tech"", ""userName_s"": ""326749"", ""refNum_s"": ""624863""}"
"2026-04-16T15:18:31.154Z","ip-10-236-36-220","wesco-sapi-lucidworks-dr","queryParams to partSearch: { ""start"": ""0"", ""rows"": ""5"", ""q"": ""MCTP6I-5-1 AND shipLocation_s:12908 AND businessUnit_s:Accu-Tech"", ""userName_s"": ""321469"", ""refNum_s"": ""624834""}"
"2026-04-16T15:03:34.973Z","ip-10-236-38-105","wesco-sapi-lucidworks-dr","queryParams to partSearch: { ""start"": ""0"", ""rows"": ""5"", ""q"": ""CPCSSY2-04F010 AND shipLocation_s:11411 AND businessUnit_s:Accu-Tech"", ""userName_s"": ""336274"", ""refNum_s"": ""624761""}"
"2026-04-16T15:00:52.364Z","ip-10-236-36-220","wesco-sapi-lucidworks-dr","queryParams to partSearch: { ""start"": ""0"", ""rows"": ""5"", ""q"": ""CPCSSY2-08F007 AND shipLocation_s:11411 AND businessUnit_s:Accu-Tech"", ""userName_s"": ""336274"", ""refNum_s"": ""624761""}"
"2026-04-16T14:58:56.502Z","ip-10-236-38-105","wesco-sapi-lucidworks-dr","queryParams to partSearch: { ""start"": ""0"", ""rows"": ""100"", ""q"": ""1in innerduct plenum* AND salesLocation_s:62530 AND shipLocation_s:15642 AND customerAccount_s:AC0160-8331 AND businessUnit_s:Accu-Tech"", ""userName_s"": ""Simon Ruppert"", ""refNum_s"": """"}"
"2026-04-16T14:57:06.770Z","ip-10-236-36-220","wesco-sapi-lucidworks-dr","queryParams to partSearch: { ""start"": ""0"", ""rows"": ""5"", ""q"": ""isopk2 AND shipLocation_s:11726 AND businessUnit_s:Accu-Tech"", ""userName_s"": ""236339"", ""refNum_s"": ""624750""}"
"2026-04-16T14:56:32.202Z","ip-10-236-38-105","wesco-sapi-lucidworks-dr","queryParams to partSearch: { ""start"": ""0"", ""rows"": ""5"", ""q"": ""CO199K2-03F001 AND shipLocation_s:11411 AND businessUnit_s:Accu-Tech"", ""userName_s"": ""336274"", ""refNum_s"": ""624761""}"
"2026-04-16T14:55:01.097Z","ip-10-236-36-220","wesco-sapi-lucidworks-dr","queryParams to partSearch: { ""start"": ""0"", ""rows"": ""100"", ""q"": ""10GXW13* AND salesLocation_s:62473 AND shipLocation_s:13429 AND customerAccount_s:AC0158-6073 AND businessUnit_s:Accu-Tech"", ""userName_s"": ""John-Riley Hathcock"", ""refNum_s"": """"}"
"2026-04-16T14:54:32.001Z","ip-10-236-36-220","wesco-sapi-lucidworks-dr","queryParams to partSearch: { ""start"": ""0"", ""rows"": ""5"", ""q"": ""TLP606TAA AND businessUnit_s:Accu-Tech"", ""userName_s"": ""236157"", ""refNum_s"": """"}"
"2026-04-16T14:54:10.140Z","ip-10-236-38-105","wesco-sapi-lucidworks-dr","queryParams to partSearch: { ""start"": ""0"", ""rows"": ""5"", ""q"": ""CO199K2-03N006 AND shipLocation_s:11411 AND businessUnit_s:Accu-Tech"", ""userName_s"": ""336274"", ""refNum_s"": ""624761""}"
"2026-04-16T14:42:49.946Z","ip-10-236-38-105","wesco-sapi-lucidworks-dr","queryParams to partSearch: { ""start"": ""0"", ""rows"": ""5"", ""q"": ""WBTCLSPRT20BA AND shipLocation_s:12908 AND businessUnit_s:Accu-Tech"", ""userName_s"": ""210252"", ""refNum_s"": ""624716""}"
"2026-04-16T14:37:35.860Z","ip-10-236-36-220","wesco-sapi-lucidworks-dr","queryParams to partSearch: { ""start"": ""0"", ""rows"": ""5"", ""q"": ""576-135-007 AND shipLocation_s:14802 AND businessUnit_s:Accu-Tech"", ""userName_s"": ""326020"", ""refNum_s"": ""624535""}"
"2026-04-16T14:34:12.980Z","ip-10-236-36-220","wesco-sapi-lucidworks-dr","queryParams to partSearch: { ""start"": ""0"", ""rows"": ""100"", ""q"": ""U6-H06NS* AND salesLocation_s:62531 AND shipLocation_s:15625 AND customerAccount_s:AC0158-0571 AND businessUnit_s:Accu-Tech"", ""userName_s"": ""Christian Beaudet"", ""refNum_s"": """"}"
"2026-04-16T14:26:17.782Z","ip-10-236-36-220","wesco-sapi-lucidworks-dr","queryParams to partSearch: { ""start"": ""0"", ""rows"": ""5"", ""q"": ""95-20 AND shipLocation_s:13417 AND businessUnit_s:Accu-Tech"", ""userName_s"": ""234589"", ""refNum_s"": ""624735""}"
"2026-04-16T14:20:58.348Z","ip-10-236-36-220","wesco-sapi-lucidworks-dr","queryParams to partSearch: { ""start"": ""0"", ""rows"": ""100"", ""q"": ""CCH-CS12-5T-P00KE* AND businessUnit_s:Accu-Tech AND shipLocation_s:11305 AND advancedPartSearch:Y AND businessUnit_s:Accu-Tech"", ""userName_s"": """", ""refNum_s"": ""100012447""}"
"2026-04-16T14:09:08.141Z","ip-10-236-38-105","wesco-sapi-lucidworks-dr","queryParams to partSearch: { ""start"": ""0"", ""rows"": ""5"", ""q"": ""797902qd120014 AND shipLocation_s:14112 AND businessUnit_s:Accu-Tech"", ""userName_s"": ""230714"", ""refNum_s"": ""624717""}"
"2026-04-16T14:08:48.920Z","ip-10-236-38-105","wesco-sapi-lucidworks-dr","queryParams to partSearch: { ""start"": ""0"", ""rows"": ""5"", ""q"": ""CJ6x88TGGR AND businessUnit_s:Accu-Tech"", ""userName_s"": ""331169"", ""refNum_s"": """"}"
"2026-04-16T14:02:23.867Z","ip-10-236-38-105","wesco-sapi-lucidworks-dr","queryParams to partSearch: { ""start"": ""0"", ""rows"": ""100"", ""q"": ""psahju48-w48* AND salesLocation_s:60181 AND shipLocation_s:12004 AND customerAccount_s:AC0012-9108 AND businessUnit_s:WESCO"", ""userName_s"": ""Bobbi Lewis"", ""refNum_s"": """"}"
"2026-04-16T13:54:44.241Z","ip-10-236-36-220","wesco-sapi-lucidworks-dr","queryParams to partSearch: { ""start"": ""0"", ""rows"": ""100"", ""q"": ""cat32hp* AND businessUnit_s:Accu-Tech AND shipLocation_s:11726 AND advancedPartSearch:Y AND businessUnit_s:Accu-Tech"", ""userName_s"": """", ""refNum_s"": ""100012447""}"
"2026-04-16T13:51:16.393Z","ip-10-236-36-220","wesco-sapi-lucidworks-dr","queryParams to partSearch: { ""start"": ""0"", ""rows"": ""5"", ""q"": ""trbsk AND shipLocation_s:16043 AND businessUnit_s:Accu-Tech"", ""userName_s"": ""325146"", ""refNum_s"": ""624669""}"
"2026-04-16T13:45:08.193Z","ip-10-236-38-105","wesco-sapi-lucidworks-dr","queryParams to partSearch: { ""start"": ""0"", ""rows"": ""100"", ""q"": ""C84* AND salesLocation_s:61082 AND shipLocation_s:16009 AND customerAccount_s:AC0011-2699 AND dcLocation_s:5689 AND businessUnit_s:WESCO"", ""userName_s"": ""James Janak"", ""refNum_s"": """"}"
"2026-04-16T13:42:49.785Z","ip-10-236-38-105","wesco-sapi-lucidworks-dr","queryParams to partSearch: { ""start"": ""0"", ""rows"": ""100"", ""q"": ""osp* AND businessUnit_s:Accu-Tech AND shipLocation_s:16011 AND advancedPartSearch:Y AND businessUnit_s:Accu-Tech"", ""userName_s"": """", ""refNum_s"": ""100012447""}"
"2026-04-16T13:42:12.143Z","ip-10-236-38-105","wesco-sapi-lucidworks-dr","queryParams to partSearch: { ""start"": ""0"", ""rows"": ""100"", ""q"": ""430* AND salesLocation_s:62395 AND shipLocation_s:12702 AND customerAccount_s:AC0158-2668 AND businessUnit_s:Accu-Tech"", ""userName_s"": ""Parker Mitchell"", ""refNum_s"": """"}"
"2026-04-16T13:37:05.418Z","ip-10-236-36-220","wesco-sapi-lucidworks-dr","queryParams to partSearch: { ""start"": ""0"", ""rows"": ""5"", ""q"": ""MCTP6I-9-3 AND shipLocation_s:13429 AND businessUnit_s:Accu-Tech"", ""userName_s"": ""231024"", ""refNum_s"": ""624643""}"
"2026-04-16T13:33:49.024Z","ip-10-236-36-220","wesco-sapi-lucidworks-dr","queryParams to partSearch: { ""start"": ""0"", ""rows"": ""100"", ""q"": ""u2* AND salesLocation_s:61997 AND shipLocation_s:12114 AND customerAccount_s:AC0158-0346 AND businessUnit_s:Accu-Tech"", ""userName_s"": ""Ignacio Torres"", ""refNum_s"": """"}"
"2026-04-16T13:22:31.393Z","ip-10-236-38-105","wesco-sapi-lucidworks-dr","queryParams to partSearch: { ""start"": ""0"", ""rows"": ""100"", ""q"": ""foas2fsmlclc-10m* AND salesLocation_s:62532 AND shipLocation_s:11726 AND customerAccount_s:AC0195-9925 AND businessUnit_s:Accu-Tech"", ""userName_s"": ""Taylor Stanford"", ""refNum_s"": """"}"
"2026-04-16T13:21:12.055Z","ip-10-236-38-105","wesco-sapi-lucidworks-dr","queryParams to partSearch: { ""start"": ""0"", ""rows"": ""100"", ""q"": ""1016898AT* AND businessUnit_s:Accu-Tech AND shipLocation_s:11726 AND advancedPartSearch:Y AND businessUnit_s:Accu-Tech"", ""userName_s"": """", ""refNum_s"": ""100012447""}"
"2026-04-16T13:16:10.867Z","ip-10-236-38-105","wesco-sapi-lucidworks-dr","queryParams to partSearch: { ""start"": ""0"", ""rows"": ""5"", ""q"": ""065-1100 AND businessUnit_s:Accu-Tech"", ""userName_s"": ""208904"", ""refNum_s"": """"}"
"2026-04-16T13:12:02.544Z","ip-10-236-38-105","wesco-sapi-lucidworks-dr","queryParams to partSearch: { ""start"": ""0"", ""rows"": ""5"", ""q"": ""165 AND shipLocation_s:11102 AND businessUnit_s:Accu-Tech"", ""userName_s"": ""238320"", ""refNum_s"": ""623991""}"
"2026-04-16T13:01:09.339Z","ip-10-236-36-220","wesco-sapi-lucidworks-dr","queryParams to partSearch: { ""start"": ""0"", ""rows"": ""100"", ""q"": ""WBTRCSPLICE* AND salesLocation_s:62395 AND shipLocation_s:12702 AND customerAccount_s:AC0161-4033 AND businessUnit_s:Accu-Tech"", ""userName_s"": ""Parker Mitchell"", ""refNum_s"": """"}"
"2026-04-16T13:00:50.990Z","ip-10-236-38-105","wesco-sapi-lucidworks-dr","queryParams to partSearch: { ""start"": ""0"", ""rows"": ""100"", ""q"": ""1004438AT* AND salesLocation_s:61997 AND shipLocation_s:12114 AND customerAccount_s:AC0158-0346 AND businessUnit_s:Accu-Tech"", ""userName_s"": ""Ignacio Torres"", ""refNum_s"": """"}"
"2026-04-16T12:42:47.619Z","ip-10-236-38-105","wesco-sapi-lucidworks-dr","queryParams to partSearch: { ""start"": ""0"", ""rows"": ""100"", ""q"": ""HBBB14210A* AND salesLocation_s:62395 AND shipLocation_s:12702 AND customerAccount_s:AC0160-6250 AND businessUnit_s:Accu-Tech"", ""userName_s"": ""Ryan Thenell"", ""refNum_s"": """"}"
"2026-04-16T12:22:44.842Z","ip-10-236-38-105","wesco-sapi-lucidworks-dr","queryParams to partSearch: { ""start"": ""0"", ""rows"": ""5"", ""q"": ""DK4 AND shipLocation_s:15625 AND businessUnit_s:Accu-Tech"", ""userName_s"": ""239937"", ""refNum_s"": ""624426""}"
"2026-04-16T11:41:33.654Z","ip-10-236-36-220","wesco-sapi-lucidworks-dr","queryParams to partSearch: { ""start"": ""0"", ""rows"": ""5"", ""q"": ""cch AND shipLocation_s:13429 AND businessUnit_s:Accu-Tech"", ""userName_s"": ""307614"", ""refNum_s"": ""624523""}"
"2026-04-16T11:25:27.195Z","ip-10-236-38-105","wesco-sapi-lucidworks-dr","queryParams to partSearch: { ""start"": ""0"", ""rows"": ""5"", ""q"": ""CFPE4WHY AND shipLocation_s:12908 AND businessUnit_s:Accu-Tech"", ""userName_s"": ""321469"", ""refNum_s"": ""624521""}"
"2026-04-16T07:52:02.111Z","ip-10-236-36-220","wesco-sapi-lucidworks-dr","queryParams to partSearch: { ""start"": ""0"", ""rows"": ""100"", ""q"": ""BE697Y836* AND salesLocation_s:61138 AND shipLocation_s:11204 AND customerAccount_s:AC0009-8650 AND dcLocation_s:7302 AND businessUnit_s:WESCO"", ""userName_s"": ""zSharika Naga Sita Kakumanu"", ""refNum_s"": """"}"
"2026-04-16T01:21:51.708Z","ip-10-236-36-220","wesco-sapi-lucidworks-dr","queryParams to partSearch: { ""start"": ""0"", ""rows"": ""100"", ""q"": ""PUP6C04BU-WZ* AND businessUnit_s:Accu-Tech AND shipLocation_s:16023 AND advancedPartSearch:Y AND businessUnit_s:Accu-Tech"", ""userName_s"": """", ""refNum_s"": ""100012447""}"
"2026-04-16T00:59:46.536Z","ip-10-236-36-220","wesco-sapi-lucidworks-dr","queryParams to partSearch: { ""start"": ""0"", ""rows"": ""100"", ""q"": ""006e8p* AND salesLocation_s:62532 AND shipLocation_s:11726 AND customerAccount_s:AC0163-5285 AND businessUnit_s:Accu-Tech"", ""userName_s"": ""Christian Anderson"", ""refNum_s"": """"}"
"2026-04-15T23:18:36.767Z","ip-10-236-38-105","wesco-sapi-lucidworks-dr","queryParams to partSearch: { ""start"": ""0"", ""rows"": ""5"", ""q"": ""U6-P00NS AND shipLocation_s:15416 AND businessUnit_s:Accu-Tech"", ""userName_s"": ""307785"", ""refNum_s"": ""624493""}"
"2026-04-15T22:58:53.906Z","ip-10-236-38-105","wesco-sapi-lucidworks-dr","queryParams to partSearch: { ""start"": ""0"", ""rows"": ""5"", ""q"": ""HP24-500 AND shipLocation_s:11305 AND businessUnit_s:Accu-Tech"", ""userName_s"": ""313507"", ""refNum_s"": ""624486""}"
"2026-04-15T21:59:36.559Z","ip-10-236-36-220","wesco-sapi-lucidworks-dr","queryParams to partSearch: { ""start"": ""0"", ""rows"": ""5"", ""q"": ""PNM-C34404RQPZ AND shipLocation_s:15416 AND businessUnit_s:Accu-Tech"", ""userName_s"": ""328842"", ""refNum_s"": ""624466""}"
"2026-04-15T21:54:32.662Z","ip-10-236-36-220","wesco-sapi-lucidworks-dr","queryParams to partSearch: { ""start"": ""0"", ""rows"": ""5"", ""q"": ""11416 AND shipLocation_s:12304 AND businessUnit_s:Accu-Tech"", ""userName_s"": ""233642"", ""refNum_s"": ""624460""}"
"2026-04-15T21:50:49.555Z","ip-10-236-38-105","wesco-sapi-lucidworks-dr","queryParams to partSearch: { ""start"": ""0"", ""rows"": ""5"", ""q"": ""rg5134 AND shipLocation_s:16043 AND businessUnit_s:Accu-Tech"", ""userName_s"": ""325146"", ""refNum_s"": ""624456""}"
"2026-04-15T21:49:07.505Z","ip-10-236-38-105","wesco-sapi-lucidworks-dr","queryParams to partSearch: { ""start"": ""0"", ""rows"": ""5"", ""q"": ""TF6-OS2-PLy AND shipLocation_s:16023 AND businessUnit_s:Accu-Tech"", ""userName_s"": ""339483"", ""refNum_s"": ""624459""}"
"2026-04-15T21:43:33.048Z","ip-10-236-36-220","wesco-sapi-lucidworks-dr","queryParams to partSearch: { ""start"": ""0"", ""rows"": ""5"", ""q"": ""3cx4020 AND shipLocation_s:11411 AND businessUnit_s:Accu-Tech"", ""userName_s"": ""210666"", ""refNum_s"": ""624457""}"
"2026-04-15T21:41:50.009Z","ip-10-236-38-105","wesco-sapi-lucidworks-dr","queryParams to partSearch: { ""start"": ""0"", ""rows"": ""5"", ""q"": ""760148 AND shipLocation_s:15009 AND businessUnit_s:Accu-Tech"", ""userName_s"": ""308831"", ""refNum_s"": ""623207""}"
"2026-04-15T21:31:49.584Z","ip-10-236-36-220","wesco-sapi-lucidworks-dr","queryParams to partSearch: { ""start"": ""0"", ""rows"": ""5"", ""q"": ""024e AND shipLocation_s:16023 AND businessUnit_s:Accu-Tech"", ""userName_s"": ""312371"", ""refNum_s"": ""624447""}"
"2026-04-15T21:25:55.973Z","ip-10-236-38-105","wesco-sapi-lucidworks-dr","queryParams to partSearch: { ""start"": ""0"", ""rows"": ""5"", ""q"": ""unp- AND businessUnit_s:Accu-Tech"", ""userName_s"": ""306666"", ""refNum_s"": ""624416""}"
"2026-04-15T21:09:40.500Z","ip-10-236-38-105","wesco-sapi-lucidworks-dr","queryParams to partSearch: { ""start"": ""0"", ""rows"": ""100"", ""q"": ""modcord* AND businessUnit_s:Accu-Tech AND shipLocation_s:16011 AND advancedPartSearch:Y AND businessUnit_s:Accu-Tech"", ""userName_s"": """", ""refNum_s"": ""100012447""}"
"2026-04-15T21:02:46.222Z","ip-10-236-36-220","wesco-sapi-lucidworks-dr","queryParams to partSearch: { ""start"": ""0"", ""rows"": ""5"", ""q"": ""050502Q5120005M AND shipLocation_s:16023 AND businessUnit_s:Accu-Tech"", ""userName_s"": ""312371"", ""refNum_s"": ""623813""}"
"2026-04-15T21:01:37.218Z","ip-10-236-36-220","wesco-sapi-lucidworks-dr","queryParams to partSearch: { ""start"": ""0"", ""rows"": ""5"", ""q"": ""rg6 AND shipLocation_s:13429 AND businessUnit_s:Accu-Tech"", ""userName_s"": ""307614"", ""refNum_s"": ""623947""}"
"2026-04-15T20:59:18.279Z","ip-10-236-36-220","wesco-sapi-lucidworks-dr","queryParams to partSearch: { ""start"": ""0"", ""rows"": ""5"", ""q"": ""wch- AND shipLocation_s:15642 AND businessUnit_s:Accu-Tech"", ""userName_s"": ""208850"", ""refNum_s"": ""623794""}"
"2026-04-15T20:52:00.866Z","ip-10-236-36-220","wesco-sapi-lucidworks-dr","queryParams to partSearch: { ""start"": ""0"", ""rows"": ""5"", ""q"": ""2806031-012 AND shipLocation_s:11726 AND businessUnit_s:Accu-Tech"", ""userName_s"": ""327898"", ""refNum_s"": ""624397""}"
"2026-04-15T20:34:15.115Z","ip-10-236-36-220","wesco-sapi-lucidworks-dr","queryParams to partSearch: { ""start"": ""0"", ""rows"": ""100"", ""q"": ""cj32hp* AND salesLocation_s:62474 AND shipLocation_s:13417 AND customerAccount_s:AC0196-3252 AND businessUnit_s:Accu-Tech"", ""userName_s"": ""Liz Miller"", ""refNum_s"": """"}"
"2026-04-15T20:21:52.702Z","ip-10-236-36-220","wesco-sapi-lucidworks-dr","queryParams to partSearch: { ""start"": ""0"", ""rows"": ""5"", ""q"": ""fap6waqdl AND shipLocation_s:16043 AND businessUnit_s:Accu-Tech"", ""userName_s"": ""325146"", ""refNum_s"": ""624271""}"
"2026-04-15T20:06:44.808Z","ip-10-236-38-105","wesco-sapi-lucidworks-dr","queryParams to partSearch: { ""start"": ""0"", ""rows"": ""5"", ""q"": ""AC-2DM-B AND shipLocation_s:14205 AND businessUnit_s:Accu-Tech"", ""userName_s"": ""317857"", ""refNum_s"": ""624132""}"
"2026-04-15T20:03:52.321Z","ip-10-236-38-105","wesco-sapi-lucidworks-dr","queryParams to partSearch: { ""start"": ""0"", ""rows"": ""5"", ""q"": ""NK6X88MWH AND shipLocation_s:12304 AND businessUnit_s:Accu-Tech"", ""userName_s"": ""327282"", ""refNum_s"": ""624306""}"
"2026-04-15T19:58:04.380Z","ip-10-236-38-105","wesco-sapi-lucidworks-dr","queryParams to partSearch: { ""start"": ""0"", ""rows"": ""5"", ""q"": ""WJH32 AND shipLocation_s:12114 AND businessUnit_s:Accu-Tech"", ""userName_s"": ""337344"", ""refNum_s"": ""624291""}"
"2026-04-15T19:57:52.980Z","ip-10-236-38-105","wesco-sapi-lucidworks-dr","queryParams to partSearch: { ""start"": ""0"", ""rows"": ""100"", ""q"": ""02000* AND salesLocation_s:61171 AND shipLocation_s:12402 AND customerAccount_s:AC0001-5961 AND dcLocation_s:7302 AND businessUnit_s:WESCO"", ""userName_s"": ""Philip Kaszowski"", ""refNum_s"": """"}"
"2026-04-15T19:38:12.306Z","ip-10-236-38-105","wesco-sapi-lucidworks-dr","queryParams to partSearch: { ""start"": ""0"", ""rows"": ""5"", ""q"": ""MC6A0X-05 AND shipLocation_s:16043 AND businessUnit_s:Accu-Tech"", ""userName_s"": ""325146"", ""refNum_s"": ""624235""}"
"2026-04-15T19:33:36.846Z","ip-10-236-38-105","wesco-sapi-lucidworks-dr","queryParams to partSearch: { ""start"": ""0"", ""rows"": ""5"", ""q"": ""planet networ AND shipLocation_s:15428 AND businessUnit_s:Accu-Tech"", ""userName_s"": ""337277"", ""refNum_s"": ""624207""}"
"2026-04-15T19:26:34.389Z","ip-10-236-38-105","wesco-sapi-lucidworks-dr","queryParams to partSearch: { ""start"": ""0"", ""rows"": ""100"", ""q"": ""WSGB-2X10-IS* AND salesLocation_s:62474 AND shipLocation_s:13417 AND customerAccount_s:AC0158-6628 AND businessUnit_s:Accu-Tech"", ""userName_s"": ""Liz Miller"", ""refNum_s"": """"}"
"2026-04-15T19:12:12.596Z","ip-10-236-36-220","wesco-sapi-lucidworks-dr","queryParams to partSearch: { ""start"": ""0"", ""rows"": ""5"", ""q"": ""WP3306WH AND shipLocation_s:11305 AND businessUnit_s:Accu-Tech"", ""userName_s"": ""337844"", ""refNum_s"": ""622430""}"
"2026-04-15T19:07:52.879Z","ip-10-236-36-220","wesco-sapi-lucidworks-dr","queryParams to partSearch: { ""start"": ""0"", ""rows"": ""100"", ""q"": ""MC6A10-06* AND salesLocation_s:62395 AND shipLocation_s:12702 AND customerAccount_s:AC0197-0384 AND businessUnit_s:Accu-Tech"", ""userName_s"": ""Melissa Saul"", ""refNum_s"": """"}"
"2026-04-15T18:54:59.480Z","ip-10-236-38-105","wesco-sapi-lucidworks-dr","queryParams to partSearch: { ""start"": ""0"", ""rows"": ""100"", ""q"": ""tag id 00120* AND salesLocation_s:60001 AND shipLocation_s:12619 AND customerAccount_s:AC0013-3669 AND dcLocation_s:7302 AND businessUnit_s:WESCO"", ""userName_s"": ""Alisa Gelinas"", ""refNum_s"": """"}"
"2026-04-15T18:51:45.830Z","ip-10-236-38-105","wesco-sapi-lucidworks-dr","queryParams to partSearch: { ""start"": ""0"", ""rows"": ""100"", ""q"": ""MCTP6I-6-1* AND salesLocation_s:62395 AND shipLocation_s:12702 AND customerAccount_s:AC0159-6393 AND businessUnit_s:Accu-Tech"", ""userName_s"": ""Chris Seeman"", ""refNum_s"": """"}"
"2026-04-15T18:51:08.082Z","ip-10-236-36-220","wesco-sapi-lucidworks-dr","queryParams to partSearch: { ""start"": ""0"", ""rows"": ""100"", ""q"": ""tag id 00060* AND salesLocation_s:60001 AND shipLocation_s:12619 AND customerAccount_s:AC0013-3669 AND dcLocation_s:7302 AND businessUnit_s:WESCO"", ""userName_s"": ""Alisa Gelinas"", ""refNum_s"": """"}"
"2026-04-15T18:49:02.799Z","ip-10-236-36-220","wesco-sapi-lucidworks-dr","queryParams to partSearch: { ""start"": ""0"", ""rows"": ""5"", ""q"": ""CF_54/300 AND shipLocation_s:14810 AND businessUnit_s:Accu-Tech"", ""userName_s"": ""324409"", ""refNum_s"": ""623598""}"
"2026-04-15T18:47:54.440Z","ip-10-236-38-105","wesco-sapi-lucidworks-dr","queryParams to partSearch: { ""start"": ""0"", ""rows"": ""5"", ""q"": ""CS AND shipLocation_s:14611 AND businessUnit_s:Accu-Tech"", ""userName_s"": ""339347"", ""refNum_s"": ""624131""}"
"2026-04-15T18:47:46.084Z","ip-10-236-36-220","wesco-sapi-lucidworks-dr","queryParams to partSearch: { ""start"": ""0"", ""rows"": ""5"", ""q"": ""6AP4P24-YL-P-BER-AP-FH-VSD AND shipLocation_s:15416 AND businessUnit_s:Accu-Tech"", ""userName_s"": ""328811"", ""refNum_s"": ""624110""}"
"2026-04-15T18:46:30.772Z","ip-10-236-36-220","wesco-sapi-lucidworks-dr","queryParams to partSearch: { ""start"": ""0"", ""rows"": ""100"", ""q"": ""M14CE-E-003* AND salesLocation_s:62399 AND shipLocation_s:15812 AND customerAccount_s:AC0186-3068 AND businessUnit_s:Accu-Tech"", ""userName_s"": ""Dennis Donegan"", ""refNum_s"": """"}"
"2026-04-15T18:37:41.198Z","ip-10-236-36-220","wesco-sapi-lucidworks-dr","queryParams to partSearch: { ""start"": ""0"", ""rows"": ""5"", ""q"": ""10383 AND shipLocation_s:12114 AND businessUnit_s:Accu-Tech"", ""userName_s"": ""320729"", ""refNum_s"": ""623725""}"
"2026-04-15T18:33:46.680Z","ip-10-236-36-220","wesco-sapi-lucidworks-dr","queryParams to partSearch: { ""start"": ""0"", ""rows"": ""100"", ""q"": ""NDR-120-48* AND salesLocation_s:62474 AND shipLocation_s:13417 AND customerAccount_s:AC0158-6301 AND businessUnit_s:Accu-Tech"", ""userName_s"": ""Kelly Szymanski"", ""refNum_s"": """"}"
"2026-04-15T18:30:29.954Z","ip-10-236-36-220","wesco-sapi-lucidworks-dr","queryParams to partSearch: { ""start"": ""0"", ""rows"": ""100"", ""q"": ""NK688MWH* AND salesLocation_s:62682 AND shipLocation_s:15819 AND customerAccount_s:AC0159-5395 AND businessUnit_s:Accu-Tech"", ""userName_s"": ""Jeremy Smith"", ""refNum_s"": """"}"
"2026-04-15T18:24:41.948Z","ip-10-236-38-105","wesco-sapi-lucidworks-dr","queryParams to partSearch: { ""start"": ""0"", ""rows"": ""5"", ""q"": ""THHN-6 AND shipLocation_s:15416 AND businessUnit_s:Accu-Tech"", ""userName_s"": ""339129"", ""refNum_s"": ""623161""}"
"2026-04-15T18:19:27.497Z","ip-10-236-38-105","wesco-sapi-lucidworks-dr","queryParams to partSearch: { ""start"": ""0"", ""rows"": ""100"", ""q"": ""810010332* AND salesLocation_s:62745 AND shipLocation_s:15009 AND customerAccount_s:AC0159-2033 AND businessUnit_s:Accu-Tech"", ""userName_s"": ""Kyle Celli"", ""refNum_s"": """"}"
"2026-04-15T18:11:56.881Z","ip-10-236-38-105","wesco-sapi-lucidworks-dr","queryParams to partSearch: { ""start"": ""0"", ""rows"": ""5"", ""q"": ""431_gree AND businessUnit_s:Accu-Tech"", ""userName_s"": ""324687"", ""refNum_s"": """"}"
"2026-04-15T18:07:18.784Z","ip-10-236-38-105","wesco-sapi-lucidworks-dr","queryParams to partSearch: { ""start"": ""0"", ""rows"": ""5"", ""q"": ""lvf-5005c-s0 AND shipLocation_s:12702 AND businessUnit_s:Accu-Tech"", ""userName_s"": ""328476"", ""refNum_s"": ""624031""}"
"2026-04-15T17:56:11.317Z","ip-10-236-38-105","wesco-sapi-lucidworks-dr","queryParams to partSearch: { ""start"": ""0"", ""rows"": ""100"", ""q"": ""NSC6ABK01* AND businessUnit_s:Accu-Tech AND shipLocation_s:13429 AND advancedPartSearch:Y AND businessUnit_s:Accu-Tech"", ""userName_s"": """", ""refNum_s"": ""100012447""}"
"2026-04-15T17:55:31.075Z","ip-10-236-36-220","wesco-sapi-lucidworks-dr","queryParams to partSearch: { ""start"": ""0"", ""rows"": ""5"", ""q"": ""CFPEi1WY AND shipLocation_s:15009 AND businessUnit_s:Accu-Tech"", ""userName_s"": ""231421"", ""refNum_s"": ""624055""}"
"2026-04-15T17:52:57.900Z","ip-10-236-38-105","wesco-sapi-lucidworks-dr","queryParams to partSearch: { ""start"": ""0"", ""rows"": ""5"", ""q"": ""splmt AND shipLocation_s:13429 AND businessUnit_s:Accu-Tech"", ""userName_s"": ""324609"", ""refNum_s"": ""623838""}"
"2026-04-15T17:49:52.969Z","ip-10-236-36-220","wesco-sapi-lucidworks-dr","queryParams to partSearch: { ""start"": ""0"", ""rows"": ""100"", ""q"": ""ldf4-50a* AND salesLocation_s:62474 AND shipLocation_s:13417 AND customerAccount_s:AC0158-6327 AND businessUnit_s:Accu-Tech"", ""userName_s"": ""Tyler Ballengee"", ""refNum_s"": """"}"
"2026-04-15T17:46:42.154Z","ip-10-236-38-105","wesco-sapi-lucidworks-dr","queryParams to partSearch: { ""start"": ""0"", ""rows"": ""100"", ""q"": ""209681* AND salesLocation_s:61171 AND shipLocation_s:12402 AND customerAccount_s:AC0155-5833 AND dcLocation_s:7302 AND businessUnit_s:WESCO"", ""userName_s"": ""Aiereona Palmer"", ""refNum_s"": """"}"
"2026-04-15T17:41:52.824Z","ip-10-236-36-220","wesco-sapi-lucidworks-dr","queryParams to partSearch: { ""start"": ""0"", ""rows"": ""5"", ""q"": ""cp-653 AND shipLocation_s:12908 AND businessUnit_s:Accu-Tech"", ""userName_s"": ""321469"", ""refNum_s"": ""623815""}"
"2026-04-15T17:36:17.417Z","ip-10-236-38-105","wesco-sapi-lucidworks-dr","queryParams to partSearch: { ""start"": ""0"", ""rows"": ""5"", ""q"": ""6210G-07W AND shipLocation_s:14205 AND businessUnit_s:Accu-Tech"", ""userName_s"": ""230516"", ""refNum_s"": ""623562""}"
"2026-04-15T17:25:23.165Z","ip-10-236-38-105","wesco-sapi-lucidworks-dr","queryParams to partSearch: { ""start"": ""0"", ""rows"": ""5"", ""q"": ""852-LL2-033- AND shipLocation_s:14611 AND businessUnit_s:Accu-Tech"", ""userName_s"": ""240568"", ""refNum_s"": ""622804""}"
"2026-04-15T17:23:06.994Z","ip-10-236-38-105","wesco-sapi-lucidworks-dr","queryParams to partSearch: { ""start"": ""0"", ""rows"": ""100"", ""q"": ""FOAS2FSTST-1M* AND salesLocation_s:62471 AND shipLocation_s:14509 AND customerAccount_s:AC0186-3068 AND businessUnit_s:Accu-Tech"", ""userName_s"": ""Henry Frailey"", ""refNum_s"": """"}"
"2026-04-15T17:18:07.075Z","ip-10-236-38-105","wesco-sapi-lucidworks-dr","queryParams to partSearch: { ""start"": ""0"", ""rows"": ""5"", ""q"": ""HC6Aw07 AND shipLocation_s:11305 AND businessUnit_s:Accu-Tech"", ""userName_s"": ""337844"", ""refNum_s"": ""623982""}"
"2026-04-15T17:14:43.512Z","ip-10-236-36-220","wesco-sapi-lucidworks-dr","queryParams to partSearch: { ""start"": ""0"", ""rows"": ""5"", ""q"": ""3613_005U1000 AND shipLocation_s:11102 AND businessUnit_s:Accu-Tech"", ""userName_s"": ""238320"", ""refNum_s"": ""623991""}"
"2026-04-15T17:00:11.350Z","ip-10-236-38-105","wesco-sapi-lucidworks-dr","queryParams to partSearch: { ""start"": ""0"", ""rows"": ""5"", ""q"": ""7131901 AND shipLocation_s:11726 AND businessUnit_s:Accu-Tech"", ""userName_s"": ""331169"", ""refNum_s"": ""623979""}"
"2026-04-15T16:58:24.223Z","ip-10-236-38-105","wesco-sapi-lucidworks-dr","queryParams to partSearch: { ""start"": ""0"", ""rows"": ""5"", ""q"": ""mctp6bi-6-15 AND shipLocation_s:15642 AND businessUnit_s:Accu-Tech"", ""userName_s"": ""301951"", ""refNum_s"": ""623956""}"
"2026-04-15T16:54:41.207Z","ip-10-236-36-220","wesco-sapi-lucidworks-dr","queryParams to partSearch: { ""start"": ""0"", ""rows"": ""5"", ""q"": ""slnr-dp0 AND shipLocation_s:12114 AND businessUnit_s:Accu-Tech"", ""userName_s"": ""235882"", ""refNum_s"": ""623971""}"
"2026-04-15T16:51:00.232Z","ip-10-236-38-105","wesco-sapi-lucidworks-dr","queryParams to partSearch: { ""start"": ""0"", ""rows"": ""5"", ""q"": ""sbp-400wmw AND shipLocation_s:15642 AND businessUnit_s:Accu-Tech"", ""userName_s"": ""208850"", ""refNum_s"": ""623794""}"
"2026-04-15T16:49:09.939Z","ip-10-236-38-105","wesco-sapi-lucidworks-dr","queryParams to partSearch: { ""start"": ""0"", ""rows"": ""5"", ""q"": ""sbp-300cmw1 AND shipLocation_s:15642 AND businessUnit_s:Accu-Tech"", ""userName_s"": ""208850"", ""refNum_s"": ""623794""}"
"2026-04-15T16:44:09.647Z","ip-10-236-36-220","wesco-sapi-lucidworks-dr","queryParams to partSearch: { ""start"": ""0"", ""rows"": ""100"", ""q"": ""mod panel* AND businessUnit_s:Accu-Tech AND shipLocation_s:11411 AND shipLocationOnlyFlag:Y AND advancedPartSearch:Y AND businessUnit_s:Accu-Tech"", ""userName_s"": """", ""refNum_s"": ""100012447""}"
"2026-04-15T16:44:08.092Z","ip-10-236-38-105","wesco-sapi-lucidworks-dr","queryParams to partSearch: { ""start"": ""0"", ""rows"": ""5"", ""q"": ""sbp AND shipLocation_s:15642 AND businessUnit_s:Accu-Tech"", ""userName_s"": ""208850"", ""refNum_s"": ""623794""}"
"2026-04-15T16:41:44.737Z","ip-10-236-36-220","wesco-sapi-lucidworks-dr","queryParams to partSearch: { ""start"": ""0"", ""rows"": ""5"", ""q"": ""m20ap-270 AND shipLocation_s:12304 AND businessUnit_s:Accu-Tech"", ""userName_s"": ""233642"", ""refNum_s"": ""623950""}"
"2026-04-15T16:37:25.733Z","ip-10-236-38-105","wesco-sapi-lucidworks-dr","queryParams to partSearch: { ""start"": ""0"", ""rows"": ""5"", ""q"": ""m13l- AND shipLocation_s:12304 AND businessUnit_s:Accu-Tech"", ""userName_s"": ""233642"", ""refNum_s"": ""623950""}"
"2026-04-15T16:27:20.457Z","ip-10-236-36-220","wesco-sapi-lucidworks-dr","queryParams to partSearch: { ""start"": ""0"", ""rows"": ""5"", ""q"": ""006E8F-31131-A1 AND shipLocation_s:15642 AND businessUnit_s:Accu-Tech"", ""userName_s"": ""208850"", ""refNum_s"": ""623943""}"
"2026-04-15T16:05:37.060Z","ip-10-236-38-105","wesco-sapi-lucidworks-dr","queryParams to partSearch: { ""start"": ""0"", ""rows"": ""5"", ""q"": ""Code6110000004 AND shipLocation_s:12114 AND businessUnit_s:Accu-Tech"", ""userName_s"": ""320729"", ""refNum_s"": ""623725""}"
"2026-04-15T16:04:31.344Z","ip-10-236-36-220","wesco-sapi-lucidworks-dr","queryParams to partSearch: { ""start"": ""0"", ""rows"": ""5"", ""q"": ""48v60a AND shipLocation_s:14509 AND businessUnit_s:Accu-Tech"", ""userName_s"": ""316066"", ""refNum_s"": ""623908""}"
"2026-04-15T15:53:11.498Z","ip-10-236-36-220","wesco-sapi-lucidworks-dr","queryParams to partSearch: { ""start"": ""0"", ""rows"": ""5"", ""q"": ""fp6x8mtg AND businessUnit_s:Accu-Tech"", ""userName_s"": ""306666"", ""refNum_s"": """"}"
"2026-04-15T15:51:41.713Z","ip-10-236-36-220","wesco-sapi-lucidworks-dr","queryParams to partSearch: { ""start"": ""0"", ""rows"": ""100"", ""q"": ""m58281b* AND salesLocation_s:62472 AND shipLocation_s:14506 AND customerAccount_s:AC0158-6910 AND businessUnit_s:Accu-Tech"", ""userName_s"": ""Brian Hughes"", ""refNum_s"": """"}"
"2026-04-15T15:46:59.714Z","ip-10-236-36-220","wesco-sapi-lucidworks-dr","queryParams to partSearch: { ""start"": ""0"", ""rows"": ""5"", ""q"": ""MXE86383BK1000 AND shipLocation_s:14802 AND businessUnit_s:Accu-Tech"", ""userName_s"": ""326020"", ""refNum_s"": ""623025""}"
"2026-04-15T15:42:13.562Z","ip-10-236-38-105","wesco-sapi-lucidworks-dr","queryParams to partSearch: { ""start"": ""0"", ""rows"": ""100"", ""q"": ""95-200-44* AND businessUnit_s:Accu-Tech AND shipLocation_s:12702 AND advancedPartSearch:Y AND businessUnit_s:Accu-Tech"", ""userName_s"": """", ""refNum_s"": ""100012447""}"
"2026-04-15T15:42:12.753Z","ip-10-236-36-220","wesco-sapi-lucidworks-dr","queryParams to partSearch: { ""start"": ""0"", ""rows"": ""5"", ""q"": ""000212g8120003m AND shipLocation_s:13603 AND businessUnit_s:Accu-Tech"", ""userName_s"": ""227835"", ""refNum_s"": ""621950""}"
"2026-04-15T15:23:48.651Z","ip-10-236-36-220","wesco-sapi-lucidworks-dr","queryParams to partSearch: { ""start"": ""0"", ""rows"": ""5"", ""q"": ""288EV8 AND shipLocation_s:15414 AND businessUnit_s:Accu-Tech"", ""userName_s"": ""216112"", ""refNum_s"": ""623171""}"
"2026-04-15T15:19:50.276Z","ip-10-236-36-220","wesco-sapi-lucidworks-dr","queryParams to partSearch: { ""start"": ""0"", ""rows"": ""5"", ""q"": ""fp4ldld002 AND shipLocation_s:16011 AND businessUnit_s:Accu-Tech"", ""userName_s"": ""212834"", ""refNum_s"": ""618726""}"
"2026-04-15T15:15:36.965Z","ip-10-236-36-220","wesco-sapi-lucidworks-dr","queryParams to partSearch: { ""start"": ""0"", ""rows"": ""100"", ""q"": ""K4A29U4N* AND salesLocation_s:60829 AND shipLocation_s:14507 AND customerAccount_s:AC0156-0164 AND dcLocation_s:7303 AND businessUnit_s:WESCO"", ""userName_s"": ""Kelsea Kluttz"", ""refNum_s"": """"}"
"2026-04-15T15:13:38.956Z","ip-10-236-38-105","wesco-sapi-lucidworks-dr","queryParams to partSearch: { ""start"": ""0"", ""rows"": ""5"", ""q"": ""2280AB6M/MOD/CMP AND shipLocation_s:11726 AND businessUnit_s:Accu-Tech"", ""userName_s"": ""331169"", ""refNum_s"": ""623811""}"
"2026-04-15T14:50:25.123Z","ip-10-236-38-105","wesco-sapi-lucidworks-dr","queryParams to partSearch: { ""start"": ""0"", ""rows"": ""100"", ""q"": ""nkpp24fmy* AND businessUnit_s:Accu-Tech AND shipLocation_s:13603 AND advancedPartSearch:Y AND businessUnit_s:Accu-Tech"", ""userName_s"": """", ""refNum_s"": ""100012447""}"
"2026-04-15T14:49:22.569Z","ip-10-236-38-105","wesco-sapi-lucidworks-dr","queryParams to partSearch: { ""start"": ""0"", ""rows"": ""100"", ""q"": ""10250-712* AND businessUnit_s:Accu-Tech AND shipLocation_s:11726 AND advancedPartSearch:Y AND businessUnit_s:Accu-Tech"", ""userName_s"": """", ""refNum_s"": ""100012447""}"
"2026-04-15T14:36:15.964Z","ip-10-236-36-220","wesco-sapi-lucidworks-dr","queryParams to partSearch: { ""start"": ""0"", ""rows"": ""5"", ""q"": ""cs34p-0 AND shipLocation_s:16023 AND businessUnit_s:Accu-Tech"", ""userName_s"": ""312371"", ""refNum_s"": ""623760""}"
"2026-04-15T14:20:26.557Z","ip-10-236-38-105","wesco-sapi-lucidworks-dr","queryParams to partSearch: { ""start"": ""0"", ""rows"": ""5"", ""q"": ""PFC-S12O12F AND shipLocation_s:15625 AND businessUnit_s:Accu-Tech"", ""userName_s"": ""307308"", ""refNum_s"": ""623671""}"
"2026-04-15T14:18:59.740Z","ip-10-236-36-220","wesco-sapi-lucidworks-dr","queryParams to partSearch: { ""start"": ""0"", ""rows"": ""100"", ""q"": ""NKP5E88MBL* AND salesLocation_s:62474 AND shipLocation_s:13417 AND customerAccount_s:AC0194-6139 AND businessUnit_s:Accu-Tech"", ""userName_s"": ""Hank Smitherman"", ""refNum_s"": """"}"
"2026-04-15T14:15:14.149Z","ip-10-236-36-220","wesco-sapi-lucidworks-dr","queryParams to partSearch: { ""start"": ""0"", ""rows"": ""5"", ""q"": ""25q841bk1000 AND shipLocation_s:11411 AND businessUnit_s:Accu-Tech"", ""userName_s"": ""228294"", ""refNum_s"": ""623682""}"
"2026-04-15T14:10:02.827Z","ip-10-236-38-105","wesco-sapi-lucidworks-dr","queryParams to partSearch: { ""start"": ""0"", ""rows"": ""100"", ""q"": ""LD3WH8-A* AND salesLocation_s:62530 AND shipLocation_s:15642 AND customerAccount_s:AC0160-1674 AND businessUnit_s:Accu-Tech"", ""userName_s"": ""Simon Ruppert"", ""refNum_s"": """"}"
"2026-04-15T14:05:34.323Z","ip-10-236-38-105","wesco-sapi-lucidworks-dr","queryParams to partSearch: { ""start"": ""0"", ""rows"": ""5"", ""q"": ""sc-sm-a AND shipLocation_s:14611 AND businessUnit_s:Accu-Tech"", ""userName_s"": ""240568"", ""refNum_s"": ""622804""}"
"2026-04-15T14:02:22.679Z","ip-10-236-38-105","wesco-sapi-lucidworks-dr","queryParams to partSearch: { ""start"": ""0"", ""rows"": ""100"", ""q"": ""100908* AND salesLocation_s:61961 AND shipLocation_s:16011 AND customerAccount_s:AC0158-1978 AND businessUnit_s:Accu-Tech"", ""userName_s"": ""Austin Thielges"", ""refNum_s"": """"}"
"2026-04-15T13:49:34.448Z","ip-10-236-36-220","wesco-sapi-lucidworks-dr","queryParams to partSearch: { ""start"": ""0"", ""rows"": ""5"", ""q"": ""6304fe AND shipLocation_s:14506 AND businessUnit_s:Accu-Tech"", ""userName_s"": ""209989"", ""refNum_s"": ""623663""}"
"2026-04-15T13:35:24.610Z","ip-10-236-38-105","wesco-sapi-lucidworks-dr","queryParams to partSearch: { ""start"": ""0"", ""rows"": ""5"", ""q"": ""cfpl2why AND shipLocation_s:14611 AND businessUnit_s:Accu-Tech"", ""userName_s"": ""307070"", ""refNum_s"": ""623619""}"
"2026-04-15T13:35:02.899Z","ip-10-236-38-105","wesco-sapi-lucidworks-dr","queryParams to partSearch: { ""start"": ""0"", ""rows"": ""100"", ""q"": ""wmpvhc45e* AND salesLocation_s:62395 AND shipLocation_s:12702 AND customerAccount_s:AC0158-3012 AND businessUnit_s:Accu-Tech"", ""userName_s"": ""Steve Kurtinitis"", ""refNum_s"": """"}"
"2026-04-15T13:34:47.602Z","ip-10-236-36-220","wesco-sapi-lucidworks-dr","queryParams to partSearch: { ""start"": ""0"", ""rows"": ""5"", ""q"": ""WMPFSE AND businessUnit_s:Accu-Tech"", ""userName_s"": ""208739"", ""refNum_s"": ""623635""}"
"2026-04-15T13:27:01.225Z","ip-10-236-38-105","wesco-sapi-lucidworks-dr","queryParams to partSearch: { ""start"": ""0"", ""rows"": ""100"", ""q"": ""le215cc06t* AND businessUnit_s:WESCO AND shipLocation_s:11204 AND advancedPartSearch:Y AND businessUnit_s:WESCO"", ""userName_s"": """", ""refNum_s"": ""100012447""}"
"2026-04-15T13:25:24.743Z","ip-10-236-36-220","wesco-sapi-lucidworks-dr","queryParams to partSearch: { ""start"": ""0"", ""rows"": ""5"", ""q"": ""insert100bl AND shipLocation_s:16041 AND businessUnit_s:Accu-Tech"", ""userName_s"": ""313089"", ""refNum_s"": ""622649""}"
"2026-04-15T13:11:46.307Z","ip-10-236-36-220","wesco-sapi-lucidworks-dr","queryParams to partSearch: { ""start"": ""0"", ""rows"": ""100"", ""q"": ""S160* AND salesLocation_s:62474 AND shipLocation_s:13417 AND customerAccount_s:AC0159-0055 AND businessUnit_s:Accu-Tech"", ""userName_s"": ""Liz Miller"", ""refNum_s"": """"}"
"2026-04-15T13:11:07.175Z","ip-10-236-36-220","wesco-sapi-lucidworks-dr","queryParams to partSearch: { ""start"": ""0"", ""rows"": ""5"", ""q"": ""fsdp972y AND shipLocation_s:14611 AND businessUnit_s:Accu-Tech"", ""userName_s"": ""240568"", ""refNum_s"": ""622804""}"
"2026-04-15T13:07:49.689Z","ip-10-236-38-105","wesco-sapi-lucidworks-dr","queryParams to partSearch: { ""start"": ""0"", ""rows"": ""5"", ""q"": ""9729 AND businessUnit_s:Accu-Tech"", ""userName_s"": ""332229"", ""refNum_s"": """"}"
"2026-04-15T12:58:35.545Z","ip-10-236-38-105","wesco-sapi-lucidworks-dr","queryParams to partSearch: { ""start"": ""0"", ""rows"": ""5"", ""q"": ""PDP006AB0707IOC AND shipLocation_s:15642 AND businessUnit_s:Accu-Tech"", ""userName_s"": ""311815"", ""refNum_s"": ""623573""}"
"2026-04-15T12:51:07.978Z","ip-10-236-38-105","wesco-sapi-lucidworks-dr","queryParams to partSearch: { ""start"": ""0"", ""rows"": ""100"", ""q"": ""pdp* AND salesLocation_s:62530 AND shipLocation_s:15642 AND customerAccount_s:AC0186-3068 AND businessUnit_s:Accu-Tech"", ""userName_s"": ""Simon Ruppert"", ""refNum_s"": """"}"
"2026-04-15T12:30:57.673Z","ip-10-236-38-105","wesco-sapi-lucidworks-dr","queryParams to partSearch: { ""start"": ""0"", ""rows"": ""5"", ""q"": ""269R20008886 AND shipLocation_s:12114 AND businessUnit_s:Accu-Tech"", ""userName_s"": ""332869"", ""refNum_s"": ""623496""}"
"2026-04-15T12:21:51.552Z","ip-10-236-38-105","wesco-sapi-lucidworks-dr","queryParams to partSearch: { ""start"": ""0"", ""rows"": ""100"", ""q"": ""C-LC-LC-1M5OM4-RD-TAA* AND salesLocation_s:69609 AND shipLocation_s:12702 AND customerAccount_s:AC0158-3653 AND businessUnit_s:Accu-Tech"", ""userName_s"": ""Kyle Edwards"", ""refNum_s"": """"}"
"2026-04-15T12:18:41.154Z","ip-10-236-36-220","wesco-sapi-lucidworks-dr","queryParams to partSearch: { ""start"": ""0"", ""rows"": ""100"", ""q"": ""1R482000E3* AND salesLocation_s:62395 AND shipLocation_s:12702 AND customerAccount_s:AC0163-5298 AND businessUnit_s:Accu-Tech"", ""userName_s"": ""David Eslin"", ""refNum_s"": """"}"
"2026-04-15T12:18:39.007Z","ip-10-236-38-105","wesco-sapi-lucidworks-dr","queryParams to partSearch: { ""start"": ""0"", ""rows"": ""5"", ""q"": ""430g AND shipLocation_s:16011 AND businessUnit_s:Accu-Tech"", ""userName_s"": ""212834"", ""refNum_s"": ""618726""}"
"2026-04-15T11:55:48.399Z","ip-10-236-38-105","wesco-sapi-lucidworks-dr","queryParams to partSearch: { ""start"": ""0"", ""rows"": ""100"", ""q"": ""UTP28SP15BU* AND businessUnit_s:Accu-Tech AND shipLocation_s:12908 AND advancedPartSearch:Y AND businessUnit_s:Accu-Tech"", ""userName_s"": """", ""refNum_s"": ""100012447""}"
"2026-04-15T11:41:19.785Z","ip-10-236-36-220","wesco-sapi-lucidworks-dr","queryParams to partSearch: { ""start"": ""0"", ""rows"": ""5"", ""q"": ""760 AND shipLocation_s:16023 AND businessUnit_s:Accu-Tech"", ""userName_s"": ""208907"", ""refNum_s"": ""623481""}"
"2026-04-14T21:44:47.288Z","ip-10-236-36-220","wesco-sapi-lucidworks-dr","queryParams to partSearch: { ""start"": ""0"", ""rows"": ""5"", ""q"": ""DP48688TGY AND shipLocation_s:11305 AND businessUnit_s:Accu-Tech"", ""userName_s"": ""337844"", ""refNum_s"": ""623421""}"
"2026-04-14T21:44:20.228Z","ip-10-236-36-220","wesco-sapi-lucidworks-dr","queryParams to partSearch: { ""start"": ""0"", ""rows"": ""5"", ""q"": ""csm-e-a-w-16-4 AND shipLocation_s:12304 AND businessUnit_s:Accu-Tech"", ""userName_s"": ""327282"", ""refNum_s"": ""623416""}"
"2026-04-14T21:34:14.109Z","ip-10-236-38-105","wesco-sapi-lucidworks-dr","queryParams to partSearch: { ""start"": ""0"", ""rows"": ""5"", ""q"": ""gec AND shipLocation_s:16043 AND businessUnit_s:Accu-Tech"", ""userName_s"": ""237291"", ""refNum_s"": ""623386""}"
"2026-04-14T21:34:12.927Z","ip-10-236-38-105","wesco-sapi-lucidworks-dr","queryParams to partSearch: { ""start"": ""0"", ""rows"": ""5"", ""q"": ""ge AND shipLocation_s:16043 AND businessUnit_s:Accu-Tech"", ""userName_s"": ""237291"", ""refNum_s"": ""623386""}"
"2026-04-14T21:23:03.664Z","ip-10-236-36-220","wesco-sapi-lucidworks-dr","queryParams to partSearch: { ""start"": ""0"", ""rows"": ""5"", ""q"": ""os2 12 stran AND shipLocation_s:16043 AND businessUnit_s:Accu-Tech"", ""userName_s"": ""237291"", ""refNum_s"": ""623386""}"
"2026-04-14T21:23:02.442Z","ip-10-236-36-220","wesco-sapi-lucidworks-dr","queryParams to partSearch: { ""start"": ""0"", ""rows"": ""5"", ""q"": ""10506-716 AND businessUnit_s:Accu-Tech"", ""userName_s"": ""212861"", ""refNum_s"": """"}"
"2026-04-14T21:21:38.582Z","ip-10-236-38-105","wesco-sapi-lucidworks-dr","queryParams to partSearch: { ""start"": ""0"", ""rows"": ""5"", ""q"": ""foppz12y AND shipLocation_s:14611 AND businessUnit_s:Accu-Tech"", ""userName_s"": ""240568"", ""refNum_s"": ""622804""}"
"2026-04-14T21:12:30.817Z","ip-10-236-36-220","wesco-sapi-lucidworks-dr","queryParams to partSearch: { ""start"": ""0"", ""rows"": ""5"", ""q"": ""5505 AND shipLocation_s:16043 AND businessUnit_s:Accu-Tech"", ""userName_s"": ""237291"", ""refNum_s"": ""623386""}"
"2026-04-14T20:43:40.893Z","ip-10-236-38-105","wesco-sapi-lucidworks-dr","queryParams to partSearch: { ""start"": ""0"", ""rows"": ""5"", ""q"": ""08-lc- AND shipLocation_s:12702 AND businessUnit_s:Accu-Tech"", ""userName_s"": ""328476"", ""refNum_s"": ""623328""}"
"2026-04-14T20:40:33.721Z","ip-10-236-38-105","wesco-sapi-lucidworks-dr","queryParams to partSearch: { ""start"": ""0"", ""rows"": ""5"", ""q"": ""6asjc AND shipLocation_s:12702 AND businessUnit_s:Accu-Tech"", ""userName_s"": ""328476"", ""refNum_s"": ""623328""}"
"2026-04-14T20:38:03.471Z","ip-10-236-38-105","wesco-sapi-lucidworks-dr","queryParams to partSearch: { ""start"": ""0"", ""rows"": ""100"", ""q"": ""11142454* AND businessUnit_s:Accu-Tech AND shipLocation_s:16023 AND advancedPartSearch:Y AND businessUnit_s:Accu-Tech"", ""userName_s"": """", ""refNum_s"": ""100012447""}"
"2026-04-14T20:19:57.668Z","ip-10-236-38-105","wesco-sapi-lucidworks-dr","queryParams to partSearch: { ""start"": ""0"", ""rows"": ""5"", ""q"": ""FSN AND shipLocation_s:15416 AND businessUnit_s:Accu-Tech"", ""userName_s"": ""339129"", ""refNum_s"": ""623303""}"
"2026-04-14T20:08:42.977Z","ip-10-236-38-105","wesco-sapi-lucidworks-dr","queryParams to partSearch: { ""start"": ""0"", ""rows"": ""5"", ""q"": ""6AS10-01 AND shipLocation_s:15812 AND businessUnit_s:Accu-Tech"", ""userName_s"": ""321886"", ""refNum_s"": ""623278""}"
"2026-04-14T20:03:06.068Z","ip-10-236-36-220","wesco-sapi-lucidworks-dr","queryParams to partSearch: { ""start"": ""0"", ""rows"": ""100"", ""q"": ""25A3644G35* AND salesLocation_s:60829 AND shipLocation_s:14507 AND customerAccount_s:AC0015-6613 AND dcLocation_s:7303 AND businessUnit_s:WESCO"", ""userName_s"": ""Beth Weaver"", ""refNum_s"": """"}"
"2026-04-14T19:57:39.630Z","ip-10-236-38-105","wesco-sapi-lucidworks-dr","queryParams to partSearch: { ""start"": ""0"", ""rows"": ""5"", ""q"": ""6a-246-2A AND shipLocation_s:15812 AND businessUnit_s:Accu-Tech"", ""userName_s"": ""321886"", ""refNum_s"": ""623236""}"
"2026-04-14T19:19:56.475Z","ip-10-236-38-105","wesco-sapi-lucidworks-dr","queryParams to partSearch: { ""start"": ""0"", ""rows"": ""100"", ""q"": ""D-OI-EA-EUI-91-EI-EUI-91-IADV* AND salesLocation_s:62747 AND shipLocation_s:11411 AND customerAccount_s:AC0186-2542 AND businessUnit_s:Accu-Tech"", ""userName_s"": ""Jeff Chartraw"", ""refNum_s"": """"}"
"2026-04-14T19:15:58.872Z","ip-10-236-36-220","wesco-sapi-lucidworks-dr","queryParams to partSearch: { ""start"": ""0"", ""rows"": ""5"", ""q"": ""CBX1AY AND shipLocation_s:12908 AND businessUnit_s:Accu-Tech"", ""userName_s"": ""328947"", ""refNum_s"": ""623183""}"
"2026-04-14T19:10:29.554Z","ip-10-236-38-105","wesco-sapi-lucidworks-dr","queryParams to partSearch: { ""start"": ""0"", ""rows"": ""5"", ""q"": ""1051671 AND shipLocation_s:14611 AND businessUnit_s:Accu-Tech"", ""userName_s"": ""240568"", ""refNum_s"": ""622804""}"
"2026-04-14T19:03:00.525Z","ip-10-236-38-105","wesco-sapi-lucidworks-dr","queryParams to partSearch: { ""start"": ""0"", ""rows"": ""100"", ""q"": ""sfc* AND businessUnit_s:Accu-Tech AND shipLocation_s:12114 AND taxonomy_level_1_s:(\""B22-Wire and Cable\"") AND taxonomy_level_2_s:(\""B2212-Voice/Data Cable\"") AND taxonomy_level_3_s:(\""B221226-Copper Data Cable\"") AND taxonomy_level_4_s:(\""B22122613-Cat 6 Cable\"") AND advancedPartSearch:Y AND businessUnit_s:Accu-Tech"", ""userName_s"": """", ""refNum_s"": ""100012447""}"
"2026-04-14T18:58:54.009Z","ip-10-236-38-105","wesco-sapi-lucidworks-dr","queryParams to partSearch: { ""start"": ""0"", ""rows"": ""5"", ""q"": ""OR-KSFP3-88 AND shipLocation_s:12702 AND businessUnit_s:Accu-Tech"", ""userName_s"": ""323615"", ""refNum_s"": ""620822""}"
"2026-04-14T18:50:26.501Z","ip-10-236-36-220","wesco-sapi-lucidworks-dr","queryParams to partSearch: { ""start"": ""0"", ""rows"": ""100"", ""q"": ""5ST3010* AND salesLocation_s:60627 AND shipLocation_s:14507 AND customerAccount_s:AC0062-0987 AND dcLocation_s:7303 AND businessUnit_s:WESCO"", ""userName_s"": ""Mark Melton"", ""refNum_s"": """"}"
"2026-04-14T18:43:46.201Z","ip-10-236-38-105","wesco-sapi-lucidworks-dr","queryParams to partSearch: { ""start"": ""0"", ""rows"": ""100"", ""q"": ""85913* AND salesLocation_s:61171 AND shipLocation_s:12402 AND customerAccount_s:AC0001-5961 AND dcLocation_s:7302 AND businessUnit_s:WESCO"", ""userName_s"": ""Danny Jenkins"", ""refNum_s"": """"}"
"2026-04-14T18:39:16.175Z","ip-10-236-36-220","wesco-sapi-lucidworks-dr","queryParams to partSearch: { ""start"": ""0"", ""rows"": ""100"", ""q"": ""SFC6BK* AND businessUnit_s:Accu-Tech AND shipLocation_s:12114 AND advancedPartSearch:Y AND businessUnit_s:Accu-Tech"", ""userName_s"": """", ""refNum_s"": ""100012447""}"
"2026-04-14T18:38:12.274Z","ip-10-236-38-105","wesco-sapi-lucidworks-dr","queryParams to partSearch: { ""start"": ""0"", ""rows"": ""100"", ""q"": ""006KSF-T4130D20* AND salesLocation_s:62395 AND shipLocation_s:12702 AND customerAccount_s:AC0186-3068 AND businessUnit_s:Accu-Tech"", ""userName_s"": ""Melissa Saul"", ""refNum_s"": """"}"
"2026-04-14T18:13:23.171Z","ip-10-236-38-105","wesco-sapi-lucidworks-dr","queryParams to partSearch: { ""start"": ""0"", ""rows"": ""5"", ""q"": ""sfc-lcf AND shipLocation_s:16043 AND businessUnit_s:Accu-Tech"", ""userName_s"": ""209739"", ""refNum_s"": ""569093""}"
"2026-04-14T18:09:27.577Z","ip-10-236-36-220","wesco-sapi-lucidworks-dr","queryParams to partSearch: { ""start"": ""0"", ""rows"": ""5"", ""q"": ""1z-26-p AND businessUnit_s:Accu-Tech"", ""userName_s"": ""334092"", ""refNum_s"": """"}"
"2026-04-14T17:59:39.310Z","ip-10-236-38-105","wesco-sapi-lucidworks-dr","queryParams to partSearch: { ""start"": ""0"", ""rows"": ""5"", ""q"": ""OLED77C5PUA AND shipLocation_s:12908 AND businessUnit_s:Accu-Tech"", ""userName_s"": ""321469"", ""refNum_s"": ""623036""}"
"2026-04-14T17:52:42.027Z","ip-10-236-38-105","wesco-sapi-lucidworks-dr","queryParams to partSearch: { ""start"": ""0"", ""rows"": ""100"", ""q"": ""cch-* AND salesLocation_s:62532 AND shipLocation_s:11726 AND customerAccount_s:AC0158-0346 AND businessUnit_s:Accu-Tech"", ""userName_s"": ""Thomas Simonson"", ""refNum_s"": """"}"
"2026-04-14T17:48:09.435Z","ip-10-236-38-105","wesco-sapi-lucidworks-dr","queryParams to partSearch: { ""start"": ""0"", ""rows"": ""100"", ""q"": ""ax102249* AND salesLocation_s:62531 AND shipLocation_s:15625 AND customerAccount_s:AC0158-5180 AND businessUnit_s:Accu-Tech"", ""userName_s"": ""Dean Laden"", ""refNum_s"": """"}"
"2026-04-14T17:45:38.061Z","ip-10-236-36-220","wesco-sapi-lucidworks-dr","queryParams to partSearch: { ""start"": ""0"", ""rows"": ""5"", ""q"": ""OR-SP6AU48 AND shipLocation_s:12702 AND businessUnit_s:Accu-Tech"", ""userName_s"": ""329313"", ""refNum_s"": ""622667""}"
"2026-04-14T17:42:43.762Z","ip-10-236-38-105","wesco-sapi-lucidworks-dr","queryParams to partSearch: { ""start"": ""0"", ""rows"": ""100"", ""q"": ""belden faceplates* AND businessUnit_s:Accu-Tech AND shipLocation_s:15625 AND taxonomy_level_1_s:(\""B17-Network Connectivity\"") AND taxonomy_level_2_s:(\""B1711-Copper Connectivity\"") AND taxonomy_level_3_s:(\""B171116-Copper Plates and Boxes\"") AND advancedPartSearch:Y AND businessUnit_s:Accu-Tech"", ""userName_s"": """", ""refNum_s"": ""100012447""}"
"2026-04-14T17:38:43.323Z","ip-10-236-38-105","wesco-sapi-lucidworks-dr","queryParams to partSearch: { ""start"": ""0"", ""rows"": ""5"", ""q"": ""236650807 AND shipLocation_s:16043 AND businessUnit_s:Accu-Tech"", ""userName_s"": ""325146"", ""refNum_s"": ""623004""}"
"2026-04-14T17:34:15.479Z","ip-10-236-36-220","wesco-sapi-lucidworks-dr","queryParams to partSearch: { ""start"": ""0"", ""rows"": ""5"", ""q"": ""Z6A-20 AND shipLocation_s:12601 AND businessUnit_s:Accu-Tech"", ""userName_s"": ""219448"", ""refNum_s"": ""622991""}"
"2026-04-14T17:10:30.571Z","ip-10-236-36-220","wesco-sapi-lucidworks-dr","queryParams to partSearch: { ""start"": ""0"", ""rows"": ""100"", ""q"": ""59214* AND salesLocation_s:60664 AND shipLocation_s:14001 AND customerAccount_s:AC0055-7721 AND dcLocation_s:7305 AND businessUnit_s:WESCO"", ""userName_s"": ""Tyson Geving"", ""refNum_s"": """"}"
"2026-04-14T17:05:46.632Z","ip-10-236-36-220","wesco-sapi-lucidworks-dr","queryParams to partSearch: { ""start"": ""0"", ""rows"": ""100"", ""q"": ""M57195B* AND businessUnit_s:Accu-Tech AND shipLocation_s:13429 AND advancedPartSearch:Y AND businessUnit_s:Accu-Tech"", ""userName_s"": """", ""refNum_s"": ""100012447""}"
"2026-04-14T17:02:27.086Z","ip-10-236-36-220","wesco-sapi-lucidworks-dr","queryParams to partSearch: { ""start"": ""0"", ""rows"": ""5"", ""q"": ""DP AND businessUnit_s:Accu-Tech"", ""userName_s"": ""235882"", ""refNum_s"": """"}"
"2026-04-14T17:01:16.174Z","ip-10-236-36-220","wesco-sapi-lucidworks-dr","queryParams to partSearch: { ""start"": ""0"", ""rows"": ""5"", ""q"": ""7733A_0101000 AND shipLocation_s:12702 AND businessUnit_s:Accu-Tech"", ""userName_s"": ""323615"", ""refNum_s"": ""621636""}"
"2026-04-14T16:50:36.790Z","ip-10-236-36-220","wesco-sapi-lucidworks-dr","queryParams to partSearch: { ""start"": ""0"", ""rows"": ""100"", ""q"": ""5375AGN00* AND salesLocation_s:62472 AND shipLocation_s:14506 AND customerAccount_s:AC0158-6901 AND businessUnit_s:Accu-Tech"", ""userName_s"": ""Brian Hughes"", ""refNum_s"": """"}"
"2026-04-14T16:42:54.948Z","ip-10-236-36-220","wesco-sapi-lucidworks-dr","queryParams to partSearch: { ""start"": ""0"", ""rows"": ""100"", ""q"": ""3A40587H* AND businessUnit_s:WESCO AND shipLocation_s:14507 AND advancedPartSearch:Y AND businessUnit_s:WESCO"", ""userName_s"": """", ""refNum_s"": ""100012447""}"
"2026-04-14T16:32:53.223Z","ip-10-236-38-105","wesco-sapi-lucidworks-dr","queryParams to partSearch: { ""start"": ""0"", ""rows"": ""5"", ""q"": ""q40- AND businessUnit_s:Accu-Tech"", ""userName_s"": ""211557"", ""refNum_s"": """"}"
"2026-04-14T16:31:36.287Z","ip-10-236-38-105","wesco-sapi-lucidworks-dr","queryParams to partSearch: { ""start"": ""0"", ""rows"": ""5"", ""q"": ""107067928 AND shipLocation_s:11726 AND businessUnit_s:Accu-Tech"", ""userName_s"": ""328995"", ""refNum_s"": ""619803""}"
"2026-04-14T16:29:35.979Z","ip-10-236-36-220","wesco-sapi-lucidworks-dr","queryParams to partSearch: { ""start"": ""0"", ""rows"": ""5"", ""q"": ""RS1U1T AND shipLocation_s:11726 AND businessUnit_s:Accu-Tech"", ""userName_s"": ""236339"", ""refNum_s"": ""622858""}"
"2026-04-14T16:23:14.577Z","ip-10-236-36-220","wesco-sapi-lucidworks-dr","queryParams to partSearch: { ""start"": ""0"", ""rows"": ""5"", ""q"": ""puo6as04-blg AND businessUnit_s:Accu-Tech"", ""userName_s"": ""228294"", ""refNum_s"": """"}"
"2026-04-14T16:05:09.755Z","ip-10-236-36-220","wesco-sapi-lucidworks-dr","queryParams to partSearch: { ""start"": ""0"", ""rows"": ""5"", ""q"": ""CJ688TGBL AND shipLocation_s:14611 AND businessUnit_s:Accu-Tech"", ""userName_s"": ""307070"", ""refNum_s"": ""622016""}"
"2026-04-14T16:02:15.394Z","ip-10-236-36-220","wesco-sapi-lucidworks-dr","queryParams to partSearch: { ""start"": ""0"", ""rows"": ""100"", ""q"": ""CCH-01U* AND salesLocation_s:62532 AND shipLocation_s:11726 AND customerAccount_s:AC0185-4167 AND businessUnit_s:Accu-Tech"", ""userName_s"": ""Foster Burch"", ""refNum_s"": """"}"
"2026-04-14T15:56:46.656Z","ip-10-236-36-220","wesco-sapi-lucidworks-dr","queryParams to partSearch: { ""start"": ""0"", ""rows"": ""5"", ""q"": ""CCH-CP24-E4-P00TE AND shipLocation_s:13429 AND businessUnit_s:Accu-Tech"", ""userName_s"": ""324609"", ""refNum_s"": ""622811""}"
"2026-04-14T15:47:46.123Z","ip-10-236-38-105","wesco-sapi-lucidworks-dr","queryParams to partSearch: { ""start"": ""0"", ""rows"": ""100"", ""q"": "" ICMPP24CP6* AND businessUnit_s:Accu-Tech AND shipLocation_s:11102 AND advancedPartSearch:Y AND businessUnit_s:Accu-Tech"", ""userName_s"": """", ""refNum_s"": ""100012447""}"
"2026-04-14T15:44:55.167Z","ip-10-236-36-220","wesco-sapi-lucidworks-dr","queryParams to partSearch: { ""start"": ""0"", ""rows"": ""100"", ""q"": ""pd915r* AND businessUnit_s:Accu-Tech AND shipLocation_s:12702 AND advancedPartSearch:Y AND businessUnit_s:Accu-Tech"", ""userName_s"": """", ""refNum_s"": ""100012447""}"
"2026-04-14T15:32:39.419Z","ip-10-236-36-220","wesco-sapi-lucidworks-dr","queryParams to partSearch: { ""start"": ""0"", ""rows"": ""5"", ""q"": ""TRT10-12B AND shipLocation_s:12702 AND businessUnit_s:Accu-Tech"", ""userName_s"": ""329313"", ""refNum_s"": ""622667""}"
"2026-04-14T15:26:56.756Z","ip-10-236-38-105","wesco-sapi-lucidworks-dr","queryParams to partSearch: { ""start"": ""0"", ""rows"": ""100"", ""q"": ""403HDJ14* AND salesLocation_s:62531 AND shipLocation_s:15625 AND customerAccount_s:AC0158-5174 AND businessUnit_s:Accu-Tech"", ""userName_s"": ""Christian Beaudet"", ""refNum_s"": """"}"
"2026-04-14T15:26:30.919Z","ip-10-236-36-220","wesco-sapi-lucidworks-dr","queryParams to partSearch: { ""start"": ""0"", ""rows"": ""5"", ""q"": ""T18R0C2 AND businessUnit_s:Accu-Tech"", ""userName_s"": ""228294"", ""refNum_s"": """"}"
"2026-04-14T15:26:20.256Z","ip-10-236-38-105","wesco-sapi-lucidworks-dr","queryParams to partSearch: { ""start"": ""0"", ""rows"": ""5"", ""q"": ""LVFD-24 AND shipLocation_s:15416 AND businessUnit_s:Accu-Tech"", ""userName_s"": ""328842"", ""refNum_s"": ""618222""}"
"2026-04-14T15:15:40.802Z","ip-10-236-36-220","wesco-sapi-lucidworks-dr","queryParams to partSearch: { ""start"": ""0"", ""rows"": ""5"", ""q"": ""SMTL1500RM3UCNC AND shipLocation_s:13429 AND businessUnit_s:Accu-Tech"", ""userName_s"": ""324609"", ""refNum_s"": ""622590""}"
"2026-04-14T14:54:53.638Z","ip-10-236-38-105","wesco-sapi-lucidworks-dr","queryParams to partSearch: { ""start"": ""0"", ""rows"": ""5"", ""q"": ""ss26 AND shipLocation_s:15812 AND businessUnit_s:Accu-Tech"", ""userName_s"": ""321886"", ""refNum_s"": ""622693""}"
"2026-04-14T14:40:22.268Z","ip-10-236-36-220","wesco-sapi-lucidworks-dr","queryParams to partSearch: { ""start"": ""0"", ""rows"": ""5"", ""q"": ""ION106-A AND businessUnit_s:Accu-Tech"", ""userName_s"": ""324687"", ""refNum_s"": """"}"
"2026-04-14T14:30:19.533Z","ip-10-236-36-220","wesco-sapi-lucidworks-dr","queryParams to partSearch: { ""start"": ""0"", ""rows"": ""5"", ""q"": ""9461_060U1000 AND shipLocation_s:16023 AND businessUnit_s:Accu-Tech"", ""userName_s"": """", ""refNum_s"": ""621379""}"
"2026-04-14T14:23:51.247Z","ip-10-236-36-220","wesco-sapi-lucidworks-dr","queryParams to partSearch: { ""start"": ""0"", ""rows"": ""100"", ""q"": ""fisd048ak* AND salesLocation_s:62401 AND shipLocation_s:12601 AND customerAccount_s:AC0162-0905 AND businessUnit_s:Accu-Tech"", ""userName_s"": ""Nolan Ostrander"", ""refNum_s"": """"}"
"2026-04-14T14:21:48.291Z","ip-10-236-36-220","wesco-sapi-lucidworks-dr","queryParams to partSearch: { ""start"": ""0"", ""rows"": ""100"", ""q"": ""A0090K2GC80BP600F* AND salesLocation_s:60373 AND shipLocation_s:13429 AND customerAccount_s:AC0159-0721 AND businessUnit_s:Accu-Tech"", ""userName_s"": ""Alison Moody"", ""refNum_s"": """"}"
"2026-04-14T14:16:51.443Z","ip-10-236-36-220","wesco-sapi-lucidworks-dr","queryParams to partSearch: { ""start"": ""0"", ""rows"": ""5"", ""q"": ""10GX12_004100 AND shipLocation_s:16023 AND businessUnit_s:Accu-Tech"", ""userName_s"": ""326749"", ""refNum_s"": ""622607""}"
"2026-04-14T13:56:43.339Z","ip-10-236-36-220","wesco-sapi-lucidworks-dr","queryParams to partSearch: { ""start"": ""0"", ""rows"": ""100"", ""q"": ""CR36B* AND salesLocation_s:60001 AND shipLocation_s:12619 AND customerAccount_s:AC0155-5833 AND dcLocation_s:7302 AND businessUnit_s:WESCO"", ""userName_s"": ""Josephine Trupiano"", ""refNum_s"": """"}"
"2026-04-14T13:52:00.854Z","ip-10-236-38-105","wesco-sapi-lucidworks-dr","queryParams to partSearch: { ""start"": ""0"", ""rows"": ""100"", ""q"": ""95-200-99* AND salesLocation_s:62395 AND shipLocation_s:12702 AND customerAccount_s:AC0158-2717 AND businessUnit_s:Accu-Tech"", ""userName_s"": ""Chris Seeman"", ""refNum_s"": """"}"
"2026-04-14T13:37:15.975Z","ip-10-236-38-105","wesco-sapi-lucidworks-dr","queryParams to partSearch: { ""start"": ""0"", ""rows"": ""5"", ""q"": ""cs34p-7w AND businessUnit_s:Accu-Tech"", ""userName_s"": ""227835"", ""refNum_s"": """"}"
"2026-04-14T13:32:12.291Z","ip-10-236-38-105","wesco-sapi-lucidworks-dr","queryParams to partSearch: { ""start"": ""0"", ""rows"": ""100"", ""q"": ""02989245074* AND salesLocation_s:60608 AND shipLocation_s:12008 AND customerAccount_s:AC0058-2068 AND dcLocation_s:7305 AND businessUnit_s:WESCO"", ""userName_s"": ""Noah Gelman"", ""refNum_s"": """"}"
"2026-04-14T13:30:30.113Z","ip-10-236-36-220","wesco-sapi-lucidworks-dr","queryParams to partSearch: { ""start"": ""0"", ""rows"": ""100"", ""q"": ""11408-001* AND salesLocation_s:62395 AND shipLocation_s:12702 AND customerAccount_s:AC0158-3117 AND businessUnit_s:Accu-Tech"", ""userName_s"": ""Amanda Wyckoff"", ""refNum_s"": """"}"
"2026-04-14T13:27:02.959Z","ip-10-236-36-220","wesco-sapi-lucidworks-dr","queryParams to partSearch: { ""start"": ""0"", ""rows"": ""100"", ""q"": ""ezp544w* AND salesLocation_s:62395 AND shipLocation_s:12702 AND customerAccount_s:AC0158-4571 AND businessUnit_s:Accu-Tech"", ""userName_s"": ""Steve Kurtinitis"", ""refNum_s"": """"}"
"2026-04-14T13:26:48.869Z","ip-10-236-36-220","wesco-sapi-lucidworks-dr","queryParams to partSearch: { ""start"": ""0"", ""rows"": ""100"", ""q"": ""HC6RPEB* AND salesLocation_s:62395 AND shipLocation_s:12702 AND customerAccount_s:AC0158-2668 AND businessUnit_s:Accu-Tech"", ""userName_s"": ""Parker Mitchell"", ""refNum_s"": """"}"
"2026-04-14T13:26:26.354Z","ip-10-236-38-105","wesco-sapi-lucidworks-dr","queryParams to partSearch: { ""start"": ""0"", ""rows"": ""5"", ""q"": ""T00023000 AND businessUnit_s:Accu-Tech"", ""userName_s"": ""235882"", ""refNum_s"": """"}"
"2026-04-14T13:20:17.888Z","ip-10-236-36-220","wesco-sapi-lucidworks-dr","queryParams to partSearch: { ""start"": ""0"", ""rows"": ""5"", ""q"": ""CCH-CS12-A9-P00RE AND shipLocation_s:11102 AND businessUnit_s:Accu-Tech"", ""userName_s"": ""238320"", ""refNum_s"": ""622548""}"
"2026-04-14T13:20:13.102Z","ip-10-236-36-220","wesco-sapi-lucidworks-dr","queryParams to partSearch: { ""start"": ""0"", ""rows"": ""100"", ""q"": ""PE9098* AND salesLocation_s:61997 AND shipLocation_s:12114 AND customerAccount_s:AC0160-0361 AND businessUnit_s:Accu-Tech"", ""userName_s"": ""Melisha Savage"", ""refNum_s"": """"}"
"2026-04-14T13:13:34.402Z","ip-10-236-38-105","wesco-sapi-lucidworks-dr","queryParams to partSearch: { ""start"": ""0"", ""rows"": ""100"", ""q"": ""12/2 fire alarm* AND salesLocation_s:60608 AND shipLocation_s:12008 AND customerAccount_s:AC0058-2068 AND dcLocation_s:7305 AND businessUnit_s:WESCO"", ""userName_s"": ""Noah Gelman"", ""refNum_s"": """"}"
"2026-04-14T13:01:58.467Z","ip-10-236-38-105","wesco-sapi-lucidworks-dr","queryParams to partSearch: { ""start"": ""0"", ""rows"": ""100"", ""q"": ""PNO-A9311RLP* AND salesLocation_s:61962 AND shipLocation_s:16023 AND customerAccount_s:AC0186-3068 AND businessUnit_s:Accu-Tech"", ""userName_s"": ""Jennie Robinson"", ""refNum_s"": """"}"
"2026-04-14T12:57:39.462Z","ip-10-236-36-220","wesco-sapi-lucidworks-dr","queryParams to partSearch: { ""start"": ""0"", ""rows"": ""100"", ""q"": ""6110G-RW6* AND salesLocation_s:62399 AND shipLocation_s:15812 AND customerAccount_s:AC0186-7883 AND businessUnit_s:Accu-Tech"", ""userName_s"": ""Dennis Donegan"", ""refNum_s"": """"}"
"2026-04-14T12:51:12.636Z","ip-10-236-38-105","wesco-sapi-lucidworks-dr","queryParams to partSearch: { ""start"": ""0"", ""rows"": ""100"", ""q"": ""rg6 plenum* AND businessUnit_s:Accu-Tech AND shipLocation_s:12304 AND advancedPartSearch:Y AND businessUnit_s:Accu-Tech"", ""userName_s"": """", ""refNum_s"": ""100012447""}"
"2026-04-14T12:50:35.365Z","ip-10-236-36-220","wesco-sapi-lucidworks-dr","queryParams to partSearch: { ""start"": ""0"", ""rows"": ""5"", ""q"": ""AX102665 AND shipLocation_s:14810 AND businessUnit_s:Accu-Tech"", ""userName_s"": ""308661"", ""refNum_s"": ""622203""}"
"2026-04-14T12:34:33.094Z","ip-10-236-36-220","wesco-sapi-lucidworks-dr","queryParams to partSearch: { ""start"": ""0"", ""rows"": ""100"", ""q"": ""lmr-600* AND salesLocation_s:62474 AND shipLocation_s:13417 AND customerAccount_s:AC0158-6317 AND businessUnit_s:Accu-Tech"", ""userName_s"": ""Kelly Szymanski"", ""refNum_s"": """"}"
"2026-04-14T12:13:23.322Z","ip-10-236-36-220","wesco-sapi-lucidworks-dr","queryParams to partSearch: { ""start"": ""0"", ""rows"": ""100"", ""q"": ""cch-04U* AND salesLocation_s:61996 AND shipLocation_s:12304 AND customerAccount_s:AC0158-1468 AND businessUnit_s:Accu-Tech"", ""userName_s"": ""Matt Daly"", ""refNum_s"": """"}"
"2026-04-14T12:12:20.145Z","ip-10-236-36-220","wesco-sapi-lucidworks-dr","queryParams to partSearch: { ""start"": ""0"", ""rows"": ""5"", ""q"": ""mctp6bi- AND shipLocation_s:16043 AND businessUnit_s:Accu-Tech"", ""userName_s"": ""227199"", ""refNum_s"": ""622473""}"
"2026-04-14T01:08:35.535Z","ip-10-236-38-105","wesco-sapi-lucidworks-dr","queryParams to partSearch: { ""start"": ""0"", ""rows"": ""5"", ""q"": ""UTP28X3BU AND businessUnit_s:Accu-Tech"", ""userName_s"": ""226011"", ""refNum_s"": """"}"
"2026-04-13T23:35:38.465Z","ip-10-236-38-105","wesco-sapi-lucidworks-dr","queryParams to partSearch: { ""start"": ""0"", ""rows"": ""5"", ""q"": ""WASHER_SPL_KIT_EG AND shipLocation_s:15414 AND businessUnit_s:Accu-Tech"", ""userName_s"": ""216112"", ""refNum_s"": ""621773""}"
"2026-04-13T22:35:59.714Z","ip-10-236-38-105","wesco-sapi-lucidworks-dr","queryParams to partSearch: { ""start"": ""0"", ""rows"": ""5"", ""q"": ""002Z48-21V31M29 AND shipLocation_s:15416 AND businessUnit_s:Accu-Tech"", ""userName_s"": ""328811"", ""refNum_s"": ""622411""}"
"2026-04-13T21:53:18.806Z","ip-10-236-36-220","wesco-sapi-lucidworks-dr","queryParams to partSearch: { ""start"": ""0"", ""rows"": ""5"", ""q"": ""1-0 AND shipLocation_s:14506 AND businessUnit_s:Accu-Tech"", ""userName_s"": ""209989"", ""refNum_s"": ""622392""}"
"2026-04-13T21:47:54.763Z","ip-10-236-36-220","wesco-sapi-lucidworks-dr","queryParams to partSearch: { ""start"": ""0"", ""rows"": ""5"", ""q"": ""FX2ERLNLNSNM002 AND shipLocation_s:12114 AND businessUnit_s:Accu-Tech"", ""userName_s"": ""235882"", ""refNum_s"": ""622387""}"
"2026-04-13T21:37:08.180Z","ip-10-236-38-105","wesco-sapi-lucidworks-dr","queryParams to partSearch: { ""start"": ""0"", ""rows"": ""5"", ""q"": ""mc6a10- AND shipLocation_s:15642 AND businessUnit_s:Accu-Tech"", ""userName_s"": ""208850"", ""refNum_s"": ""619500""}"
"2026-04-13T21:21:37.834Z","ip-10-236-36-220","wesco-sapi-lucidworks-dr","queryParams to partSearch: { ""start"": ""0"", ""rows"": ""5"", ""q"": ""10GXS13004A1000 AND shipLocation_s:11411 AND businessUnit_s:Accu-Tech"", ""userName_s"": ""228294"", ""refNum_s"": ""622369""}"
"2026-04-13T21:05:16.741Z","ip-10-236-38-105","wesco-sapi-lucidworks-dr","queryParams to partSearch: { ""start"": ""0"", ""rows"": ""5"", ""q"": ""THT-9-427- AND shipLocation_s:12304 AND businessUnit_s:Accu-Tech"", ""userName_s"": ""233642"", ""refNum_s"": ""622359""}"
"2026-04-13T20:59:16.347Z","ip-10-236-38-105","wesco-sapi-lucidworks-dr","queryParams to partSearch: { ""start"": ""0"", ""rows"": ""5"", ""q"": ""852-LL2-066 AND shipLocation_s:14611 AND businessUnit_s:Accu-Tech"", ""userName_s"": ""303596"", ""refNum_s"": ""621595""}"
"2026-04-13T20:57:17.533Z","ip-10-236-38-105","wesco-sapi-lucidworks-dr","queryParams to partSearch: { ""start"": ""0"", ""rows"": ""5"", ""q"": ""T-45BIW AND shipLocation_s:12702 AND businessUnit_s:Accu-Tech"", ""userName_s"": ""212861"", ""refNum_s"": ""622335""}"
"2026-04-13T20:48:24.902Z","ip-10-236-38-105","wesco-sapi-lucidworks-dr","queryParams to partSearch: { ""start"": ""0"", ""rows"": ""5"", ""q"": ""41084-BI AND shipLocation_s:14506 AND businessUnit_s:Accu-Tech"", ""userName_s"": ""320529"", ""refNum_s"": ""622321""}"
"2026-04-13T20:47:35.161Z","ip-10-236-36-220","wesco-sapi-lucidworks-dr","queryParams to partSearch: { ""start"": ""0"", ""rows"": ""100"", ""q"": ""cs34p-7w* AND businessUnit_s:Accu-Tech AND shipLocation_s:12114 AND advancedPartSearch:Y AND businessUnit_s:Accu-Tech"", ""userName_s"": """", ""refNum_s"": ""100012447""}"
"2026-04-13T20:40:41.753Z","ip-10-236-38-105","wesco-sapi-lucidworks-dr","queryParams to partSearch: { ""start"": ""0"", ""rows"": ""100"", ""q"": ""AX102249* AND salesLocation_s:61996 AND shipLocation_s:12304 AND customerAccount_s:AC0158-0883 AND businessUnit_s:Accu-Tech"", ""userName_s"": ""Chris Keith"", ""refNum_s"": """"}"
"2026-04-13T20:40:18.817Z","ip-10-236-36-220","wesco-sapi-lucidworks-dr","queryParams to partSearch: { ""start"": ""0"", ""rows"": ""5"", ""q"": ""tmgb-a20l AND shipLocation_s:15642 AND businessUnit_s:Accu-Tech"", ""userName_s"": ""208850"", ""refNum_s"": ""621664""}"
"2026-04-13T20:36:17.547Z","ip-10-236-36-220","wesco-sapi-lucidworks-dr","queryParams to partSearch: { ""start"": ""0"", ""rows"": ""100"", ""q"": ""j931* AND salesLocation_s:60001 AND shipLocation_s:12619 AND customerAccount_s:AC0084-8010 AND dcLocation_s:7302 AND businessUnit_s:WESCO"", ""userName_s"": ""Daniel Chase"", ""refNum_s"": """"}"
"2026-04-13T20:35:19.126Z","ip-10-236-36-220","wesco-sapi-lucidworks-dr","queryParams to partSearch: { ""start"": ""0"", ""rows"": ""5"", ""q"": ""576-110-005 AND shipLocation_s:16023 AND businessUnit_s:Accu-Tech"", ""userName_s"": ""326749"", ""refNum_s"": ""621832""}"
"2026-04-13T20:26:41.663Z","ip-10-236-38-105","wesco-sapi-lucidworks-dr","queryParams to partSearch: { ""start"": ""0"", ""rows"": ""5"", ""q"": ""smt1500rm2 AND shipLocation_s:16023 AND businessUnit_s:Accu-Tech"", ""userName_s"": ""326749"", ""refNum_s"": ""621832""}"
"2026-04-13T20:26:39.502Z","ip-10-236-36-220","wesco-sapi-lucidworks-dr","queryParams to partSearch: { ""start"": ""0"", ""rows"": ""5"", ""q"": ""smt1500 AND shipLocation_s:16023 AND businessUnit_s:Accu-Tech"", ""userName_s"": ""326749"", ""refNum_s"": ""621832""}"
"2026-04-13T20:25:21.440Z","ip-10-236-38-105","wesco-sapi-lucidworks-dr","queryParams to partSearch: { ""start"": ""0"", ""rows"": ""100"", ""q"": ""072T88-T3190-29.* AND salesLocation_s:69609 AND shipLocation_s:12702 AND customerAccount_s:AC0163-4076 AND businessUnit_s:Accu-Tech"", ""userName_s"": ""Ryan Punsalan"", ""refNum_s"": """"}"
"2026-04-13T20:22:38.249Z","ip-10-236-36-220","wesco-sapi-lucidworks-dr","queryParams to partSearch: { ""start"": ""0"", ""rows"": ""5"", ""q"": ""040402 AND shipLocation_s:15416 AND businessUnit_s:Accu-Tech"", ""userName_s"": ""328811"", ""refNum_s"": ""622269""}"
"2026-04-13T20:20:50.903Z","ip-10-236-38-105","wesco-sapi-lucidworks-dr","queryParams to partSearch: { ""start"": ""0"", ""rows"": ""5"", ""q"": ""41296-MMW AND shipLocation_s:12114 AND businessUnit_s:Accu-Tech"", ""userName_s"": ""235327"", ""refNum_s"": ""620924""}"
"2026-04-13T20:20:34.311Z","ip-10-236-36-220","wesco-sapi-lucidworks-dr","queryParams to partSearch: { ""start"": ""0"", ""rows"": ""5"", ""q"": ""5nf4 AND businessUnit_s:Accu-Tech"", ""userName_s"": ""226022"", ""refNum_s"": """"}"
"2026-04-13T20:12:24.773Z","ip-10-236-36-220","wesco-sapi-lucidworks-dr","queryParams to partSearch: { ""start"": ""0"", ""rows"": ""5"", ""q"": ""40 AND shipLocation_s:15009 AND businessUnit_s:Accu-Tech"", ""userName_s"": ""308831"", ""refNum_s"": ""622254""}"
"2026-04-13T20:04:32.347Z","ip-10-236-36-220","wesco-sapi-lucidworks-dr","queryParams to partSearch: { ""start"": ""0"", ""rows"": ""5"", ""q"": ""cs34o-0 AND shipLocation_s:11411 AND businessUnit_s:Accu-Tech"", ""userName_s"": ""210666"", ""refNum_s"": ""622266""}"
"2026-04-13T20:02:50.754Z","ip-10-236-38-105","wesco-sapi-lucidworks-dr","queryParams to partSearch: { ""start"": ""0"", ""rows"": ""5"", ""q"": ""foas AND shipLocation_s:11411 AND businessUnit_s:Accu-Tech"", ""userName_s"": ""210666"", ""refNum_s"": ""622266""}"
"2026-04-13T19:58:00.916Z","ip-10-236-38-105","wesco-sapi-lucidworks-dr","queryParams to partSearch: { ""start"": ""0"", ""rows"": ""100"", ""q"": ""AX101321* AND salesLocation_s:62532 AND shipLocation_s:11726 AND customerAccount_s:AC0159-0059 AND businessUnit_s:Accu-Tech"", ""userName_s"": ""John Croucher"", ""refNum_s"": """"}"
"2026-04-13T19:46:56.410Z","ip-10-236-38-105","wesco-sapi-lucidworks-dr","queryParams to partSearch: { ""start"": ""0"", ""rows"": ""100"", ""q"": "" 1030954AT* AND businessUnit_s:Accu-Tech AND shipLocation_s:12304 AND advancedPartSearch:Y AND businessUnit_s:Accu-Tech"", ""userName_s"": """", ""refNum_s"": ""100012447""}"
"2026-04-13T19:43:31.409Z","ip-10-236-36-220","wesco-sapi-lucidworks-dr","queryParams to partSearch: { ""start"": ""0"", ""rows"": ""100"", ""q"": ""760249148* AND businessUnit_s:Accu-Tech AND shipLocation_s:16043 AND advancedPartSearch:Y AND businessUnit_s:Accu-Tech"", ""userName_s"": """", ""refNum_s"": ""100012447""}"
"2026-04-13T19:42:58.695Z","ip-10-236-36-220","wesco-sapi-lucidworks-dr","queryParams to partSearch: { ""start"": ""0"", ""rows"": ""5"", ""q"": ""40164-001 AND shipLocation_s:16011 AND businessUnit_s:Accu-Tech"", ""userName_s"": ""329137"", ""refNum_s"": ""622158""}"
"2026-04-13T19:38:02.904Z","ip-10-236-36-220","wesco-sapi-lucidworks-dr","queryParams to partSearch: { ""start"": ""0"", ""rows"": ""100"", ""q"": ""m10l-262* AND businessUnit_s:Accu-Tech AND shipLocation_s:16043 AND advancedPartSearch:Y AND businessUnit_s:Accu-Tech"", ""userName_s"": """", ""refNum_s"": ""100012447""}"
"2026-04-13T19:33:57.972Z","ip-10-236-36-220","wesco-sapi-lucidworks-dr","queryParams to partSearch: { ""start"": ""0"", ""rows"": ""5"", ""q"": ""OR-404TJ6 AND shipLocation_s:12702 AND businessUnit_s:Accu-Tech"", ""userName_s"": ""238367"", ""refNum_s"": ""612582""}"
"2026-04-13T19:28:59.602Z","ip-10-236-38-105","wesco-sapi-lucidworks-dr","queryParams to partSearch: { ""start"": ""0"", ""rows"": ""5"", ""q"": ""BCH12-W2 AND shipLocation_s:13417 AND businessUnit_s:Accu-Tech"", ""userName_s"": ""310311"", ""refNum_s"": ""622169""}"
"2026-04-13T19:17:06.276Z","ip-10-236-38-105","wesco-sapi-lucidworks-dr","queryParams to partSearch: { ""start"": ""0"", ""rows"": ""5"", ""q"": ""95- AND shipLocation_s:15819 AND businessUnit_s:Accu-Tech"", ""userName_s"": ""223220"", ""refNum_s"": ""621078""}"
"2026-04-13T19:06:49.334Z","ip-10-236-38-105","wesco-sapi-lucidworks-dr","queryParams to partSearch: { ""start"": ""0"", ""rows"": ""100"", ""q"": ""fp-lbl-4p* AND salesLocation_s:61997 AND shipLocation_s:12114 AND customerAccount_s:AC0162-3085 AND businessUnit_s:Accu-Tech"", ""userName_s"": ""Ignacio Torres"", ""refNum_s"": """"}"
"2026-04-13T19:06:21.929Z","ip-10-236-36-220","wesco-sapi-lucidworks-dr","queryParams to partSearch: { ""start"": ""0"", ""rows"": ""5"", ""q"": ""pft-1ru-10 AND businessUnit_s:Accu-Tech"", ""userName_s"": ""227658"", ""refNum_s"": ""621951""}"
"2026-04-13T19:02:26.359Z","ip-10-236-38-105","wesco-sapi-lucidworks-dr","queryParams to partSearch: { ""start"": ""0"", ""rows"": ""5"", ""q"": ""cs AND shipLocation_s:14509 AND businessUnit_s:Accu-Tech"", ""userName_s"": ""316066"", ""refNum_s"": ""622114""}"
"2026-04-13T18:50:49.113Z","ip-10-236-38-105","wesco-sapi-lucidworks-dr","queryParams to partSearch: { ""start"": ""0"", ""rows"": ""5"", ""q"": ""6B-246-4 AND shipLocation_s:13417 AND businessUnit_s:Accu-Tech"", ""userName_s"": ""323948"", ""refNum_s"": ""622112""}"
"2026-04-13T18:33:50.473Z","ip-10-236-38-105","wesco-sapi-lucidworks-dr","queryParams to partSearch: { ""start"": ""0"", ""rows"": ""5"", ""q"": ""401045290 AND shipLocation_s:15609 AND businessUnit_s:Accu-Tech"", ""userName_s"": ""226022"", ""refNum_s"": ""622083""}"
"2026-04-13T18:33:24.103Z","ip-10-236-36-220","wesco-sapi-lucidworks-dr","queryParams to partSearch: { ""start"": ""0"", ""rows"": ""5"", ""q"": ""lynx3-lcupc-sm-25 AND shipLocation_s:11411 AND businessUnit_s:Accu-Tech"", ""userName_s"": ""228294"", ""refNum_s"": ""622069""}"
"2026-04-13T18:29:54.548Z","ip-10-236-38-105","wesco-sapi-lucidworks-dr","queryParams to partSearch: { ""start"": ""0"", ""rows"": ""100"", ""q"": ""40300547-00* AND salesLocation_s:62400 AND shipLocation_s:14112 AND customerAccount_s:AC0189-0389 AND businessUnit_s:Accu-Tech"", ""userName_s"": ""Matthew Hosford"", ""refNum_s"": """"}"
"2026-04-13T18:27:27.656Z","ip-10-236-36-220","wesco-sapi-lucidworks-dr","queryParams to partSearch: { ""start"": ""0"", ""rows"": ""5"", ""q"": ""4g2450/ AND shipLocation_s:11726 AND businessUnit_s:Accu-Tech"", ""userName_s"": ""236339"", ""refNum_s"": ""622071""}"
"2026-04-13T17:51:19.413Z","ip-10-236-38-105","wesco-sapi-lucidworks-dr","queryParams to partSearch: { ""start"": ""0"", ""rows"": ""5"", ""q"": ""6000UE8771000 AND shipLocation_s:14611 AND businessUnit_s:Accu-Tech"", ""userName_s"": ""303596"", ""refNum_s"": ""622014""}"
"2026-04-13T17:51:18.029Z","ip-10-236-36-220","wesco-sapi-lucidworks-dr","queryParams to partSearch: { ""start"": ""0"", ""rows"": ""5"", ""q"": ""VP9571A AND businessUnit_s:Accu-Tech"", ""userName_s"": ""302568"", ""refNum_s"": """"}"
"2026-04-13T17:50:16.576Z","ip-10-236-38-105","wesco-sapi-lucidworks-dr","queryParams to partSearch: { ""start"": ""0"", ""rows"": ""100"", ""q"": ""t1000x000vpn-bk* AND businessUnit_s:Accu-Tech AND shipLocation_s:15642 AND advancedPartSearch:Y AND businessUnit_s:Accu-Tech"", ""userName_s"": """", ""refNum_s"": ""100012447""}"
"2026-04-13T17:43:29.446Z","ip-10-236-38-105","wesco-sapi-lucidworks-dr","queryParams to partSearch: { ""start"": ""0"", ""rows"": ""100"", ""q"": ""13930-701* AND businessUnit_s:Accu-Tech AND shipLocation_s:11726 AND advancedPartSearch:Y AND businessUnit_s:Accu-Tech"", ""userName_s"": """", ""refNum_s"": ""100012447""}"
"2026-04-13T17:27:05.484Z","ip-10-236-36-220","wesco-sapi-lucidworks-dr","queryParams to partSearch: { ""start"": ""0"", ""rows"": ""5"", ""q"": ""DPLN25_732 AND shipLocation_s:14810 AND businessUnit_s:Accu-Tech"", ""userName_s"": ""308661"", ""refNum_s"": ""618919""}"
"2026-04-13T16:54:50.414Z","ip-10-236-36-220","wesco-sapi-lucidworks-dr","queryParams to partSearch: { ""start"": ""0"", ""rows"": ""5"", ""q"": ""FOAS2FSMLCLC AND shipLocation_s:11726 AND businessUnit_s:Accu-Tech"", ""userName_s"": ""302568"", ""refNum_s"": ""621745""}"
"2026-04-13T16:54:45.268Z","ip-10-236-38-105","wesco-sapi-lucidworks-dr","queryParams to partSearch: { ""start"": ""0"", ""rows"": ""5"", ""q"": ""6502f AND shipLocation_s:15642 AND businessUnit_s:Accu-Tech"", ""userName_s"": ""223895"", ""refNum_s"": ""621925""}"
"2026-04-13T16:45:58.260Z","ip-10-236-36-220","wesco-sapi-lucidworks-dr","queryParams to partSearch: { ""start"": ""0"", ""rows"": ""5"", ""q"": ""FWME2 AND shipLocation_s:12601 AND businessUnit_s:Accu-Tech"", ""userName_s"": ""334092"", ""refNum_s"": ""621906""}"
"2026-04-13T16:29:47.947Z","ip-10-236-38-105","wesco-sapi-lucidworks-dr","queryParams to partSearch: { ""start"": ""0"", ""rows"": ""100"", ""q"": ""576-110-005* AND salesLocation_s:62473 AND shipLocation_s:13429 AND customerAccount_s:AC0158-6194 AND businessUnit_s:Accu-Tech"", ""userName_s"": ""John-Riley Hathcock"", ""refNum_s"": """"}"
"2026-04-13T16:14:41.236Z","ip-10-236-38-105","wesco-sapi-lucidworks-dr","queryParams to partSearch: { ""start"": ""0"", ""rows"": ""5"", ""q"": ""7602 AND businessUnit_s:Accu-Tech"", ""userName_s"": ""327898"", ""refNum_s"": """"}"
"2026-04-13T15:51:06.584Z","ip-10-236-36-220","wesco-sapi-lucidworks-dr","queryParams to partSearch: { ""start"": ""0"", ""rows"": ""5"", ""q"": ""M14L-262 AND shipLocation_s:12908 AND businessUnit_s:Accu-Tech"", ""userName_s"": ""321602"", ""refNum_s"": ""621813""}"
"2026-04-13T15:46:20.162Z","ip-10-236-36-220","wesco-sapi-lucidworks-dr","queryParams to partSearch: { ""start"": ""0"", ""rows"": ""5"", ""q"": ""N080-101 AND shipLocation_s:12702 AND businessUnit_s:Accu-Tech"", ""userName_s"": ""227520"", ""refNum_s"": ""621794""}"
"2026-04-13T15:45:59.629Z","ip-10-236-36-220","wesco-sapi-lucidworks-dr","queryParams to partSearch: { ""start"": ""0"", ""rows"": ""5"", ""q"": ""tze221 AND shipLocation_s:14506 AND businessUnit_s:Accu-Tech"", ""userName_s"": ""209989"", ""refNum_s"": ""621679""}"
"2026-04-13T15:36:19.298Z","ip-10-236-36-220","wesco-sapi-lucidworks-dr","queryParams to partSearch: { ""start"": ""0"", ""rows"": ""5"", ""q"": ""sbv-180ww AND shipLocation_s:12114 AND businessUnit_s:Accu-Tech"", ""userName_s"": ""235327"", ""refNum_s"": ""619404""}"
"2026-04-13T15:15:15.923Z","ip-10-236-36-220","wesco-sapi-lucidworks-dr","queryParams to partSearch: { ""start"": ""0"", ""rows"": ""5"", ""q"": ""foas2 AND shipLocation_s:11726 AND businessUnit_s:Accu-Tech"", ""userName_s"": ""302568"", ""refNum_s"": ""621745""}"
"2026-04-13T15:13:18.268Z","ip-10-236-38-105","wesco-sapi-lucidworks-dr","queryParams to partSearch: { ""start"": ""0"", ""rows"": ""5"", ""q"": ""S7-50-C2 AND shipLocation_s:11726 AND businessUnit_s:Accu-Tech"", ""userName_s"": ""236339"", ""refNum_s"": ""621687""}"
"2026-04-13T15:10:42.724Z","ip-10-236-36-220","wesco-sapi-lucidworks-dr","queryParams to partSearch: { ""start"": ""0"", ""rows"": ""5"", ""q"": ""cj6x88tg AND shipLocation_s:16011 AND businessUnit_s:Accu-Tech"", ""userName_s"": ""328841"", ""refNum_s"": ""621632""}"
"2026-04-13T14:57:36.031Z","ip-10-236-38-105","wesco-sapi-lucidworks-dr","queryParams to partSearch: { ""start"": ""0"", ""rows"": ""5"", ""q"": ""41086-MLG AND shipLocation_s:14611 AND businessUnit_s:Accu-Tech"", ""userName_s"": ""339347"", ""refNum_s"": ""621481""}"
"2026-04-13T14:46:55.382Z","ip-10-236-36-220","wesco-sapi-lucidworks-dr","queryParams to partSearch: { ""start"": ""0"", ""rows"": ""5"", ""q"": ""PNM-8082VT AND shipLocation_s:15819 AND businessUnit_s:Accu-Tech"", ""userName_s"": ""223220"", ""refNum_s"": ""621670""}"
"2026-04-13T14:45:46.352Z","ip-10-236-36-220","wesco-sapi-lucidworks-dr","queryParams to partSearch: { ""start"": ""0"", ""rows"": ""100"", ""q"": ""1059572AT* AND businessUnit_s:Accu-Tech AND shipLocation_s:11726 AND advancedPartSearch:Y AND businessUnit_s:Accu-Tech"", ""userName_s"": """", ""refNum_s"": ""100012447""}"
"2026-04-13T14:36:16.414Z","ip-10-236-38-105","wesco-sapi-lucidworks-dr","queryParams to partSearch: { ""start"": ""0"", ""rows"": ""5"", ""q"": ""mctp6ab AND shipLocation_s:15642 AND businessUnit_s:Accu-Tech"", ""userName_s"": ""208850"", ""refNum_s"": ""621664""}"
"2026-04-13T14:24:24.067Z","ip-10-236-36-220","wesco-sapi-lucidworks-dr","queryParams to partSearch: { ""start"": ""0"", ""rows"": ""100"", ""q"": ""CBX1WH-A* AND businessUnit_s:Accu-Tech AND shipLocation_s:16011 AND advancedPartSearch:Y AND businessUnit_s:Accu-Tech"", ""userName_s"": """", ""refNum_s"": ""100012447""}"
"2026-04-13T14:16:56.566Z","ip-10-236-38-105","wesco-sapi-lucidworks-dr","queryParams to partSearch: { ""start"": ""0"", ""rows"": ""100"", ""q"": ""JR196L* AND businessUnit_s:WESCO AND shipLocation_s:12402 AND advancedPartSearch:Y AND businessUnit_s:WESCO"", ""userName_s"": """", ""refNum_s"": ""100012447""}"
"2026-04-13T14:08:39.029Z","ip-10-236-38-105","wesco-sapi-lucidworks-dr","queryParams to partSearch: { ""start"": ""0"", ""rows"": ""5"", ""q"": ""COGLL1DAR-21M-WH AND shipLocation_s:14611 AND businessUnit_s:Accu-Tech"", ""userName_s"": ""339347"", ""refNum_s"": ""621481""}"
"2026-04-13T14:02:05.695Z","ip-10-236-38-105","wesco-sapi-lucidworks-dr","queryParams to partSearch: { ""start"": ""0"", ""rows"": ""5"", ""q"": ""1020676AT AND shipLocation_s:16041 AND businessUnit_s:Accu-Tech"", ""userName_s"": ""337765"", ""refNum_s"": ""621589""}"
"2026-04-13T13:59:25.109Z","ip-10-236-36-220","wesco-sapi-lucidworks-dr","queryParams to partSearch: { ""start"": ""0"", ""rows"": ""100"", ""q"": ""1046406at* AND salesLocation_s:62400 AND shipLocation_s:14112 AND customerAccount_s:AC0162-8055 AND businessUnit_s:Accu-Tech"", ""userName_s"": ""Matthew Hosford"", ""refNum_s"": """"}"
"2026-04-13T13:57:40.057Z","ip-10-236-38-105","wesco-sapi-lucidworks-dr","queryParams to partSearch: { ""start"": ""0"", ""rows"": ""5"", ""q"": ""807 AND shipLocation_s:12601 AND businessUnit_s:Accu-Tech"", ""userName_s"": ""224014"", ""refNum_s"": ""621583""}"
"2026-04-13T13:55:59.140Z","ip-10-236-38-105","wesco-sapi-lucidworks-dr","queryParams to partSearch: { ""start"": ""0"", ""rows"": ""100"", ""q"": ""JBP1DWH* AND salesLocation_s:62395 AND shipLocation_s:12702 AND customerAccount_s:AC0158-1223 AND businessUnit_s:Accu-Tech"", ""userName_s"": ""Parker Mitchell"", ""refNum_s"": """"}"
"2026-04-13T13:53:15.246Z","ip-10-236-38-105","wesco-sapi-lucidworks-dr","queryParams to partSearch: { ""start"": ""0"", ""rows"": ""5"", ""q"": ""UPPLC-S01 AND shipLocation_s:14205 AND businessUnit_s:Accu-Tech"", ""userName_s"": ""230516"", ""refNum_s"": ""620795""}"
"2026-04-13T13:48:39.677Z","ip-10-236-36-220","wesco-sapi-lucidworks-dr","queryParams to partSearch: { ""start"": ""0"", ""rows"": ""100"", ""q"": ""CF105/600BL* AND salesLocation_s:62400 AND shipLocation_s:14112 AND customerAccount_s:AC0189-0389 AND businessUnit_s:Accu-Tech"", ""userName_s"": ""Matthew Hosford"", ""refNum_s"": """"}"
"2026-04-13T13:30:52.266Z","ip-10-236-38-105","wesco-sapi-lucidworks-dr","queryParams to partSearch: { ""start"": ""0"", ""rows"": ""5"", ""q"": ""760257321 AND shipLocation_s:14509 AND businessUnit_s:Accu-Tech"", ""userName_s"": ""316066"", ""refNum_s"": ""621529""}"
"2026-04-13T13:28:47.565Z","ip-10-236-36-220","wesco-sapi-lucidworks-dr","queryParams to partSearch: { ""start"": ""0"", ""rows"": ""100"", ""q"": ""F2U-N6B2-NDEN-VGN* AND salesLocation_s:60697 AND shipLocation_s:16014 AND customerAccount_s:AC0000-0821 AND dcLocation_s:5689 AND businessUnit_s:WESCO"", ""userName_s"": ""Jennifer Lee"", ""refNum_s"": """"}"
"2026-04-13T13:23:48.548Z","ip-10-236-38-105","wesco-sapi-lucidworks-dr","queryParams to partSearch: { ""start"": ""0"", ""rows"": ""5"", ""q"": ""41084 AND shipLocation_s:11102 AND businessUnit_s:Accu-Tech"", ""userName_s"": ""206552"", ""refNum_s"": ""621502""}"
"2026-04-13T13:15:54.746Z","ip-10-236-38-105","wesco-sapi-lucidworks-dr","queryParams to partSearch: { ""start"": ""0"", ""rows"": ""100"", ""q"": ""6ES7392-1AM00-0AA0* AND salesLocation_s:60627 AND shipLocation_s:14507 AND customerAccount_s:AC0000-3244 AND dcLocation_s:7303 AND businessUnit_s:WESCO"", ""userName_s"": ""Meaghan Reidy"", ""refNum_s"": """"}"
"2026-04-13T13:11:07.599Z","ip-10-236-36-220","wesco-sapi-lucidworks-dr","queryParams to partSearch: { ""start"": ""0"", ""rows"": ""100"", ""q"": ""PCC6B-GN-50* AND salesLocation_s:62396 AND shipLocation_s:14802 AND customerAccount_s:AC0158-4484 AND businessUnit_s:Accu-Tech"", ""userName_s"": ""Kyle Edwards"", ""refNum_s"": """"}"
"2026-04-13T12:52:54.237Z","ip-10-236-38-105","wesco-sapi-lucidworks-dr","queryParams to partSearch: { ""start"": ""0"", ""rows"": ""100"", ""q"": ""TZE231G* AND salesLocation_s:62679 AND shipLocation_s:12908 AND customerAccount_s:AC0158-0571 AND businessUnit_s:Accu-Tech"", ""userName_s"": ""Jacquelyn Booth"", ""refNum_s"": """"}"
"2026-04-13T12:31:57.625Z","ip-10-236-38-105","wesco-sapi-lucidworks-dr","queryParams to partSearch: { ""start"": ""0"", ""rows"": ""100"", ""q"": ""MTPPRO-TOOL* AND salesLocation_s:69609 AND shipLocation_s:12702 AND customerAccount_s:AC0163-4637 AND businessUnit_s:Accu-Tech"", ""userName_s"": ""Peter Weidman-Keneagy"", ""refNum_s"": """"}"
"2026-04-13T12:29:49.452Z","ip-10-236-36-220","wesco-sapi-lucidworks-dr","queryParams to partSearch: { ""start"": ""0"", ""rows"": ""100"", ""q"": ""SP6U48* AND salesLocation_s:62473 AND shipLocation_s:13429 AND customerAccount_s:AC0158-6194 AND businessUnit_s:Accu-Tech"", ""userName_s"": ""John-Riley Hathcock"", ""refNum_s"": """"}"
"2026-04-13T12:25:17.831Z","ip-10-236-38-105","wesco-sapi-lucidworks-dr","queryParams to partSearch: { ""start"": ""0"", ""rows"": ""100"", ""q"": ""cch-cs12-ae-p00re* AND salesLocation_s:62532 AND shipLocation_s:11726 AND customerAccount_s:AC0158-2155 AND businessUnit_s:Accu-Tech"", ""userName_s"": ""Austin Collins"", ""refNum_s"": """"}"
"2026-04-13T12:21:53.014Z","ip-10-236-36-220","wesco-sapi-lucidworks-dr","queryParams to partSearch: { ""start"": ""0"", ""rows"": ""5"", ""q"": ""str AND shipLocation_s:11726 AND businessUnit_s:Accu-Tech"", ""userName_s"": ""327898"", ""refNum_s"": ""621416""}"
"2026-04-13T11:42:55.691Z","ip-10-236-38-105","wesco-sapi-lucidworks-dr","queryParams to partSearch: { ""start"": ""0"", ""rows"": ""5"", ""q"": ""a12tb3r9f1-b AND shipLocation_s:14611 AND businessUnit_s:Accu-Tech"", ""userName_s"": ""240568"", ""refNum_s"": ""621381""}"
"2026-04-13T09:37:35.398Z","ip-10-236-36-220","wesco-sapi-lucidworks-dr","queryParams to partSearch: { ""start"": ""0"", ""rows"": ""100"", ""q"": ""PART1* AND salesLocation_s:60608 AND shipLocation_s:12008 AND customerAccount_s:AC0189-0358 AND businessUnit_s:WESCO"", ""userName_s"": """", ""refNum_s"": """"}"
"2026-04-13T01:11:06.857Z","ip-10-236-36-220","wesco-sapi-lucidworks-dr","queryParams to partSearch: { ""start"": ""0"", ""rows"": ""5"", ""q"": ""AFR-00348 AND businessUnit_s:Accu-Tech"", ""userName_s"": ""206565"", ""refNum_s"": """"}"
"2026-04-11T15:07:17.469Z","ip-10-236-38-105","wesco-sapi-lucidworks-dr","queryParams to partSearch: { ""start"": ""0"", ""rows"": ""100"", ""q"": ""18H70* AND salesLocation_s:61171 AND shipLocation_s:12402 AND customerAccount_s:AC0001-5961 AND dcLocation_s:7302 AND businessUnit_s:WESCO"", ""userName_s"": ""Danny Jenkins"", ""refNum_s"": """"}"
"2026-04-11T13:58:03.541Z","ip-10-236-36-220","wesco-sapi-lucidworks-dr","queryParams to partSearch: { ""start"": ""0"", ""rows"": ""100"", ""q"": ""6800* AND salesLocation_s:61171 AND shipLocation_s:12402 AND customerAccount_s:AC0001-5961 AND dcLocation_s:7302 AND businessUnit_s:WESCO"", ""userName_s"": ""Danny Jenkins"", ""refNum_s"": """"}"
"2026-04-10T23:09:55.846Z","ip-10-236-36-220","wesco-sapi-lucidworks-dr","queryParams to partSearch: { ""start"": ""0"", ""rows"": ""5"", ""q"": ""ssp AND shipLocation_s:15009 AND businessUnit_s:Accu-Tech"", ""userName_s"": ""218875"", ""refNum_s"": ""621332""}"
"2026-04-10T23:07:01.901Z","ip-10-236-36-220","wesco-sapi-lucidworks-dr","queryParams to partSearch: { ""start"": ""0"", ""rows"": ""5"", ""q"": ""unp-6-d AND shipLocation_s:15009 AND businessUnit_s:Accu-Tech"", ""userName_s"": ""218875"", ""refNum_s"": ""621332""}"
"2026-04-10T23:00:27.754Z","ip-10-236-38-105","wesco-sapi-lucidworks-dr","queryParams to partSearch: { ""start"": ""0"", ""rows"": ""5"", ""q"": ""OR-DHJ6A-88 AND shipLocation_s:15414 AND businessUnit_s:Accu-Tech"", ""userName_s"": ""216112"", ""refNum_s"": ""621321""}"
"2026-04-10T22:36:17.802Z","ip-10-236-38-105","wesco-sapi-lucidworks-dr","queryParams to partSearch: { ""start"": ""0"", ""rows"": ""5"", ""q"": ""6300FE_010U1000 AND shipLocation_s:12304 AND businessUnit_s:Accu-Tech"", ""userName_s"": ""308638"", ""refNum_s"": ""621324""}"
"2026-04-10T22:30:31.583Z","ip-10-236-38-105","wesco-sapi-lucidworks-dr","queryParams to partSearch: { ""start"": ""0"", ""rows"": ""5"", ""q"": ""10gxs33d AND shipLocation_s:11305 AND businessUnit_s:Accu-Tech"", ""userName_s"": ""337844"", ""refNum_s"": ""621323""}"
"2026-04-10T21:54:16.834Z","ip-10-236-36-220","wesco-sapi-lucidworks-dr","queryParams to partSearch: { ""start"": ""0"", ""rows"": ""5"", ""q"": ""2365151 AND shipLocation_s:15625 AND businessUnit_s:Accu-Tech"", ""userName_s"": ""307308"", ""refNum_s"": ""621283""}"
"2026-04-10T21:41:46.548Z","ip-10-236-38-105","wesco-sapi-lucidworks-dr","queryParams to partSearch: { ""start"": ""0"", ""rows"": ""100"", ""q"": ""FP72PVS* AND businessUnit_s:Accu-Tech AND shipLocation_s:15416 AND advancedPartSearch:Y AND businessUnit_s:Accu-Tech"", ""userName_s"": """", ""refNum_s"": ""100012447""}"
"2026-04-10T21:37:13.957Z","ip-10-236-36-220","wesco-sapi-lucidworks-dr","queryParams to partSearch: { ""start"": ""0"", ""rows"": ""100"", ""q"": ""gask573* AND salesLocation_s:60682 AND shipLocation_s:15408 AND customerAccount_s:AC0015-4621 AND dcLocation_s:7305 AND businessUnit_s:WESCO"", ""userName_s"": ""Roberto Gonzalez"", ""refNum_s"": """"}"
"2026-04-10T20:47:21.246Z","ip-10-236-38-105","wesco-sapi-lucidworks-dr","queryParams to partSearch: { ""start"": ""0"", ""rows"": ""5"", ""q"": ""34800 AND shipLocation_s:16041 AND businessUnit_s:Accu-Tech"", ""userName_s"": ""318654"", ""refNum_s"": ""621246""}"
"2026-04-10T20:23:06.236Z","ip-10-236-36-220","wesco-sapi-lucidworks-dr","queryParams to partSearch: { ""start"": ""0"", ""rows"": ""5"", ""q"": ""41 AND shipLocation_s:14611 AND businessUnit_s:Accu-Tech"", ""userName_s"": ""339347"", ""refNum_s"": ""620668""}"
"2026-04-10T20:20:21.362Z","ip-10-236-36-220","wesco-sapi-lucidworks-dr","queryParams to partSearch: { ""start"": ""0"", ""rows"": ""5"", ""q"": ""CFPSL4WHY AND shipLocation_s:15812 AND businessUnit_s:Accu-Tech"", ""userName_s"": ""321886"", ""refNum_s"": ""621209""}"
"2026-04-10T20:16:39.712Z","ip-10-236-38-105","wesco-sapi-lucidworks-dr","queryParams to partSearch: { ""start"": ""0"", ""rows"": ""100"", ""q"": ""100028C* AND salesLocation_s:62395 AND shipLocation_s:12702 AND customerAccount_s:AC0186-0120 AND businessUnit_s:Accu-Tech"", ""userName_s"": ""Amanda Wyckoff"", ""refNum_s"": """"}"
"2026-04-10T20:13:44.246Z","ip-10-236-36-220","wesco-sapi-lucidworks-dr","queryParams to partSearch: { ""start"": ""0"", ""rows"": ""5"", ""q"": ""6as10-05 AND shipLocation_s:14611 AND businessUnit_s:Accu-Tech"", ""userName_s"": ""339347"", ""refNum_s"": ""620668""}"
"2026-04-10T20:08:16.487Z","ip-10-236-38-105","wesco-sapi-lucidworks-dr","queryParams to partSearch: { ""start"": ""0"", ""rows"": ""5"", ""q"": ""cs AND businessUnit_s:Accu-Tech"", ""userName_s"": ""337844"", ""refNum_s"": """"}"
"2026-04-10T19:55:07.438Z","ip-10-236-38-105","wesco-sapi-lucidworks-dr","queryParams to partSearch: { ""start"": ""0"", ""rows"": ""100"", ""q"": ""GL36WMP-B-00* AND salesLocation_s:62679 AND shipLocation_s:12908 AND customerAccount_s:AC0162-5195 AND businessUnit_s:Accu-Tech"", ""userName_s"": ""Sydnie Thompson"", ""refNum_s"": """"}"
"2026-04-10T19:53:10.212Z","ip-10-236-36-220","wesco-sapi-lucidworks-dr","queryParams to partSearch: { ""start"": ""0"", ""rows"": ""5"", ""q"": ""4s2 AND shipLocation_s:14611 AND businessUnit_s:Accu-Tech"", ""userName_s"": ""339347"", ""refNum_s"": ""620668""}"
"2026-04-10T19:38:08.755Z","ip-10-236-36-220","wesco-sapi-lucidworks-dr","queryParams to partSearch: { ""start"": ""0"", ""rows"": ""5"", ""q"": ""LC-SM-UPC-09 AND shipLocation_s:15428 AND businessUnit_s:Accu-Tech"", ""userName_s"": ""337277"", ""refNum_s"": ""620963""}"
"2026-04-10T19:34:56.355Z","ip-10-236-36-220","wesco-sapi-lucidworks-dr","queryParams to partSearch: { ""start"": ""0"", ""rows"": ""100"", ""q"": ""CPA-UAM/UAF-25* AND salesLocation_s:62395 AND shipLocation_s:12702 AND customerAccount_s:AC0158-2999 AND businessUnit_s:Accu-Tech"", ""userName_s"": ""Melissa Saul"", ""refNum_s"": """"}"
"2026-04-10T19:34:26.649Z","ip-10-236-36-220","wesco-sapi-lucidworks-dr","queryParams to partSearch: { ""start"": ""0"", ""rows"": ""100"", ""q"": ""PHDHDJSU24* AND salesLocation_s:62473 AND shipLocation_s:13429 AND customerAccount_s:AC0158-6202 AND businessUnit_s:Accu-Tech"", ""userName_s"": ""Jeremy Prevette"", ""refNum_s"": """"}"
"2026-04-10T19:32:15.909Z","ip-10-236-38-105","wesco-sapi-lucidworks-dr","queryParams to partSearch: { ""start"": ""0"", ""rows"": ""100"", ""q"": ""M2000-2U* AND salesLocation_s:61997 AND shipLocation_s:12114 AND customerAccount_s:AC0158-0346 AND businessUnit_s:Accu-Tech"", ""userName_s"": ""Ignacio Torres"", ""refNum_s"": """"}"
"2026-04-10T19:17:35.134Z","ip-10-236-36-220","wesco-sapi-lucidworks-dr","queryParams to partSearch: { ""start"": ""0"", ""rows"": ""100"", ""q"": ""058514-000* AND businessUnit_s:Accu-Tech AND shipLocation_s:12304 AND advancedPartSearch:Y AND businessUnit_s:Accu-Tech"", ""userName_s"": """", ""refNum_s"": ""100012447""}"
"2026-04-10T19:13:45.070Z","ip-10-236-36-220","wesco-sapi-lucidworks-dr","queryParams to partSearch: { ""start"": ""0"", ""rows"": ""5"", ""q"": ""16b AND shipLocation_s:12908 AND businessUnit_s:Accu-Tech"", ""userName_s"": ""233430"", ""refNum_s"": ""621118""}"
"2026-04-10T19:09:52.764Z","ip-10-236-36-220","wesco-sapi-lucidworks-dr","queryParams to partSearch: { ""start"": ""0"", ""rows"": ""5"", ""q"": ""55053-703 AND shipLocation_s:12114 AND businessUnit_s:Accu-Tech"", ""userName_s"": ""235327"", ""refNum_s"": ""620924""}"
"2026-04-10T19:06:29.383Z","ip-10-236-36-220","wesco-sapi-lucidworks-dr","queryParams to partSearch: { ""start"": ""0"", ""rows"": ""100"", ""q"": ""KSM2-02-NN* AND businessUnit_s:Accu-Tech AND shipLocation_s:11726 AND advancedPartSearch:Y AND businessUnit_s:Accu-Tech"", ""userName_s"": """", ""refNum_s"": ""100012447""}"
"2026-04-10T18:39:43.134Z","ip-10-236-36-220","wesco-sapi-lucidworks-dr","queryParams to partSearch: { ""start"": ""0"", ""rows"": ""100"", ""q"": ""HPH32W-25R* AND salesLocation_s:62401 AND shipLocation_s:12601 AND customerAccount_s:AC0159-2183 AND businessUnit_s:Accu-Tech"", ""userName_s"": ""Leesette Bengar"", ""refNum_s"": """"}"
"2026-04-10T18:33:17.923Z","ip-10-236-38-105","wesco-sapi-lucidworks-dr","queryParams to partSearch: { ""start"": ""0"", ""rows"": ""5"", ""q"": ""3106A AND shipLocation_s:15609 AND businessUnit_s:Accu-Tech"", ""userName_s"": ""234627"", ""refNum_s"": ""621060""}"
"2026-04-10T18:31:26.636Z","ip-10-236-38-105","wesco-sapi-lucidworks-dr","queryParams to partSearch: { ""start"": ""0"", ""rows"": ""100"", ""q"": ""cat1224* AND salesLocation_s:61963 AND shipLocation_s:16041 AND customerAccount_s:AC0158-1500 AND businessUnit_s:Accu-Tech"", ""userName_s"": ""Von Small"", ""refNum_s"": """"}"
"2026-04-10T18:12:00.918Z","ip-10-236-36-220","wesco-sapi-lucidworks-dr","queryParams to partSearch: { ""start"": ""0"", ""rows"": ""100"", ""q"": ""CBX2WH-AY* AND salesLocation_s:62471 AND shipLocation_s:14509 AND customerAccount_s:AC0158-6317 AND businessUnit_s:Accu-Tech"", ""userName_s"": ""Patrick Allen"", ""refNum_s"": """"}"
"2026-04-10T17:54:35.166Z","ip-10-236-38-105","wesco-sapi-lucidworks-dr","queryParams to partSearch: { ""start"": ""0"", ""rows"": ""100"", ""q"": ""CJ688TGBU* AND salesLocation_s:61960 AND shipLocation_s:16043 AND customerAccount_s:AC0161-7232 AND businessUnit_s:Accu-Tech"", ""userName_s"": ""Cruz Hernandez"", ""refNum_s"": """"}"
"2026-04-10T17:53:43.743Z","ip-10-236-38-105","wesco-sapi-lucidworks-dr","queryParams to partSearch: { ""start"": ""0"", ""rows"": ""5"", ""q"": ""kps AND shipLocation_s:16011 AND businessUnit_s:Accu-Tech"", ""userName_s"": ""328841"", ""refNum_s"": ""620998""}"
"2026-04-10T17:40:01.551Z","ip-10-236-38-105","wesco-sapi-lucidworks-dr","queryParams to partSearch: { ""start"": ""0"", ""rows"": ""100"", ""q"": ""v24* AND salesLocation_s:62530 AND shipLocation_s:15642 AND customerAccount_s:AC0158-5394 AND businessUnit_s:Accu-Tech"", ""userName_s"": ""Simon Ruppert"", ""refNum_s"": """"}"
"2026-04-10T17:35:05.805Z","ip-10-236-38-105","wesco-sapi-lucidworks-dr","queryParams to partSearch: { ""start"": ""0"", ""rows"": ""100"", ""q"": ""81611 hastings* AND salesLocation_s:60001 AND shipLocation_s:12619 AND customerAccount_s:AC0029-8945 AND dcLocation_s:7302 AND businessUnit_s:WESCO"", ""userName_s"": ""Alisa Gelinas"", ""refNum_s"": """"}"
"2026-04-10T17:20:06.147Z","ip-10-236-36-220","wesco-sapi-lucidworks-dr","queryParams to partSearch: { ""start"": ""0"", ""rows"": ""100"", ""q"": ""NDA-U-RMT* AND salesLocation_s:69609 AND shipLocation_s:12702 AND customerAccount_s:AC0163-4637 AND businessUnit_s:Accu-Tech"", ""userName_s"": ""Peter Weidman-Keneagy"", ""refNum_s"": """"}"
"2026-04-10T16:46:35.832Z","ip-10-236-36-220","wesco-sapi-lucidworks-dr","queryParams to partSearch: { ""start"": ""0"", ""rows"": ""100"", ""q"": ""cj688tgbu* AND salesLocation_s:62536 AND shipLocation_s:15609 AND customerAccount_s:AC0160-8852 AND businessUnit_s:Accu-Tech"", ""userName_s"": ""Justin LaBanz"", ""refNum_s"": """"}"
"2026-04-10T16:41:24.926Z","ip-10-236-38-105","wesco-sapi-lucidworks-dr","queryParams to partSearch: { ""start"": ""0"", ""rows"": ""100"", ""q"": ""idpl1* AND salesLocation_s:62530 AND shipLocation_s:15642 AND customerAccount_s:AC0158-1168 AND businessUnit_s:Accu-Tech"", ""userName_s"": ""Greg Griffo"", ""refNum_s"": """"}"
"2026-04-10T16:40:37.241Z","ip-10-236-38-105","wesco-sapi-lucidworks-dr","queryParams to partSearch: { ""start"": ""0"", ""rows"": ""5"", ""q"": ""MCTP6ABI-6-3 AND businessUnit_s:Accu-Tech"", ""userName_s"": ""327898"", ""refNum_s"": """"}"
"2026-04-10T16:39:48.418Z","ip-10-236-36-220","wesco-sapi-lucidworks-dr","queryParams to partSearch: { ""start"": ""0"", ""rows"": ""5"", ""q"": ""MCTP6ABI-9-10 AND businessUnit_s:Accu-Tech"", ""userName_s"": ""327898"", ""refNum_s"": """"}"
"2026-04-10T16:33:49.774Z","ip-10-236-38-105","wesco-sapi-lucidworks-dr","queryParams to partSearch: { ""start"": ""0"", ""rows"": ""100"", ""q"": ""KWP6* AND salesLocation_s:61171 AND shipLocation_s:12402 AND customerAccount_s:AC0001-5961 AND dcLocation_s:7302 AND businessUnit_s:WESCO"", ""userName_s"": ""Aiereona Palmer"", ""refNum_s"": """"}"
"2026-04-10T16:32:31.949Z","ip-10-236-36-220","wesco-sapi-lucidworks-dr","queryParams to partSearch: { ""start"": ""0"", ""rows"": ""5"", ""q"": ""pd5-006 AND shipLocation_s:12114 AND businessUnit_s:Accu-Tech"", ""userName_s"": ""235327"", ""refNum_s"": ""620690""}"
"2026-04-10T16:29:59.547Z","ip-10-236-38-105","wesco-sapi-lucidworks-dr","queryParams to partSearch: { ""start"": ""0"", ""rows"": ""100"", ""q"": ""SR45UBMD* AND salesLocation_s:61960 AND shipLocation_s:16043 AND customerAccount_s:AC0161-7232 AND businessUnit_s:Accu-Tech"", ""userName_s"": ""Cruz Hernandez"", ""refNum_s"": """"}"
"2026-04-10T16:21:46.615Z","ip-10-236-36-220","wesco-sapi-lucidworks-dr","queryParams to partSearch: { ""start"": ""0"", ""rows"": ""5"", ""q"": ""10gs13004u1000 AND shipLocation_s:16043 AND businessUnit_s:Accu-Tech"", ""userName_s"": ""227199"", ""refNum_s"": ""620803""}"
"2026-04-10T16:19:27.293Z","ip-10-236-36-220","wesco-sapi-lucidworks-dr","queryParams to partSearch: { ""start"": ""0"", ""rows"": ""100"", ""q"": ""7971a 010* AND salesLocation_s:60682 AND shipLocation_s:15408 AND customerAccount_s:AC0005-9619 AND dcLocation_s:7305 AND businessUnit_s:WESCO"", ""userName_s"": ""Roberto Gonzalez"", ""refNum_s"": """"}"
"2026-04-10T16:17:54.969Z","ip-10-236-38-105","wesco-sapi-lucidworks-dr","queryParams to partSearch: { ""start"": ""0"", ""rows"": ""5"", ""q"": ""cj21hacssb AND shipLocation_s:14506 AND businessUnit_s:Accu-Tech"", ""userName_s"": ""209989"", ""refNum_s"": ""620562""}"
"2026-04-10T15:58:15.658Z","ip-10-236-38-105","wesco-sapi-lucidworks-dr","queryParams to partSearch: { ""start"": ""0"", ""rows"": ""100"", ""q"": "" T00006113 * AND businessUnit_s:WESCO AND shipLocation_s:16009 AND shipLocationOnlyFlag:Y AND advancedPartSearch:Y AND businessUnit_s:WESCO"", ""userName_s"": """", ""refNum_s"": ""100012447""}"
"2026-04-10T15:48:35.288Z","ip-10-236-38-105","wesco-sapi-lucidworks-dr","queryParams to partSearch: { ""start"": ""0"", ""rows"": ""5"", ""q"": ""1189AP AND shipLocation_s:15609 AND businessUnit_s:Accu-Tech"", ""userName_s"": ""337705"", ""refNum_s"": ""620367""}"
"2026-04-10T15:47:53.906Z","ip-10-236-38-105","wesco-sapi-lucidworks-dr","queryParams to partSearch: { ""start"": ""0"", ""rows"": ""5"", ""q"": ""rv6mjkub AND shipLocation_s:12304 AND businessUnit_s:Accu-Tech"", ""userName_s"": ""208904"", ""refNum_s"": ""620827""}"
"2026-04-10T15:46:57.911Z","ip-10-236-36-220","wesco-sapi-lucidworks-dr","queryParams to partSearch: { ""start"": ""0"", ""rows"": ""100"", ""q"": ""unj600t-yel* AND businessUnit_s:Accu-Tech AND shipLocation_s:12114 AND advancedPartSearch:Y AND businessUnit_s:Accu-Tech"", ""userName_s"": """", ""refNum_s"": ""100012447""}"
"2026-04-10T15:43:55.558Z","ip-10-236-38-105","wesco-sapi-lucidworks-dr","queryParams to partSearch: { ""start"": ""0"", ""rows"": ""100"", ""q"": ""purlin* AND businessUnit_s:Accu-Tech AND shipLocation_s:14205 AND advancedPartSearch:Y AND businessUnit_s:Accu-Tech"", ""userName_s"": """", ""refNum_s"": ""100012447""}"
"2026-04-10T15:39:51.013Z","ip-10-236-36-220","wesco-sapi-lucidworks-dr","queryParams to partSearch: { ""start"": ""0"", ""rows"": ""100"", ""q"": ""1045478AT* AND salesLocation_s:62395 AND shipLocation_s:12702 AND customerAccount_s:AC0159-0023 AND businessUnit_s:Accu-Tech"", ""userName_s"": ""Steve Kurtinitis"", ""refNum_s"": """"}"
"2026-04-10T15:33:41.443Z","ip-10-236-36-220","wesco-sapi-lucidworks-dr","queryParams to partSearch: { ""start"": ""0"", ""rows"": ""5"", ""q"": ""cs34 AND shipLocation_s:14810 AND businessUnit_s:Accu-Tech"", ""userName_s"": ""208775"", ""refNum_s"": ""620816""}"
"2026-04-10T15:27:38.408Z","ip-10-236-38-105","wesco-sapi-lucidworks-dr","queryParams to partSearch: { ""start"": ""0"", ""rows"": ""5"", ""q"": ""27952 AND shipLocation_s:15416 AND businessUnit_s:Accu-Tech"", ""userName_s"": ""233831"", ""refNum_s"": ""620516""}"
"2026-04-10T15:16:31.142Z","ip-10-236-38-105","wesco-sapi-lucidworks-dr","queryParams to partSearch: { ""start"": ""0"", ""rows"": ""5"", ""q"": ""CCH-CP24-B3 AND shipLocation_s:16011 AND businessUnit_s:Accu-Tech"", ""userName_s"": ""335361"", ""refNum_s"": ""612551""}"
"2026-04-10T15:14:25.026Z","ip-10-236-38-105","wesco-sapi-lucidworks-dr","queryParams to partSearch: { ""start"": ""0"", ""rows"": ""5"", ""q"": ""6110 AND shipLocation_s:12114 AND businessUnit_s:Accu-Tech"", ""userName_s"": ""337344"", ""refNum_s"": ""620786""}"
"2026-04-10T15:12:56.760Z","ip-10-236-38-105","wesco-sapi-lucidworks-dr","queryParams to partSearch: { ""start"": ""0"", ""rows"": ""5"", ""q"": ""BLWAS421-12B AND shipLocation_s:11411 AND businessUnit_s:Accu-Tech"", ""userName_s"": ""336136"", ""refNum_s"": ""620523""}"
"2026-04-10T15:07:11.104Z","ip-10-236-36-220","wesco-sapi-lucidworks-dr","queryParams to partSearch: { ""start"": ""0"", ""rows"": ""100"", ""q"": ""6m130-005* AND salesLocation_s:62681 AND shipLocation_s:14611 AND customerAccount_s:AC0160-4465 AND businessUnit_s:Accu-Tech"", ""userName_s"": ""Joshua Luffman"", ""refNum_s"": """"}"
"2026-04-10T15:06:53.962Z","ip-10-236-36-220","wesco-sapi-lucidworks-dr","queryParams to partSearch: { ""start"": ""0"", ""rows"": ""100"", ""q"": ""d6up* AND salesLocation_s:62530 AND shipLocation_s:15642 AND customerAccount_s:AC0158-3800 AND businessUnit_s:Accu-Tech"", ""userName_s"": ""Greg Griffo"", ""refNum_s"": """"}"
"2026-04-10T15:06:06.003Z","ip-10-236-36-220","wesco-sapi-lucidworks-dr","queryParams to partSearch: { ""start"": ""0"", ""rows"": ""100"", ""q"": ""mctp6i-7-3* AND businessUnit_s:Accu-Tech AND shipLocation_s:13603 AND advancedPartSearch:Y AND businessUnit_s:Accu-Tech"", ""userName_s"": """", ""refNum_s"": ""100012447""}"
"2026-04-10T15:05:13.909Z","ip-10-236-36-220","wesco-sapi-lucidworks-dr","queryParams to partSearch: { ""start"": ""0"", ""rows"": ""100"", ""q"": ""566-145-007* AND salesLocation_s:61999 AND shipLocation_s:13603 AND customerAccount_s:AC0158-1029 AND businessUnit_s:Accu-Tech"", ""userName_s"": ""Zachary Boyd"", ""refNum_s"": """"}"
"2026-04-10T14:52:57.257Z","ip-10-236-38-105","wesco-sapi-lucidworks-dr","queryParams to partSearch: { ""start"": ""0"", ""rows"": ""100"", ""q"": ""ZAS4R8SP-SPF006* AND salesLocation_s:69609 AND shipLocation_s:12702 AND customerAccount_s:AC0159-3460 AND businessUnit_s:Accu-Tech"", ""userName_s"": ""Tyler Sauer"", ""refNum_s"": """"}"
"2026-04-10T14:22:54.586Z","ip-10-236-38-105","wesco-sapi-lucidworks-dr","queryParams to partSearch: { ""start"": ""0"", ""rows"": ""100"", ""q"": ""mctp6a* AND businessUnit_s:Accu-Tech AND shipLocation_s:16011 AND advancedPartSearch:Y AND businessUnit_s:Accu-Tech"", ""userName_s"": """", ""refNum_s"": ""100012447""}"
"2026-04-10T14:05:54.984Z","ip-10-236-36-220","wesco-sapi-lucidworks-dr","queryParams to partSearch: { ""start"": ""0"", ""rows"": ""100"", ""q"": ""V-9809* AND salesLocation_s:62532 AND shipLocation_s:11726 AND customerAccount_s:AC0195-9929 AND businessUnit_s:Accu-Tech"", ""userName_s"": ""Foster Burch"", ""refNum_s"": """"}"
"2026-04-10T13:49:36.143Z","ip-10-236-38-105","wesco-sapi-lucidworks-dr","queryParams to partSearch: { ""start"": ""0"", ""rows"": ""5"", ""q"": ""SSKF-1 AND businessUnit_s:Accu-Tech"", ""userName_s"": ""208904"", ""refNum_s"": """"}"
"2026-04-10T13:48:49.492Z","ip-10-236-36-220","wesco-sapi-lucidworks-dr","queryParams to partSearch: { ""start"": ""0"", ""rows"": ""100"", ""q"": ""7000-40041-6350060* AND salesLocation_s:60627 AND shipLocation_s:14507 AND customerAccount_s:AC0042-1901 AND dcLocation_s:7303 AND businessUnit_s:WESCO"", ""userName_s"": ""John Van Vactor"", ""refNum_s"": """"}"
"2026-04-10T13:40:41.099Z","ip-10-236-38-105","wesco-sapi-lucidworks-dr","queryParams to partSearch: { ""start"": ""0"", ""rows"": ""5"", ""q"": ""178 AND shipLocation_s:12601 AND businessUnit_s:Accu-Tech"", ""userName_s"": ""211557"", ""refNum_s"": ""620653""}"
"2026-04-10T13:40:37.787Z","ip-10-236-36-220","wesco-sapi-lucidworks-dr","queryParams to partSearch: { ""start"": ""0"", ""rows"": ""5"", ""q"": ""AX101321-B24 AND shipLocation_s:14802 AND businessUnit_s:Accu-Tech"", ""userName_s"": ""326020"", ""refNum_s"": ""620650""}"
"2026-04-10T13:29:23.836Z","ip-10-236-36-220","wesco-sapi-lucidworks-dr","queryParams to partSearch: { ""start"": ""0"", ""rows"": ""5"", ""q"": ""760237784 AND shipLocation_s:11411 AND businessUnit_s:Accu-Tech"", ""userName_s"": ""228294"", ""refNum_s"": ""620641""}"
"2026-04-10T13:20:18.975Z","ip-10-236-36-220","wesco-sapi-lucidworks-dr","queryParams to partSearch: { ""start"": ""0"", ""rows"": ""5"", ""q"": ""PHD AND shipLocation_s:12702 AND businessUnit_s:Accu-Tech"", ""userName_s"": ""235121"", ""refNum_s"": ""620632""}"
"2026-04-10T13:16:16.071Z","ip-10-236-38-105","wesco-sapi-lucidworks-dr","queryParams to partSearch: { ""start"": ""0"", ""rows"": ""5"", ""q"": ""6H460-7W AND shipLocation_s:16011 AND businessUnit_s:Accu-Tech"", ""userName_s"": ""329137"", ""refNum_s"": ""620609""}"
"2026-04-10T12:48:47.192Z","ip-10-236-36-220","wesco-sapi-lucidworks-dr","queryParams to partSearch: { ""start"": ""0"", ""rows"": ""100"", ""q"": ""spb-300* AND salesLocation_s:62530 AND shipLocation_s:15642 AND customerAccount_s:AC0158-2202 AND businessUnit_s:Accu-Tech"", ""userName_s"": ""Matt Duncan"", ""refNum_s"": """"}"
"2026-04-10T12:44:40.413Z","ip-10-236-38-105","wesco-sapi-lucidworks-dr","queryParams to partSearch: { ""start"": ""0"", ""rows"": ""100"", ""q"": ""CIDBU-C* AND salesLocation_s:62400 AND shipLocation_s:14112 AND customerAccount_s:AC0159-1988 AND businessUnit_s:Accu-Tech"", ""userName_s"": ""Ewan Pessoa"", ""refNum_s"": """"}"
"2026-04-10T12:42:58.257Z","ip-10-236-36-220","wesco-sapi-lucidworks-dr","queryParams to partSearch: { ""start"": ""0"", ""rows"": ""5"", ""q"": ""CNT-300A-FR AND businessUnit_s:Accu-Tech"", ""userName_s"": ""333361"", ""refNum_s"": ""620587""}"
"2026-04-10T12:35:28.033Z","ip-10-236-36-220","wesco-sapi-lucidworks-dr","queryParams to partSearch: { ""start"": ""0"", ""rows"": ""5"", ""q"": ""FGS-MD4E-A AND shipLocation_s:11726 AND businessUnit_s:Accu-Tech"", ""userName_s"": ""331169"", ""refNum_s"": ""620579""}"
"2026-04-10T12:34:27.640Z","ip-10-236-38-105","wesco-sapi-lucidworks-dr","queryParams to partSearch: { ""start"": ""0"", ""rows"": ""100"", ""q"": ""108258427* AND salesLocation_s:61960 AND shipLocation_s:16043 AND customerAccount_s:AC0158-0571 AND businessUnit_s:Accu-Tech"", ""userName_s"": ""Alton Balentine"", ""refNum_s"": """"}"
"2026-04-10T12:23:32.535Z","ip-10-236-36-220","wesco-sapi-lucidworks-dr","queryParams to partSearch: { ""start"": ""0"", ""rows"": ""5"", ""q"": ""760249997 AND shipLocation_s:11726 AND businessUnit_s:Accu-Tech"", ""userName_s"": ""234661"", ""refNum_s"": ""620563""}"
"2026-04-10T00:46:35.240Z","ip-10-236-38-105","wesco-sapi-lucidworks-dr","queryParams to partSearch: { ""start"": ""0"", ""rows"": ""5"", ""q"": ""FCE2U AND shipLocation_s:16011 AND businessUnit_s:Accu-Tech"", ""userName_s"": ""335361"", ""refNum_s"": ""620467""}"
"2026-04-09T22:35:01.377Z","ip-10-236-38-105","wesco-sapi-lucidworks-dr","queryParams to partSearch: { ""start"": ""0"", ""rows"": ""5"", ""q"": ""7130 AND shipLocation_s:11411 AND businessUnit_s:Accu-Tech"", ""userName_s"": ""337835"", ""refNum_s"": ""620424""}"
"2026-04-09T22:24:03.348Z","ip-10-236-36-220","wesco-sapi-lucidworks-dr","queryParams to partSearch: { ""start"": ""0"", ""rows"": ""5"", ""q"": ""CMH-1U-19-LB1 AND shipLocation_s:11411 AND businessUnit_s:Accu-Tech"", ""userName_s"": ""337835"", ""refNum_s"": ""620424""}"
"2026-04-09T22:21:34.117Z","ip-10-236-38-105","wesco-sapi-lucidworks-dr","queryParams to partSearch: { ""start"": ""0"", ""rows"": ""5"", ""q"": ""MX- AND shipLocation_s:12304 AND businessUnit_s:Accu-Tech"", ""userName_s"": ""308638"", ""refNum_s"": ""620419""}"
"2026-04-09T22:05:39.711Z","ip-10-236-36-220","wesco-sapi-lucidworks-dr","queryParams to partSearch: { ""start"": ""0"", ""rows"": ""100"", ""q"": ""9a-1104-12* AND salesLocation_s:60682 AND shipLocation_s:15408 AND customerAccount_s:AC0005-9619 AND dcLocation_s:7305 AND businessUnit_s:WESCO"", ""userName_s"": ""Roberto Gonzalez"", ""refNum_s"": """"}"
"2026-04-09T21:59:26.045Z","ip-10-236-36-220","wesco-sapi-lucidworks-dr","queryParams to partSearch: { ""start"": ""0"", ""rows"": ""5"", ""q"": ""3109 AND shipLocation_s:16041 AND businessUnit_s:Accu-Tech"", ""userName_s"": ""212564"", ""refNum_s"": ""620330""}"
"2026-04-09T21:57:02.061Z","ip-10-236-38-105","wesco-sapi-lucidworks-dr","queryParams to partSearch: { ""start"": ""0"", ""rows"": ""5"", ""q"": ""10642-001 AND shipLocation_s:16011 AND businessUnit_s:Accu-Tech"", ""userName_s"": ""322620"", ""refNum_s"": ""612954""}"
"2026-04-09T21:45:26.594Z","ip-10-236-38-105","wesco-sapi-lucidworks-dr","queryParams to partSearch: { ""start"": ""0"", ""rows"": ""5"", ""q"": ""fosp45 AND shipLocation_s:16011 AND businessUnit_s:Accu-Tech"", ""userName_s"": ""335361"", ""refNum_s"": ""620467""}"
"2026-04-09T21:38:45.607Z","ip-10-236-38-105","wesco-sapi-lucidworks-dr","queryParams to partSearch: { ""start"": ""0"", ""rows"": ""5"", ""q"": ""2116245 AND shipLocation_s:14611 AND businessUnit_s:Accu-Tech"", ""userName_s"": ""307070"", ""refNum_s"": ""620432""}"
"2026-04-09T21:37:33.041Z","ip-10-236-38-105","wesco-sapi-lucidworks-dr","queryParams to partSearch: { ""start"": ""0"", ""rows"": ""5"", ""q"": ""RV6MJKUBL-S1 AND shipLocation_s:16041 AND businessUnit_s:Accu-Tech"", ""userName_s"": ""212564"", ""refNum_s"": ""620330""}"
"2026-04-09T21:01:47.912Z","ip-10-236-36-220","wesco-sapi-lucidworks-dr","queryParams to partSearch: { ""start"": ""0"", ""rows"": ""5"", ""q"": ""41091-1 AND shipLocation_s:14611 AND businessUnit_s:Accu-Tech"", ""userName_s"": ""339347"", ""refNum_s"": ""619307""}"
"2026-04-09T20:27:32.874Z","ip-10-236-38-105","wesco-sapi-lucidworks-dr","queryParams to partSearch: { ""start"": ""0"", ""rows"": ""100"", ""q"": ""440942* AND salesLocation_s:69609 AND shipLocation_s:12702 AND customerAccount_s:AC0161-2574 AND businessUnit_s:Accu-Tech"", ""userName_s"": ""Ryan Punsalan"", ""refNum_s"": """"}"
"2026-04-09T20:09:20.297Z","ip-10-236-38-105","wesco-sapi-lucidworks-dr","queryParams to partSearch: { ""start"": ""0"", ""rows"": ""5"", ""q"": ""4108W-1SP AND shipLocation_s:11726 AND businessUnit_s:Accu-Tech"", ""userName_s"": ""236339"", ""refNum_s"": ""620358""}"
"2026-04-09T19:59:08.555Z","ip-10-236-38-105","wesco-sapi-lucidworks-dr","queryParams to partSearch: { ""start"": ""0"", ""rows"": ""5"", ""q"": ""w1m-backplate AND shipLocation_s:16041 AND businessUnit_s:Accu-Tech"", ""userName_s"": ""331970"", ""refNum_s"": ""620350""}"
"2026-04-09T19:52:12.114Z","ip-10-236-38-105","wesco-sapi-lucidworks-dr","queryParams to partSearch: { ""start"": ""0"", ""rows"": ""5"", ""q"": ""cat32 AND shipLocation_s:11102 AND businessUnit_s:Accu-Tech"", ""userName_s"": ""212519"", ""refNum_s"": ""620312""}"
"2026-04-09T19:39:35.086Z","ip-10-236-38-105","wesco-sapi-lucidworks-dr","queryParams to partSearch: { ""start"": ""0"", ""rows"": ""100"", ""q"": ""rdc61007-05* AND salesLocation_s:62400 AND shipLocation_s:14112 AND customerAccount_s:AC0159-1988 AND businessUnit_s:Accu-Tech"", ""userName_s"": ""Ewan Pessoa"", ""refNum_s"": """"}"
"2026-04-09T19:33:01.243Z","ip-10-236-36-220","wesco-sapi-lucidworks-dr","queryParams to partSearch: { ""start"": ""0"", ""rows"": ""100"", ""q"": ""1010223AT* AND businessUnit_s:Accu-Tech AND shipLocation_s:13429 AND advancedPartSearch:Y AND businessUnit_s:Accu-Tech"", ""userName_s"": """", ""refNum_s"": ""100012447""}"
"2026-04-09T19:31:46.095Z","ip-10-236-38-105","wesco-sapi-lucidworks-dr","queryParams to partSearch: { ""start"": ""0"", ""rows"": ""5"", ""q"": ""DTK-MRJPOE AND shipLocation_s:12908 AND businessUnit_s:Accu-Tech"", ""userName_s"": ""233430"", ""refNum_s"": ""620299""}"
"2026-04-09T19:29:50.495Z","ip-10-236-36-220","wesco-sapi-lucidworks-dr","queryParams to partSearch: { ""start"": ""0"", ""rows"": ""5"", ""q"": ""wch- AND shipLocation_s:12304 AND businessUnit_s:Accu-Tech"", ""userName_s"": ""327282"", ""refNum_s"": ""620275""}"
"2026-04-09T19:28:34.447Z","ip-10-236-38-105","wesco-sapi-lucidworks-dr","queryParams to partSearch: { ""start"": ""0"", ""rows"": ""100"", ""q"": ""11960* AND businessUnit_s:Accu-Tech AND shipLocation_s:15625 AND advancedPartSearch:Y AND businessUnit_s:Accu-Tech"", ""userName_s"": """", ""refNum_s"": ""100012447""}"
"2026-04-09T19:06:57.083Z","ip-10-236-38-105","wesco-sapi-lucidworks-dr","queryParams to partSearch: { ""start"": ""0"", ""rows"": ""100"", ""q"": ""LP-BTR-NFF* AND salesLocation_s:62395 AND shipLocation_s:12702 AND customerAccount_s:AC0160-6250 AND businessUnit_s:Accu-Tech"", ""userName_s"": ""Ryan Thenell"", ""refNum_s"": """"}"
"2026-04-09T19:02:47.434Z","ip-10-236-36-220","wesco-sapi-lucidworks-dr","queryParams to partSearch: { ""start"": ""0"", ""rows"": ""5"", ""q"": ""20002990 AND businessUnit_s:Accu-Tech"", ""userName_s"": ""208904"", ""refNum_s"": """"}"
"2026-04-09T18:57:31.002Z","ip-10-236-38-105","wesco-sapi-lucidworks-dr","queryParams to partSearch: { ""start"": ""0"", ""rows"": ""5"", ""q"": ""PDPK012FB3010/F5-I/O AND shipLocation_s:12304 AND businessUnit_s:Accu-Tech"", ""userName_s"": ""327282"", ""refNum_s"": ""620021""}"
"2026-04-09T18:56:17.903Z","ip-10-236-36-220","wesco-sapi-lucidworks-dr","queryParams to partSearch: { ""start"": ""0"", ""rows"": ""5"", ""q"": ""576-A15-012 AND shipLocation_s:14509 AND businessUnit_s:Accu-Tech"", ""userName_s"": ""316066"", ""refNum_s"": ""619972""}"
"2026-04-09T18:36:35Z","ip-10-236-36-220","wesco-sapi-lucidworks-dr","queryParams to partSearch: { ""start"": ""0"", ""rows"": ""5"", ""q"": ""10595-712 AND shipLocation_s:15642 AND businessUnit_s:Accu-Tech"", ""userName_s"": ""233931"", ""refNum_s"": ""620177""}"
"2026-04-09T18:22:14.248Z","ip-10-236-36-220","wesco-sapi-lucidworks-dr","queryParams to partSearch: { ""start"": ""0"", ""rows"": ""5"", ""q"": ""E19SWM25U24 AND shipLocation_s:11102 AND businessUnit_s:Accu-Tech"", ""userName_s"": ""238320"", ""refNum_s"": ""620173""}"
"2026-04-09T18:20:43.730Z","ip-10-236-36-220","wesco-sapi-lucidworks-dr","queryParams to partSearch: { ""start"": ""0"", ""rows"": ""5"", ""q"": ""11309- AND shipLocation_s:16011 AND businessUnit_s:Accu-Tech"", ""userName_s"": ""212834"", ""refNum_s"": ""620088""}"
"2026-04-09T18:18:55.493Z","ip-10-236-38-105","wesco-sapi-lucidworks-dr","queryParams to partSearch: { ""start"": ""0"", ""rows"": ""5"", ""q"": ""t150x00 AND shipLocation_s:12304 AND businessUnit_s:Accu-Tech"", ""userName_s"": ""208904"", ""refNum_s"": ""620131""}"
"2026-04-09T18:10:23.172Z","ip-10-236-36-220","wesco-sapi-lucidworks-dr","queryParams to partSearch: { ""start"": ""0"", ""rows"": ""5"", ""q"": ""P8LC12-2M AND shipLocation_s:14205 AND businessUnit_s:Accu-Tech"", ""userName_s"": ""230516"", ""refNum_s"": ""620142""}"
"2026-04-09T18:08:45.185Z","ip-10-236-36-220","wesco-sapi-lucidworks-dr","queryParams to partSearch: { ""start"": ""0"", ""rows"": ""5"", ""q"": ""nyxxfpsgf4p02 AND shipLocation_s:12304 AND businessUnit_s:Accu-Tech"", ""userName_s"": ""208904"", ""refNum_s"": ""620131""}"
"2026-04-09T18:02:56.932Z","ip-10-236-36-220","wesco-sapi-lucidworks-dr","queryParams to partSearch: { ""start"": ""0"", ""rows"": ""100"", ""q"": ""L4-199-2A* AND salesLocation_s:62471 AND shipLocation_s:14509 AND customerAccount_s:AC0161-9750 AND businessUnit_s:Accu-Tech"", ""userName_s"": ""Henry Frailey"", ""refNum_s"": """"}"
"2026-04-09T17:59:09.076Z","ip-10-236-36-220","wesco-sapi-lucidworks-dr","queryParams to partSearch: { ""start"": ""0"", ""rows"": ""100"", ""q"": ""cj6x88tgor* AND salesLocation_s:62532 AND shipLocation_s:11726 AND customerAccount_s:AC0158-5455 AND businessUnit_s:Accu-Tech"", ""userName_s"": ""Taylor Stanford"", ""refNum_s"": """"}"
"2026-04-09T17:57:22.974Z","ip-10-236-38-105","wesco-sapi-lucidworks-dr","queryParams to partSearch: { ""start"": ""0"", ""rows"": ""100"", ""q"": ""EZT90EZ* AND salesLocation_s:62395 AND shipLocation_s:12702 AND customerAccount_s:AC0186-3068 AND businessUnit_s:Accu-Tech"", ""userName_s"": ""Melissa Saul"", ""refNum_s"": """"}"
"2026-04-09T17:55:47.184Z","ip-10-236-36-220","wesco-sapi-lucidworks-dr","queryParams to partSearch: { ""start"": ""0"", ""rows"": ""5"", ""q"": ""FCAX08 AND businessUnit_s:Accu-Tech"", ""userName_s"": ""235307"", ""refNum_s"": ""618959""}"
"2026-04-09T17:50:54.041Z","ip-10-236-38-105","wesco-sapi-lucidworks-dr","queryParams to partSearch: { ""start"": ""0"", ""rows"": ""5"", ""q"": ""AX104 AND shipLocation_s:11102 AND businessUnit_s:Accu-Tech"", ""userName_s"": ""206552"", ""refNum_s"": ""620046""}"
"2026-04-09T17:43:10.243Z","ip-10-236-36-220","wesco-sapi-lucidworks-dr","queryParams to partSearch: { ""start"": ""0"", ""rows"": ""100"", ""q"": ""760178129* AND businessUnit_s:Accu-Tech AND shipLocation_s:16023 AND advancedPartSearch:Y AND businessUnit_s:Accu-Tech"", ""userName_s"": """", ""refNum_s"": ""100012447""}"
"2026-04-09T17:34:50.323Z","ip-10-236-38-105","wesco-sapi-lucidworks-dr","queryParams to partSearch: { ""start"": ""0"", ""rows"": ""100"", ""q"": ""WP1250P/3000* AND salesLocation_s:61996 AND shipLocation_s:12304 AND customerAccount_s:AC0158-0867 AND businessUnit_s:Accu-Tech"", ""userName_s"": ""Joel Goering"", ""refNum_s"": """"}"
"2026-04-09T17:32:51.328Z","ip-10-236-36-220","wesco-sapi-lucidworks-dr","queryParams to partSearch: { ""start"": ""0"", ""rows"": ""100"", ""q"": ""FF0T-002U13-E991* AND businessUnit_s:Accu-Tech AND shipLocation_s:15625 AND advancedPartSearch:Y AND businessUnit_s:Accu-Tech"", ""userName_s"": """", ""refNum_s"": ""100012447""}"
"2026-04-09T17:08:26.141Z","ip-10-236-38-105","wesco-sapi-lucidworks-dr","queryParams to partSearch: { ""start"": ""0"", ""rows"": ""5"", ""q"": ""2413_009U1000 AND shipLocation_s:14112 AND businessUnit_s:Accu-Tech"", ""userName_s"": ""210280"", ""refNum_s"": ""619310""}"
"2026-04-09T16:56:06.902Z","ip-10-236-36-220","wesco-sapi-lucidworks-dr","queryParams to partSearch: { ""start"": ""0"", ""rows"": ""5"", ""q"": ""Please AND shipLocation_s:12114 AND businessUnit_s:Accu-Tech"", ""userName_s"": ""320729"", ""refNum_s"": ""619928""}"
"2026-04-09T16:44:15.671Z","ip-10-236-36-220","wesco-sapi-lucidworks-dr","queryParams to partSearch: { ""start"": ""0"", ""rows"": ""5"", ""q"": ""6110G-RL6 AND shipLocation_s:12702 AND businessUnit_s:Accu-Tech"", ""userName_s"": ""323615"", ""refNum_s"": ""619981""}"
"2026-04-09T16:43:47.683Z","ip-10-236-38-105","wesco-sapi-lucidworks-dr","queryParams to partSearch: { ""start"": ""0"", ""rows"": ""5"", ""q"": ""cch-cp06-59 AND shipLocation_s:13603 AND businessUnit_s:Accu-Tech"", ""userName_s"": ""236163"", ""refNum_s"": ""619674""}"
"2026-04-09T16:35:26.967Z","ip-10-236-36-220","wesco-sapi-lucidworks-dr","queryParams to partSearch: { ""start"": ""0"", ""rows"": ""5"", ""q"": ""CCH-01U AND shipLocation_s:11726 AND businessUnit_s:Accu-Tech"", ""userName_s"": ""327898"", ""refNum_s"": ""616472""}"
"2026-04-09T16:32:12.737Z","ip-10-236-36-220","wesco-sapi-lucidworks-dr","queryParams to partSearch: { ""start"": ""0"", ""rows"": ""5"", ""q"": ""MC6-10-08 AND shipLocation_s:12304 AND businessUnit_s:Accu-Tech"", ""userName_s"": ""233642"", ""refNum_s"": ""619598""}"
"2026-04-09T16:23:58.139Z","ip-10-236-36-220","wesco-sapi-lucidworks-dr","queryParams to partSearch: { ""start"": ""0"", ""rows"": ""5"", ""q"": ""BLK100FTK4 AND shipLocation_s:14205 AND businessUnit_s:Accu-Tech"", ""userName_s"": ""230516"", ""refNum_s"": ""619932""}"
"2026-04-09T16:20:33.033Z","ip-10-236-38-105","wesco-sapi-lucidworks-dr","queryParams to partSearch: { ""start"": ""0"", ""rows"": ""100"", ""q"": ""unj10g-262* AND businessUnit_s:Accu-Tech AND shipLocation_s:12702 AND advancedPartSearch:Y AND businessUnit_s:Accu-Tech"", ""userName_s"": """", ""refNum_s"": ""100012447""}"
"2026-04-09T16:10:58.590Z","ip-10-236-36-220","wesco-sapi-lucidworks-dr","queryParams to partSearch: { ""start"": ""0"", ""rows"": ""5"", ""q"": ""fan-bt AND shipLocation_s:14802 AND businessUnit_s:Accu-Tech"", ""userName_s"": ""208873"", ""refNum_s"": ""619925""}"
"2026-04-09T15:59:18.926Z","ip-10-236-36-220","wesco-sapi-lucidworks-dr","queryParams to partSearch: { ""start"": ""0"", ""rows"": ""5"", ""q"": ""UTPSP AND businessUnit_s:Accu-Tech"", ""userName_s"": ""230516"", ""refNum_s"": """"}"
"2026-04-09T15:51:24.429Z","ip-10-236-36-220","wesco-sapi-lucidworks-dr","queryParams to partSearch: { ""start"": ""0"", ""rows"": ""100"", ""q"": ""s200x150vaty* AND businessUnit_s:Accu-Tech AND shipLocation_s:13429 AND advancedPartSearch:Y AND businessUnit_s:Accu-Tech"", ""userName_s"": """", ""refNum_s"": ""100012447""}"
"2026-04-09T15:29:43.879Z","ip-10-236-36-220","wesco-sapi-lucidworks-dr","queryParams to partSearch: { ""start"": ""0"", ""rows"": ""100"", ""q"": ""760237778* AND salesLocation_s:61961 AND shipLocation_s:16011 AND customerAccount_s:AC0163-3722 AND businessUnit_s:Accu-Tech"", ""userName_s"": ""Marlon Doppe"", ""refNum_s"": """"}"
"2026-04-09T15:17:16.908Z","ip-10-236-36-220","wesco-sapi-lucidworks-dr","queryParams to partSearch: { ""start"": ""0"", ""rows"": ""5"", ""q"": ""lve-1u-md-t AND shipLocation_s:15625 AND businessUnit_s:Accu-Tech"", ""userName_s"": ""239937"", ""refNum_s"": ""619814""}"
"2026-04-09T15:16:30.693Z","ip-10-236-38-105","wesco-sapi-lucidworks-dr","queryParams to partSearch: { ""start"": ""0"", ""rows"": ""5"", ""q"": ""165OR4a AND businessUnit_s:Accu-Tech"", ""userName_s"": ""238684"", ""refNum_s"": """"}"
"2026-04-09T15:12:46.632Z","ip-10-236-36-220","wesco-sapi-lucidworks-dr","queryParams to partSearch: { ""start"": ""0"", ""rows"": ""100"", ""q"": ""MCTP6I-6-7* AND salesLocation_s:62681 AND shipLocation_s:14611 AND customerAccount_s:AC0158-9292 AND businessUnit_s:Accu-Tech"", ""userName_s"": ""Joshua Luffman"", ""refNum_s"": """"}"
"2026-04-09T15:11:57.248Z","ip-10-236-38-105","wesco-sapi-lucidworks-dr","queryParams to partSearch: { ""start"": ""0"", ""rows"": ""100"", ""q"": ""ch100b* AND salesLocation_s:60608 AND shipLocation_s:12008 AND customerAccount_s:AC0084-1801 AND dcLocation_s:7305 AND businessUnit_s:WESCO"", ""userName_s"": ""Noah Gelman"", ""refNum_s"": """"}"
"2026-04-09T14:58:27.697Z","ip-10-236-38-105","wesco-sapi-lucidworks-dr","queryParams to partSearch: { ""start"": ""0"", ""rows"": ""100"", ""q"": ""L9090EU* AND businessUnit_s:Accu-Tech AND shipLocation_s:16011 AND advancedPartSearch:Y AND businessUnit_s:Accu-Tech"", ""userName_s"": """", ""refNum_s"": ""100012447""}"
"2026-04-09T14:57:17.472Z","ip-10-236-38-105","wesco-sapi-lucidworks-dr","queryParams to partSearch: { ""start"": ""0"", ""rows"": ""100"", ""q"": ""7075gsr* AND salesLocation_s:60608 AND shipLocation_s:12008 AND customerAccount_s:AC0084-1801 AND dcLocation_s:7305 AND businessUnit_s:WESCO"", ""userName_s"": ""Noah Gelman"", ""refNum_s"": """"}"
"2026-04-09T14:56:02.066Z","ip-10-236-38-105","wesco-sapi-lucidworks-dr","queryParams to partSearch: { ""start"": ""0"", ""rows"": ""100"", ""q"": ""35572-703* AND businessUnit_s:Accu-Tech AND shipLocation_s:12702 AND advancedPartSearch:Y AND businessUnit_s:Accu-Tech"", ""userName_s"": """", ""refNum_s"": ""100012447""}"
"2026-04-09T14:42:58.332Z","ip-10-236-38-105","wesco-sapi-lucidworks-dr","queryParams to partSearch: { ""start"": ""0"", ""rows"": ""5"", ""q"": ""3cx4000 AND businessUnit_s:Accu-Tech"", ""userName_s"": ""212564"", ""refNum_s"": """"}"
"2026-04-09T14:23:19.287Z","ip-10-236-38-105","wesco-sapi-lucidworks-dr","queryParams to partSearch: { ""start"": ""0"", ""rows"": ""5"", ""q"": ""CAT6A-03-GRB AND shipLocation_s:12304 AND businessUnit_s:Accu-Tech"", ""userName_s"": ""233642"", ""refNum_s"": ""619598""}"
"2026-04-09T14:10:35.045Z","ip-10-236-38-105","wesco-sapi-lucidworks-dr","queryParams to partSearch: { ""start"": ""0"", ""rows"": ""5"", ""q"": ""55053-703 AND shipLocation_s:15642 AND businessUnit_s:Accu-Tech"", ""userName_s"": ""301951"", ""refNum_s"": ""619653""}"
"2026-04-09T14:05:25.266Z","ip-10-236-38-105","wesco-sapi-lucidworks-dr","queryParams to partSearch: { ""start"": ""0"", ""rows"": ""100"", ""q"": ""6110G-RV6* AND businessUnit_s:Accu-Tech AND shipLocation_s:16043 AND advancedPartSearch:Y AND businessUnit_s:Accu-Tech"", ""userName_s"": """", ""refNum_s"": ""100012447""}"
"2026-04-09T14:02:56.581Z","ip-10-236-36-220","wesco-sapi-lucidworks-dr","queryParams to partSearch: { ""start"": ""0"", ""rows"": ""5"", ""q"": ""cs34 AND shipLocation_s:14802 AND businessUnit_s:Accu-Tech"", ""userName_s"": ""326020"", ""refNum_s"": ""618642""}"
"2026-04-09T13:59:20.619Z","ip-10-236-38-105","wesco-sapi-lucidworks-dr","queryParams to partSearch: { ""start"": ""0"", ""rows"": ""100"", ""q"": ""6H460-15R* AND salesLocation_s:69609 AND shipLocation_s:12702 AND customerAccount_s:AC0161-1369 AND businessUnit_s:Accu-Tech"", ""userName_s"": ""Ryan Punsalan"", ""refNum_s"": """"}"
"2026-04-09T13:55:06.295Z","ip-10-236-36-220","wesco-sapi-lucidworks-dr","queryParams to partSearch: { ""start"": ""0"", ""rows"": ""5"", ""q"": ""AX103115 AND shipLocation_s:15625 AND businessUnit_s:Accu-Tech"", ""userName_s"": ""305059"", ""refNum_s"": ""619632""}"
"2026-04-09T13:55:06.039Z","ip-10-236-38-105","wesco-sapi-lucidworks-dr","queryParams to partSearch: { ""start"": ""0"", ""rows"": ""5"", ""q"": ""12_fiber AND shipLocation_s:13417 AND businessUnit_s:Accu-Tech"", ""userName_s"": ""323948"", ""refNum_s"": ""577629""}"
"2026-04-09T13:54:22.883Z","ip-10-236-38-105","wesco-sapi-lucidworks-dr","queryParams to partSearch: { ""start"": ""0"", ""rows"": ""100"", ""q"": ""787802GD1AP031M* AND salesLocation_s:60373 AND shipLocation_s:13429 AND customerAccount_s:AC0159-0721 AND businessUnit_s:Accu-Tech"", ""userName_s"": ""Alison Moody"", ""refNum_s"": """"}"
"2026-04-09T13:45:32.011Z","ip-10-236-38-105","wesco-sapi-lucidworks-dr","queryParams to partSearch: { ""start"": ""0"", ""rows"": ""100"", ""q"": ""*:* AND transPartOrFilter:(transactablePart_s:BE7238799 OR transactablePart_s:BE74Y9236) AND salesLocation_s:60608 AND shipLocation_s:12008 AND dcLocation_s:7305 AND customerAccount_s:AC0044-6503 AND businessUnit_s:WESCO"", ""userName_s"": ""matt trautman"", ""refNum_s"": ""100088387""}"
"2026-04-09T13:29:01.434Z","ip-10-236-38-105","wesco-sapi-lucidworks-dr","queryParams to partSearch: { ""start"": ""0"", ""rows"": ""100"", ""q"": ""bc* AND salesLocation_s:62401 AND shipLocation_s:12601 AND customerAccount_s:AC0158-4005 AND businessUnit_s:Accu-Tech"", ""userName_s"": ""Randy Schnepel"", ""refNum_s"": """"}"
"2026-04-09T13:19:49.348Z","ip-10-236-36-220","wesco-sapi-lucidworks-dr","queryParams to partSearch: { ""start"": ""0"", ""rows"": ""5"", ""q"": ""jp2dw AND shipLocation_s:11726 AND businessUnit_s:Accu-Tech"", ""userName_s"": ""329125"", ""refNum_s"": ""619563""}"
"2026-04-09T13:15:28.620Z","ip-10-236-36-220","wesco-sapi-lucidworks-dr","queryParams to partSearch: { ""start"": ""0"", ""rows"": ""100"", ""q"": ""nk3fnwh* AND salesLocation_s:62473 AND shipLocation_s:13429 AND customerAccount_s:AC0158-6167 AND businessUnit_s:Accu-Tech"", ""userName_s"": ""John-Riley Hathcock"", ""refNum_s"": """"}"
"2026-04-09T13:11:00.653Z","ip-10-236-36-220","wesco-sapi-lucidworks-dr","queryParams to partSearch: { ""start"": ""0"", ""rows"": ""5"", ""q"": ""012e81-33131-a1 AND businessUnit_s:Accu-Tech"", ""userName_s"": ""235882"", ""refNum_s"": """"}"
"2026-04-09T12:57:34.951Z","ip-10-236-36-220","wesco-sapi-lucidworks-dr","queryParams to partSearch: { ""start"": ""0"", ""rows"": ""100"", ""q"": ""ksftp6* AND salesLocation_s:62474 AND shipLocation_s:13417 AND customerAccount_s:AC0196-3252 AND businessUnit_s:Accu-Tech"", ""userName_s"": ""Liz Miller"", ""refNum_s"": """"}"
"2026-04-09T12:41:45.409Z","ip-10-236-38-105","wesco-sapi-lucidworks-dr","queryParams to partSearch: { ""start"": ""0"", ""rows"": ""100"", ""q"": ""760237052* AND salesLocation_s:62474 AND shipLocation_s:13417 AND customerAccount_s:AC0158-6317 AND businessUnit_s:Accu-Tech"", ""userName_s"": ""Kelly Szymanski"", ""refNum_s"": """"}"
"2026-04-09T12:37:14.735Z","ip-10-236-38-105","wesco-sapi-lucidworks-dr","queryParams to partSearch: { ""start"": ""0"", ""rows"": ""5"", ""q"": ""EZD44S2 AND shipLocation_s:14509 AND businessUnit_s:Accu-Tech"", ""userName_s"": ""316066"", ""refNum_s"": ""619519""}"
"2026-04-09T12:30:49.274Z","ip-10-236-36-220","wesco-sapi-lucidworks-dr","queryParams to partSearch: { ""start"": ""0"", ""rows"": ""100"", ""q"": ""77-240-2B* AND salesLocation_s:62536 AND shipLocation_s:15609 AND customerAccount_s:AC0159-0427 AND businessUnit_s:Accu-Tech"", ""userName_s"": ""Justin LaBanz"", ""refNum_s"": """"}"
"2026-04-09T12:27:02.979Z","ip-10-236-36-220","wesco-sapi-lucidworks-dr","queryParams to partSearch: { ""start"": ""0"", ""rows"": ""100"", ""q"": ""49255-H24* AND salesLocation_s:62532 AND shipLocation_s:11726 AND customerAccount_s:AC0158-5595 AND businessUnit_s:Accu-Tech"", ""userName_s"": ""Austin Collins"", ""refNum_s"": """"}"
"2026-04-09T12:21:20.931Z","ip-10-236-38-105","wesco-sapi-lucidworks-dr","queryParams to partSearch: { ""start"": ""0"", ""rows"": ""5"", ""q"": ""cch AND shipLocation_s:13429 AND businessUnit_s:Accu-Tech"", ""userName_s"": ""231024"", ""refNum_s"": ""619282""}"
"2026-04-09T12:15:06.611Z","ip-10-236-38-105","wesco-sapi-lucidworks-dr","queryParams to partSearch: { ""start"": ""0"", ""rows"": ""5"", ""q"": ""screw AND shipLocation_s:13417 AND businessUnit_s:Accu-Tech"", ""userName_s"": ""310311"", ""refNum_s"": ""619498""}"
"2026-04-09T11:50:37.499Z","ip-10-236-38-105","wesco-sapi-lucidworks-dr","queryParams to partSearch: { ""start"": ""0"", ""rows"": ""100"", ""q"": ""66-246-4b* AND salesLocation_s:62400 AND shipLocation_s:14112 AND customerAccount_s:AC0159-1988 AND businessUnit_s:Accu-Tech"", ""userName_s"": ""Ewan Pessoa"", ""refNum_s"": """"}"
"2026-04-09T11:41:58.140Z","ip-10-236-38-105","wesco-sapi-lucidworks-dr","queryParams to partSearch: { ""start"": ""0"", ""rows"": ""100"", ""q"": ""11142628* AND salesLocation_s:62400 AND shipLocation_s:14112 AND customerAccount_s:AC0158-3694 AND businessUnit_s:Accu-Tech"", ""userName_s"": ""Michael Cahalan"", ""refNum_s"": """"}"
"2026-04-09T04:48:20.352Z","ip-10-236-38-105","wesco-sapi-lucidworks-dr","queryParams to partSearch: { ""start"": ""0"", ""rows"": ""5"", ""q"": ""ftr1u3sp AND shipLocation_s:15812 AND businessUnit_s:Accu-Tech"", ""userName_s"": ""216856"", ""refNum_s"": ""619468""}"
"2026-04-09T02:42:59.665Z","ip-10-236-38-105","wesco-sapi-lucidworks-dr","queryParams to partSearch: { ""start"": ""0"", ""rows"": ""5"", ""q"": ""Z6A-PF-48 AND shipLocation_s:11726 AND businessUnit_s:Accu-Tech"", ""userName_s"": ""234661"", ""refNum_s"": ""619461""}"
"2026-04-08T22:55:06.898Z","ip-10-236-36-220","wesco-sapi-lucidworks-dr","queryParams to partSearch: { ""start"": ""0"", ""rows"": ""100"", ""q"": ""63-14043* AND salesLocation_s:60682 AND shipLocation_s:15408 AND customerAccount_s:AC0082-3869 AND dcLocation_s:7305 AND businessUnit_s:WESCO"", ""userName_s"": ""Brian Wortmann"", ""refNum_s"": """"}"
"2026-04-08T22:26:06.655Z","ip-10-236-38-105","wesco-sapi-lucidworks-dr","queryParams to partSearch: { ""start"": ""0"", ""rows"": ""5"", ""q"": ""11312 AND shipLocation_s:15625 AND businessUnit_s:Accu-Tech"", ""userName_s"": ""307308"", ""refNum_s"": ""619434""}"
"2026-04-08T21:43:50.877Z","ip-10-236-36-220","wesco-sapi-lucidworks-dr","queryParams to partSearch: { ""start"": ""0"", ""rows"": ""100"", ""q"": ""mctp6bi-6-10* AND salesLocation_s:61960 AND shipLocation_s:16043 AND customerAccount_s:AC0158-0571 AND businessUnit_s:Accu-Tech"", ""userName_s"": ""Alton Balentine"", ""refNum_s"": """"}"
"2026-04-08T21:14:28.523Z","ip-10-236-38-105","wesco-sapi-lucidworks-dr","queryParams to partSearch: { ""start"": ""0"", ""rows"": ""5"", ""q"": ""co AND shipLocation_s:16011 AND businessUnit_s:Accu-Tech"", ""userName_s"": ""322620"", ""refNum_s"": ""614115""}"
"2026-04-08T21:07:13.635Z","ip-10-236-36-220","wesco-sapi-lucidworks-dr","queryParams to partSearch: { ""start"": ""0"", ""rows"": ""5"", ""q"": ""cc AND shipLocation_s:16043 AND businessUnit_s:Accu-Tech"", ""userName_s"": ""227199"", ""refNum_s"": ""619291""}"
"2026-04-08T21:00:53.143Z","ip-10-236-38-105","wesco-sapi-lucidworks-dr","queryParams to partSearch: { ""start"": ""0"", ""rows"": ""100"", ""q"": ""DC6MJKU* AND salesLocation_s:62532 AND shipLocation_s:11726 AND customerAccount_s:AC0158-5595 AND businessUnit_s:Accu-Tech"", ""userName_s"": ""Hunter Strickland"", ""refNum_s"": """"}"
"2026-04-08T20:57:40.221Z","ip-10-236-36-220","wesco-sapi-lucidworks-dr","queryParams to partSearch: { ""start"": ""0"", ""rows"": ""5"", ""q"": ""ax101783 AND businessUnit_s:Accu-Tech"", ""userName_s"": ""212564"", ""refNum_s"": """"}"
"2026-04-08T20:57:01.310Z","ip-10-236-38-105","wesco-sapi-lucidworks-dr","queryParams to partSearch: { ""start"": ""0"", ""rows"": ""5"", ""q"": ""42080-2TS AND shipLocation_s:14506 AND businessUnit_s:Accu-Tech"", ""userName_s"": ""320529"", ""refNum_s"": ""619349""}"
"2026-04-08T20:56:23.585Z","ip-10-236-36-220","wesco-sapi-lucidworks-dr","queryParams to partSearch: { ""start"": ""0"", ""rows"": ""5"", ""q"": ""JI945R-000 AND shipLocation_s:12304 AND businessUnit_s:Accu-Tech"", ""userName_s"": ""308638"", ""refNum_s"": ""619368""}"
"2026-04-08T20:51:54.603Z","ip-10-236-38-105","wesco-sapi-lucidworks-dr","queryParams to partSearch: { ""start"": ""0"", ""rows"": ""5"", ""q"": ""569439- AND shipLocation_s:14611 AND businessUnit_s:Accu-Tech"", ""userName_s"": ""240568"", ""refNum_s"": ""618912""}"
"2026-04-08T20:42:09.099Z","ip-10-236-38-105","wesco-sapi-lucidworks-dr","queryParams to partSearch: { ""start"": ""0"", ""rows"": ""5"", ""q"": ""sph AND shipLocation_s:16041 AND businessUnit_s:Accu-Tech"", ""userName_s"": ""318654"", ""refNum_s"": ""619309""}"
"2026-04-08T20:38:28.048Z","ip-10-236-38-105","wesco-sapi-lucidworks-dr","queryParams to partSearch: { ""start"": ""0"", ""rows"": ""5"", ""q"": ""zp AND shipLocation_s:11102 AND businessUnit_s:Accu-Tech"", ""userName_s"": ""224559"", ""refNum_s"": ""619136""}"
"2026-04-08T20:30:18.111Z","ip-10-236-36-220","wesco-sapi-lucidworks-dr","queryParams to partSearch: { ""start"": ""0"", ""rows"": ""5"", ""q"": ""CJ AND shipLocation_s:14112 AND businessUnit_s:Accu-Tech"", ""userName_s"": ""210280"", ""refNum_s"": ""619310""}"
"2026-04-08T20:16:10.723Z","ip-10-236-38-105","wesco-sapi-lucidworks-dr","queryParams to partSearch: { ""start"": ""0"", ""rows"": ""100"", ""q"": ""10250-E18* AND businessUnit_s:Accu-Tech AND shipLocation_s:12601 AND advancedPartSearch:Y AND businessUnit_s:Accu-Tech"", ""userName_s"": """", ""refNum_s"": ""100012447""}"
"2026-04-08T20:00:51.779Z","ip-10-236-38-105","wesco-sapi-lucidworks-dr","queryParams to partSearch: { ""start"": ""0"", ""rows"": ""100"", ""q"": ""10GXS13* AND salesLocation_s:62400 AND shipLocation_s:14112 AND customerAccount_s:AC0159-1988 AND businessUnit_s:Accu-Tech"", ""userName_s"": ""Ewan Pessoa"", ""refNum_s"": """"}"
"2026-04-08T19:55:17.833Z","ip-10-236-36-220","wesco-sapi-lucidworks-dr","queryParams to partSearch: { ""start"": ""0"", ""rows"": ""5"", ""q"": ""V700 AND shipLocation_s:15416 AND businessUnit_s:Accu-Tech"", ""userName_s"": ""328811"", ""refNum_s"": ""617819""}"
"2026-04-08T19:46:25.918Z","ip-10-236-36-220","wesco-sapi-lucidworks-dr","queryParams to partSearch: { ""start"": ""0"", ""rows"": ""100"", ""q"": ""P1032CN* AND businessUnit_s:Accu-Tech AND shipLocation_s:13429 AND advancedPartSearch:Y AND businessUnit_s:Accu-Tech"", ""userName_s"": """", ""refNum_s"": ""100012447""}"
"2026-04-08T19:45:43.968Z","ip-10-236-36-220","wesco-sapi-lucidworks-dr","queryParams to partSearch: { ""start"": ""0"", ""rows"": ""5"", ""q"": ""AX103115 AND shipLocation_s:14112 AND businessUnit_s:Accu-Tech"", ""userName_s"": ""210280"", ""refNum_s"": ""619239""}"
"2026-04-08T19:45:39.029Z","ip-10-236-36-220","wesco-sapi-lucidworks-dr","queryParams to partSearch: { ""start"": ""0"", ""rows"": ""100"", ""q"": ""*:* AND transPartOrFilter:(transactablePart_s:LHTG72A23 OR transactablePart_s:DG8793849 OR transactablePart_s:BEY225969) AND salesLocation_s:61171 AND shipLocation_s:12402 AND dcLocation_s:7302 AND customerAccount_s:AC0018-5130 AND businessUnit_s:WESCO"", ""userName_s"": ""Danny Jenkins"", ""refNum_s"": ""QU100031887""}"
"2026-04-08T19:45:37.938Z","ip-10-236-36-220","wesco-sapi-lucidworks-dr","queryParams to partSearch: { ""start"": ""0"", ""rows"": ""5"", ""q"": ""18443 AND shipLocation_s:15625 AND businessUnit_s:Accu-Tech"", ""userName_s"": ""329187"", ""refNum_s"": ""619145""}"
"2026-04-08T19:43:47.287Z","ip-10-236-36-220","wesco-sapi-lucidworks-dr","queryParams to partSearch: { ""start"": ""0"", ""rows"": ""5"", ""q"": ""AX10 AND shipLocation_s:14112 AND businessUnit_s:Accu-Tech"", ""userName_s"": ""210280"", ""refNum_s"": ""619239""}"
"2026-04-08T19:39:01.847Z","ip-10-236-36-220","wesco-sapi-lucidworks-dr","queryParams to partSearch: { ""start"": ""0"", ""rows"": ""5"", ""q"": ""7602573 AND shipLocation_s:14611 AND businessUnit_s:Accu-Tech"", ""userName_s"": ""240568"", ""refNum_s"": ""618912""}"
"2026-04-08T19:28:54.478Z","ip-10-236-36-220","wesco-sapi-lucidworks-dr","queryParams to partSearch: { ""start"": ""0"", ""rows"": ""100"", ""q"": ""2413fsd151000* AND salesLocation_s:62395 AND shipLocation_s:12702 AND customerAccount_s:AC0158-3408 AND businessUnit_s:Accu-Tech"", ""userName_s"": ""Melissa Saul"", ""refNum_s"": """"}"
"2026-04-08T18:59:23.115Z","ip-10-236-36-220","wesco-sapi-lucidworks-dr","queryParams to partSearch: { ""start"": ""0"", ""rows"": ""100"", ""q"": ""11142454* AND salesLocation_s:62473 AND shipLocation_s:13429 AND customerAccount_s:AC0158-6112 AND businessUnit_s:Accu-Tech"", ""userName_s"": ""John-Riley Hathcock"", ""refNum_s"": """"}"
"2026-04-08T18:58:21.417Z","ip-10-236-38-105","wesco-sapi-lucidworks-dr","queryParams to partSearch: { ""start"": ""0"", ""rows"": ""5"", ""q"": ""QTX-300 AND businessUnit_s:Accu-Tech"", ""userName_s"": ""328501"", ""refNum_s"": ""617047""}"
"2026-04-08T18:57:33.520Z","ip-10-236-36-220","wesco-sapi-lucidworks-dr","queryParams to partSearch: { ""start"": ""0"", ""rows"": ""100"", ""q"": ""V-9916M* AND salesLocation_s:62746 AND shipLocation_s:15428 AND customerAccount_s:AC0158-3586 AND businessUnit_s:Accu-Tech"", ""userName_s"": ""Robert Bodnar"", ""refNum_s"": """"}"
"2026-04-08T18:51:06.280Z","ip-10-236-36-220","wesco-sapi-lucidworks-dr","queryParams to partSearch: { ""start"": ""0"", ""rows"": ""100"", ""q"": ""2413d15* AND salesLocation_s:62532 AND shipLocation_s:11726 AND customerAccount_s:AC0197-4517 AND businessUnit_s:Accu-Tech"", ""userName_s"": ""Christian Anderson"", ""refNum_s"": """"}"
"2026-04-08T18:40:29.764Z","ip-10-236-38-105","wesco-sapi-lucidworks-dr","queryParams to partSearch: { ""start"": ""0"", ""rows"": ""100"", ""q"": ""hdjs6* AND businessUnit_s:Accu-Tech AND shipLocation_s:12702 AND advancedPartSearch:Y AND businessUnit_s:Accu-Tech"", ""userName_s"": """", ""refNum_s"": ""100012447""}"
"2026-04-08T18:38:46.775Z","ip-10-236-36-220","wesco-sapi-lucidworks-dr","queryParams to partSearch: { ""start"": ""0"", ""rows"": ""5"", ""q"": ""3/4 AND businessUnit_s:Accu-Tech"", ""userName_s"": ""332869"", ""refNum_s"": ""619117""}"
"2026-04-08T18:35:11.909Z","ip-10-236-36-220","wesco-sapi-lucidworks-dr","queryParams to partSearch: { ""start"": ""0"", ""rows"": ""5"", ""q"": ""NKRMFIW AND shipLocation_s:15642 AND businessUnit_s:Accu-Tech"", ""userName_s"": ""313136"", ""refNum_s"": ""618823""}"
"2026-04-08T18:22:32.186Z","ip-10-236-38-105","wesco-sapi-lucidworks-dr","queryParams to partSearch: { ""start"": ""0"", ""rows"": ""5"", ""q"": ""00211170000 AND businessUnit_s:Accu-Tech"", ""userName_s"": ""328841"", ""refNum_s"": ""618986""}"
"2026-04-08T18:22:27.118Z","ip-10-236-36-220","wesco-sapi-lucidworks-dr","queryParams to partSearch: { ""start"": ""0"", ""rows"": ""100"", ""q"": ""51031-10M* AND salesLocation_s:62395 AND shipLocation_s:12702 AND customerAccount_s:AC0163-5298 AND businessUnit_s:Accu-Tech"", ""userName_s"": ""JR Luck"", ""refNum_s"": """"}"
"2026-04-08T18:16:52.411Z","ip-10-236-38-105","wesco-sapi-lucidworks-dr","queryParams to partSearch: { ""start"": ""0"", ""rows"": ""5"", ""q"": ""AX102282 AND businessUnit_s:Accu-Tech"", ""userName_s"": ""238367"", ""refNum_s"": """"}"
"2026-04-08T17:52:55.954Z","ip-10-236-38-105","wesco-sapi-lucidworks-dr","queryParams to partSearch: { ""start"": ""0"", ""rows"": ""5"", ""q"": ""5300UE_008U1000 AND shipLocation_s:14810 AND businessUnit_s:Accu-Tech"", ""userName_s"": ""308661"", ""refNum_s"": ""618919""}"
"2026-04-08T17:51:33.313Z","ip-10-236-38-105","wesco-sapi-lucidworks-dr","queryParams to partSearch: { ""start"": ""0"", ""rows"": ""5"", ""q"": ""80810086 AND shipLocation_s:11726 AND businessUnit_s:Accu-Tech"", ""userName_s"": ""236339"", ""refNum_s"": ""618993""}"
"2026-04-08T17:40:45.238Z","ip-10-236-38-105","wesco-sapi-lucidworks-dr","queryParams to partSearch: { ""start"": ""0"", ""rows"": ""100"", ""q"": ""44-751-8C6* AND salesLocation_s:62474 AND shipLocation_s:13417 AND customerAccount_s:AC0196-3252 AND businessUnit_s:Accu-Tech"", ""userName_s"": ""Liz Miller"", ""refNum_s"": """"}"
"2026-04-08T17:30:10.069Z","ip-10-236-36-220","wesco-sapi-lucidworks-dr","queryParams to partSearch: { ""start"": ""0"", ""rows"": ""100"", ""q"": ""T00009623* AND salesLocation_s:60627 AND shipLocation_s:14507 AND customerAccount_s:AC0050-7254 AND dcLocation_s:7303 AND businessUnit_s:WESCO"", ""userName_s"": ""Dale Cox"", ""refNum_s"": """"}"
"2026-04-08T17:28:00.228Z","ip-10-236-36-220","wesco-sapi-lucidworks-dr","queryParams to partSearch: { ""start"": ""0"", ""rows"": ""5"", ""q"": ""vr6 AND shipLocation_s:16023 AND businessUnit_s:Accu-Tech"", ""userName_s"": ""208907"", ""refNum_s"": ""617798""}"
"2026-04-08T17:20:10.760Z","ip-10-236-36-220","wesco-sapi-lucidworks-dr","queryParams to partSearch: { ""start"": ""0"", ""rows"": ""100"", ""q"": ""6-554720* AND salesLocation_s:62474 AND shipLocation_s:13417 AND customerAccount_s:AC0158-6317 AND businessUnit_s:Accu-Tech"", ""userName_s"": ""Kelly Szymanski"", ""refNum_s"": """"}"
"2026-04-08T16:40:44.163Z","ip-10-236-36-220","wesco-sapi-lucidworks-dr","queryParams to partSearch: { ""start"": ""0"", ""rows"": ""100"", ""q"": ""ft06fbk* AND salesLocation_s:62395 AND shipLocation_s:12702 AND customerAccount_s:AC0196-5279 AND businessUnit_s:Accu-Tech"", ""userName_s"": ""Amanda Wyckoff"", ""refNum_s"": """"}"
"2026-04-08T16:28:51.570Z","ip-10-236-36-220","wesco-sapi-lucidworks-dr","queryParams to partSearch: { ""start"": ""0"", ""rows"": ""100"", ""q"": ""ST-05-60* AND salesLocation_s:62395 AND shipLocation_s:12702 AND customerAccount_s:AC0162-7547 AND businessUnit_s:Accu-Tech"", ""userName_s"": ""David Eslin"", ""refNum_s"": """"}"
"2026-04-08T16:24:43.992Z","ip-10-236-38-105","wesco-sapi-lucidworks-dr","queryParams to partSearch: { ""start"": ""0"", ""rows"": ""100"", ""q"": ""2413FS 0101000* AND businessUnit_s:Accu-Tech AND shipLocation_s:12702 AND advancedPartSearch:Y AND businessUnit_s:Accu-Tech"", ""userName_s"": """", ""refNum_s"": ""100012447""}"
"2026-04-08T16:17:18.817Z","ip-10-236-38-105","wesco-sapi-lucidworks-dr","queryParams to partSearch: { ""start"": ""0"", ""rows"": ""5"", ""q"": ""830-0eh10x AND shipLocation_s:16023 AND businessUnit_s:Accu-Tech"", ""userName_s"": ""339483"", ""refNum_s"": ""618688""}"
"2026-04-08T16:15:07.711Z","ip-10-236-38-105","wesco-sapi-lucidworks-dr","queryParams to partSearch: { ""start"": ""0"", ""rows"": ""100"", ""q"": ""700206758* AND businessUnit_s:Accu-Tech AND shipLocation_s:11726 AND advancedPartSearch:Y AND businessUnit_s:Accu-Tech"", ""userName_s"": """", ""refNum_s"": ""100012447""}"
"2026-04-08T16:06:51.410Z","ip-10-236-36-220","wesco-sapi-lucidworks-dr","queryParams to partSearch: { ""start"": ""0"", ""rows"": ""100"", ""q"": ""403HDJ26- 88* AND salesLocation_s:62395 AND shipLocation_s:12702 AND customerAccount_s:AC0158-2905 AND businessUnit_s:Accu-Tech"", ""userName_s"": ""Amanda Wyckoff"", ""refNum_s"": """"}"
"2026-04-08T15:50:15.173Z","ip-10-236-38-105","wesco-sapi-lucidworks-dr","queryParams to partSearch: { ""start"": ""0"", ""rows"": ""5"", ""q"": ""kshdmi AND shipLocation_s:15642 AND businessUnit_s:Accu-Tech"", ""userName_s"": ""208850"", ""refNum_s"": ""618768""}"
"2026-04-08T15:36:55.481Z","ip-10-236-36-220","wesco-sapi-lucidworks-dr","queryParams to partSearch: { ""start"": ""0"", ""rows"": ""5"", ""q"": ""m67 AND shipLocation_s:15642 AND businessUnit_s:Accu-Tech"", ""userName_s"": ""311815"", ""refNum_s"": ""618788""}"
"2026-04-08T15:36:39.795Z","ip-10-236-36-220","wesco-sapi-lucidworks-dr","queryParams to partSearch: { ""start"": ""0"", ""rows"": ""100"", ""q"": ""cat32hp4z34* AND salesLocation_s:62473 AND shipLocation_s:13429 AND customerAccount_s:AC0158-6073 AND businessUnit_s:Accu-Tech"", ""userName_s"": ""John-Riley Hathcock"", ""refNum_s"": """"}"
"2026-04-08T15:34:36.832Z","ip-10-236-36-220","wesco-sapi-lucidworks-dr","queryParams to partSearch: { ""start"": ""0"", ""rows"": ""100"", ""q"": ""wch-02p* AND salesLocation_s:62531 AND shipLocation_s:15625 AND customerAccount_s:AC0158-5174 AND businessUnit_s:Accu-Tech"", ""userName_s"": ""Christian Beaudet"", ""refNum_s"": """"}"
"2026-04-08T15:34:02.845Z","ip-10-236-38-105","wesco-sapi-lucidworks-dr","queryParams to partSearch: { ""start"": ""0"", ""rows"": ""5"", ""q"": ""WMP1E AND shipLocation_s:12908 AND businessUnit_s:Accu-Tech"", ""userName_s"": ""321469"", ""refNum_s"": ""618789""}"
"2026-04-08T15:03:36.246Z","ip-10-236-38-105","wesco-sapi-lucidworks-dr","queryParams to partSearch: { ""start"": ""0"", ""rows"": ""5"", ""q"": ""12419-E48 AND shipLocation_s:15642 AND businessUnit_s:Accu-Tech"", ""userName_s"": ""233931"", ""refNum_s"": ""618742""}"
"2026-04-08T15:02:11.693Z","ip-10-236-36-220","wesco-sapi-lucidworks-dr","queryParams to partSearch: { ""start"": ""0"", ""rows"": ""5"", ""q"": ""SBP26 AND shipLocation_s:13429 AND businessUnit_s:Accu-Tech"", ""userName_s"": ""307614"", ""refNum_s"": ""618707""}"
"2026-04-08T14:55:12.908Z","ip-10-236-36-220","wesco-sapi-lucidworks-dr","queryParams to partSearch: { ""start"": ""0"", ""rows"": ""5"", ""q"": ""12787-536 AND shipLocation_s:14112 AND businessUnit_s:Accu-Tech"", ""userName_s"": ""230714"", ""refNum_s"": ""613579""}"
"2026-04-08T14:48:35.524Z","ip-10-236-36-220","wesco-sapi-lucidworks-dr","queryParams to partSearch: { ""start"": ""0"", ""rows"": ""5"", ""q"": ""006t88-31180 AND businessUnit_s:Accu-Tech"", ""userName_s"": ""328947"", ""refNum_s"": ""618720""}"
"2026-04-08T14:47:44.855Z","ip-10-236-36-220","wesco-sapi-lucidworks-dr","queryParams to partSearch: { ""start"": ""0"", ""rows"": ""5"", ""q"": ""ap-1tb AND shipLocation_s:14611 AND businessUnit_s:Accu-Tech"", ""userName_s"": ""303596"", ""refNum_s"": ""618661""}"
"2026-04-08T14:47:12.587Z","ip-10-236-38-105","wesco-sapi-lucidworks-dr","queryParams to partSearch: { ""start"": ""0"", ""rows"": ""5"", ""q"": ""10250-712 AND shipLocation_s:16011 AND businessUnit_s:Accu-Tech"", ""userName_s"": ""322620"", ""refNum_s"": ""618685""}"
"2026-04-08T14:46:53.611Z","ip-10-236-38-105","wesco-sapi-lucidworks-dr","queryParams to partSearch: { ""start"": ""0"", ""rows"": ""5"", ""q"": ""SMWB-2G AND shipLocation_s:11411 AND businessUnit_s:Accu-Tech"", ""userName_s"": ""336274"", ""refNum_s"": ""618714""}"
"2026-04-08T14:45:08.482Z","ip-10-236-36-220","wesco-sapi-lucidworks-dr","queryParams to partSearch: { ""start"": ""0"", ""rows"": ""5"", ""q"": ""100020C AND shipLocation_s:12908 AND businessUnit_s:Accu-Tech"", ""userName_s"": ""321469"", ""refNum_s"": ""618709""}"
"2026-04-08T14:38:08.078Z","ip-10-236-36-220","wesco-sapi-lucidworks-dr","queryParams to partSearch: { ""start"": ""0"", ""rows"": ""100"", ""q"": ""40546* AND salesLocation_s:62395 AND shipLocation_s:12702 AND customerAccount_s:AC0158-2905 AND businessUnit_s:Accu-Tech"", ""userName_s"": ""Amanda Wyckoff"", ""refNum_s"": """"}"
"2026-04-08T14:33:49.991Z","ip-10-236-38-105","wesco-sapi-lucidworks-dr","queryParams to partSearch: { ""start"": ""0"", ""rows"": ""5"", ""q"": ""FOAS2F10gLCLC-3M AND shipLocation_s:14112 AND businessUnit_s:Accu-Tech"", ""userName_s"": ""230714"", ""refNum_s"": ""613485""}"
"2026-04-08T14:33:37.848Z","ip-10-236-38-105","wesco-sapi-lucidworks-dr","queryParams to partSearch: { ""start"": ""0"", ""rows"": ""100"", ""q"": ""31086* AND businessUnit_s:Accu-Tech AND shipLocation_s:12702 AND advancedPartSearch:Y AND businessUnit_s:Accu-Tech"", ""userName_s"": """", ""refNum_s"": ""100012447""}"
"2026-04-08T14:33:34.213Z","ip-10-236-38-105","wesco-sapi-lucidworks-dr","queryParams to partSearch: { ""start"": ""0"", ""rows"": ""100"", ""q"": ""QCC-A504-0266-009* AND salesLocation_s:62395 AND shipLocation_s:12702 AND customerAccount_s:AC0158-2905 AND businessUnit_s:Accu-Tech"", ""userName_s"": ""Amanda Wyckoff"", ""refNum_s"": """"}"
"2026-04-08T14:30:54.485Z","ip-10-236-38-105","wesco-sapi-lucidworks-dr","queryParams to partSearch: { ""start"": ""0"", ""rows"": ""5"", ""q"": ""040402 AND shipLocation_s:14205 AND businessUnit_s:Accu-Tech"", ""userName_s"": ""230516"", ""refNum_s"": ""618671""}"
"2026-04-08T14:30:37.334Z","ip-10-236-36-220","wesco-sapi-lucidworks-dr","queryParams to partSearch: { ""start"": ""0"", ""rows"": ""5"", ""q"": ""9c6r4-a5-06a AND shipLocation_s:14506 AND businessUnit_s:Accu-Tech"", ""userName_s"": ""209989"", ""refNum_s"": ""617931""}"
"2026-04-08T14:02:50.769Z","ip-10-236-36-220","wesco-sapi-lucidworks-dr","queryParams to partSearch: { ""start"": ""0"", ""rows"": ""100"", ""q"": ""4855RBUHD3* AND salesLocation_s:62395 AND shipLocation_s:12702 AND customerAccount_s:AC0158-1437 AND businessUnit_s:Accu-Tech"", ""userName_s"": ""Parker Mitchell"", ""refNum_s"": """"}"
"2026-04-08T13:50:30.242Z","ip-10-236-38-105","wesco-sapi-lucidworks-dr","queryParams to partSearch: { ""start"": ""0"", ""rows"": ""5"", ""q"": ""fssc006n0 AND shipLocation_s:11726 AND businessUnit_s:Accu-Tech"", ""userName_s"": ""302568"", ""refNum_s"": ""618474""}"
"2026-04-08T13:39:27.645Z","ip-10-236-38-105","wesco-sapi-lucidworks-dr","queryParams to partSearch: { ""start"": ""0"", ""rows"": ""5"", ""q"": ""770 AND shipLocation_s:14810 AND businessUnit_s:Accu-Tech"", ""userName_s"": ""308661"", ""refNum_s"": ""618590""}"
"2026-04-08T13:26:03.226Z","ip-10-236-36-220","wesco-sapi-lucidworks-dr","queryParams to partSearch: { ""start"": ""0"", ""rows"": ""5"", ""q"": ""CS34R-2W AND shipLocation_s:15609 AND businessUnit_s:Accu-Tech"", ""userName_s"": ""234627"", ""refNum_s"": ""617943""}"
"2026-04-08T13:23:10.811Z","ip-10-236-36-220","wesco-sapi-lucidworks-dr","queryParams to partSearch: { ""start"": ""0"", ""rows"": ""5"", ""q"": ""760249102 AND shipLocation_s:16011 AND businessUnit_s:Accu-Tech"", ""userName_s"": ""322620"", ""refNum_s"": ""614115""}"
"2026-04-08T13:14:33.191Z","ip-10-236-38-105","wesco-sapi-lucidworks-dr","queryParams to partSearch: { ""start"": ""0"", ""rows"": ""5"", ""q"": ""760249997 AND businessUnit_s:Accu-Tech"", ""userName_s"": ""238367"", ""refNum_s"": """"}"
"2026-04-08T12:50:48.168Z","ip-10-236-36-220","wesco-sapi-lucidworks-dr","queryParams to partSearch: { ""start"": ""0"", ""rows"": ""5"", ""q"": ""mx AND shipLocation_s:15642 AND businessUnit_s:Accu-Tech"", ""userName_s"": ""301951"", ""refNum_s"": ""618535""}"
"2026-04-08T12:44:27.998Z","ip-10-236-38-105","wesco-sapi-lucidworks-dr","queryParams to partSearch: { ""start"": ""0"", ""rows"": ""100"", ""q"": ""SMT1500RM1UC* AND salesLocation_s:69609 AND shipLocation_s:12702 AND customerAccount_s:AC0161-2942 AND businessUnit_s:Accu-Tech"", ""userName_s"": ""Jacquelyn Booth"", ""refNum_s"": """"}"
"2026-04-08T12:42:45.886Z","ip-10-236-38-105","wesco-sapi-lucidworks-dr","queryParams to partSearch: { ""start"": ""0"", ""rows"": ""5"", ""q"": ""cch-cp12 AND shipLocation_s:14802 AND businessUnit_s:Accu-Tech"", ""userName_s"": ""326020"", ""refNum_s"": ""618236""}"
"2026-04-08T12:40:11.654Z","ip-10-236-36-220","wesco-sapi-lucidworks-dr","queryParams to partSearch: { ""start"": ""0"", ""rows"": ""5"", ""q"": ""576-110-012 AND shipLocation_s:13429 AND businessUnit_s:Accu-Tech"", ""userName_s"": ""307614"", ""refNum_s"": ""618528""}"
"2026-04-08T12:39:43.453Z","ip-10-236-38-105","wesco-sapi-lucidworks-dr","queryParams to partSearch: { ""start"": ""0"", ""rows"": ""100"", ""q"": ""SMT1500RM1UC* AND salesLocation_s:69609 AND shipLocation_s:12702 AND customerAccount_s:AC0161-2942 AND businessUnit_s:Accu-Tech"", ""userName_s"": ""Jacquelyn Booth"", ""refNum_s"": """"}"
"2026-04-08T12:28:19.045Z","ip-10-236-38-105","wesco-sapi-lucidworks-dr","queryParams to partSearch: { ""start"": ""0"", ""rows"": ""5"", ""q"": ""spkfu AND shipLocation_s:12908 AND businessUnit_s:Accu-Tech"", ""userName_s"": ""233430"", ""refNum_s"": ""618512""}"
"2026-04-08T12:24:15.346Z","ip-10-236-36-220","wesco-sapi-lucidworks-dr","queryParams to partSearch: { ""start"": ""0"", ""rows"": ""5"", ""q"": ""MCTP61 AND businessUnit_s:Accu-Tech"", ""userName_s"": ""328841"", ""refNum_s"": ""617987""}"
"2026-04-08T12:19:28.715Z","ip-10-236-36-220","wesco-sapi-lucidworks-dr","queryParams to partSearch: { ""start"": ""0"", ""rows"": ""100"", ""q"": ""APC SMART-UPS WITH SMARTCONNECT 1500VA RM 1U 120V --* AND shipLocation_s:12702 AND customerAccount_s:AC0161-2942 AND businessUnit_s:Accu-Tech AND advancedPartSearch:Y"", ""userName_s"": ""Jacquelyn Booth"", ""refNum_s"": ""100088460""}"
"2026-04-08T11:58:01.959Z","ip-10-236-36-220","wesco-sapi-lucidworks-dr","queryParams to partSearch: { ""start"": ""0"", ""rows"": ""5"", ""q"": ""BLRSB408-038B AND businessUnit_s:Accu-Tech"", ""userName_s"": ""235121"", ""refNum_s"": """"}"
"2026-04-08T11:21:49.277Z","ip-10-236-38-105","wesco-sapi-lucidworks-dr","queryParams to partSearch: { ""start"": ""0"", ""rows"": ""100"", ""q"": ""70-140-030-020* AND salesLocation_s:61171 AND shipLocation_s:12402 AND customerAccount_s:AC0001-5961 AND dcLocation_s:7302 AND businessUnit_s:WESCO"", ""userName_s"": ""Hannah Shook"", ""refNum_s"": """"}"
"2026-04-08T02:48:30.470Z","ip-10-236-36-220","wesco-sapi-lucidworks-dr","queryParams to partSearch: { ""start"": ""0"", ""rows"": ""100"", ""q"": ""34537-E02* AND salesLocation_s:62473 AND shipLocation_s:13429 AND customerAccount_s:AC0158-7190 AND businessUnit_s:Accu-Tech"", ""userName_s"": ""Patrick Saxe"", ""refNum_s"": """"}"
"2026-04-08T02:09:44.025Z","ip-10-236-36-220","wesco-sapi-lucidworks-dr","queryParams to partSearch: { ""start"": ""0"", ""rows"": ""100"", ""q"": ""CEX50C6SWLHIV2* AND businessUnit_s:Accu-Tech AND shipLocation_s:16023 AND advancedPartSearch:Y AND businessUnit_s:Accu-Tech"", ""userName_s"": """", ""refNum_s"": ""100012447""}"
"2026-04-07T23:45:01.827Z","ip-10-236-38-105","wesco-sapi-lucidworks-dr","queryParams to partSearch: { ""start"": ""0"", ""rows"": ""100"", ""q"": ""BEY2Z5898* AND salesLocation_s:60682 AND shipLocation_s:15408 AND customerAccount_s:AC0011-8872 AND dcLocation_s:7305 AND businessUnit_s:WESCO"", ""userName_s"": ""Shanell Wade"", ""refNum_s"": """"}"
"2026-04-07T23:15:26.331Z","ip-10-236-36-220","wesco-sapi-lucidworks-dr","queryParams to partSearch: { ""start"": ""0"", ""rows"": ""5"", ""q"": ""1303095 AND businessUnit_s:Accu-Tech"", ""userName_s"": ""307091"", ""refNum_s"": ""618037""}"
"2026-04-07T22:43:56.315Z","ip-10-236-38-105","wesco-sapi-lucidworks-dr","queryParams to partSearch: { ""start"": ""0"", ""rows"": ""100"", ""q"": ""lb57* AND salesLocation_s:60664 AND shipLocation_s:14001 AND customerAccount_s:AC0019-6925 AND dcLocation_s:7305 AND businessUnit_s:WESCO"", ""userName_s"": ""Kelly Waldvogel"", ""refNum_s"": """"}"
"2026-04-07T21:13:26.009Z","ip-10-236-38-105","wesco-sapi-lucidworks-dr","queryParams to partSearch: { ""start"": ""0"", ""rows"": ""100"", ""q"": ""W3024L101* AND salesLocation_s:62395 AND shipLocation_s:12702 AND customerAccount_s:AC0158-2938 AND businessUnit_s:Accu-Tech"", ""userName_s"": ""Chris Seeman"", ""refNum_s"": """"}"
"2026-04-07T21:08:15.162Z","ip-10-236-36-220","wesco-sapi-lucidworks-dr","queryParams to partSearch: { ""start"": ""0"", ""rows"": ""100"", ""q"": ""LD10WH6-A* AND salesLocation_s:69609 AND shipLocation_s:12702 AND customerAccount_s:AC0158-4484 AND businessUnit_s:Accu-Tech"", ""userName_s"": ""Kyle Edwards"", ""refNum_s"": """"}"
"2026-04-07T21:03:28.637Z","ip-10-236-36-220","wesco-sapi-lucidworks-dr","queryParams to partSearch: { ""start"": ""0"", ""rows"": ""5"", ""q"": ""CAT32HP4Z34 AND shipLocation_s:12908 AND businessUnit_s:Accu-Tech"", ""userName_s"": ""321602"", ""refNum_s"": ""618347""}"
"2026-04-07T21:01:09.335Z","ip-10-236-36-220","wesco-sapi-lucidworks-dr","queryParams to partSearch: { ""start"": ""0"", ""rows"": ""100"", ""q"": ""6AUJK-SW6* AND salesLocation_s:62746 AND shipLocation_s:15428 AND customerAccount_s:AC0158-9227 AND businessUnit_s:Accu-Tech"", ""userName_s"": ""Robert Bodnar"", ""refNum_s"": """"}"
"2026-04-07T20:53:19.681Z","ip-10-236-38-105","wesco-sapi-lucidworks-dr","queryParams to partSearch: { ""start"": ""0"", ""rows"": ""5"", ""q"": ""H200X044H1T-B AND shipLocation_s:13603 AND businessUnit_s:Accu-Tech"", ""userName_s"": ""227835"", ""refNum_s"": ""618348""}"
"2026-04-07T20:46:05.958Z","ip-10-236-38-105","wesco-sapi-lucidworks-dr","queryParams to partSearch: { ""start"": ""0"", ""rows"": ""5"", ""q"": ""576-a10-010 AND shipLocation_s:14611 AND businessUnit_s:Accu-Tech"", ""userName_s"": ""339347"", ""refNum_s"": ""618257""}"
"2026-04-07T20:44:50.227Z","ip-10-236-38-105","wesco-sapi-lucidworks-dr","queryParams to partSearch: { ""start"": ""0"", ""rows"": ""5"", ""q"": ""8500-05-000 AND shipLocation_s:15416 AND businessUnit_s:Accu-Tech"", ""userName_s"": ""328811"", ""refNum_s"": ""618229""}"
"2026-04-07T20:27:40.262Z","ip-10-236-38-105","wesco-sapi-lucidworks-dr","queryParams to partSearch: { ""start"": ""0"", ""rows"": ""5"", ""q"": ""CCH-CP06-E4 AND shipLocation_s:11726 AND businessUnit_s:Accu-Tech"", ""userName_s"": ""329125"", ""refNum_s"": ""618286""}"
"2026-04-07T20:18:24.453Z","ip-10-236-36-220","wesco-sapi-lucidworks-dr","queryParams to partSearch: { ""start"": ""0"", ""rows"": ""5"", ""q"": ""m2lcd12-091A1 AND shipLocation_s:14611 AND businessUnit_s:Accu-Tech"", ""userName_s"": ""339347"", ""refNum_s"": ""618257""}"
"2026-04-07T20:12:30.735Z","ip-10-236-38-105","wesco-sapi-lucidworks-dr","queryParams to partSearch: { ""start"": ""0"", ""rows"": ""5"", ""q"": ""10608- AND shipLocation_s:15819 AND businessUnit_s:Accu-Tech"", ""userName_s"": ""237306"", ""refNum_s"": ""618230""}"
"2026-04-07T20:12:13.924Z","ip-10-236-38-105","wesco-sapi-lucidworks-dr","queryParams to partSearch: { ""start"": ""0"", ""rows"": ""100"", ""q"": ""78227441477* AND salesLocation_s:60682 AND shipLocation_s:15408 AND customerAccount_s:AC0054-1654 AND dcLocation_s:7305 AND businessUnit_s:WESCO"", ""userName_s"": ""Nicholas Garets"", ""refNum_s"": """"}"
"2026-04-07T20:09:12.471Z","ip-10-236-36-220","wesco-sapi-lucidworks-dr","queryParams to partSearch: { ""start"": ""0"", ""rows"": ""5"", ""q"": ""77-246-5B AND shipLocation_s:12908 AND businessUnit_s:Accu-Tech"", ""userName_s"": ""321469"", ""refNum_s"": ""618256""}"
"2026-04-07T20:07:18.440Z","ip-10-236-38-105","wesco-sapi-lucidworks-dr","queryParams to partSearch: { ""start"": ""0"", ""rows"": ""5"", ""q"": ""50633 AND shipLocation_s:12114 AND businessUnit_s:Accu-Tech"", ""userName_s"": ""235882"", ""refNum_s"": ""618242""}"
"2026-04-07T19:32:53.500Z","ip-10-236-36-220","wesco-sapi-lucidworks-dr","queryParams to partSearch: { ""start"": ""0"", ""rows"": ""5"", ""q"": ""cc7-750- AND businessUnit_s:Accu-Tech"", ""userName_s"": ""213117"", ""refNum_s"": """"}"
"2026-04-07T19:23:39.137Z","ip-10-236-36-220","wesco-sapi-lucidworks-dr","queryParams to partSearch: { ""start"": ""0"", ""rows"": ""100"", ""q"": ""101346at* AND businessUnit_s:Accu-Tech AND shipLocation_s:15642 AND advancedPartSearch:Y AND businessUnit_s:Accu-Tech"", ""userName_s"": """", ""refNum_s"": ""100012447""}"
"2026-04-07T19:21:55.271Z","ip-10-236-38-105","wesco-sapi-lucidworks-dr","queryParams to partSearch: { ""start"": ""0"", ""rows"": ""100"", ""q"": ""41080-4wp* AND salesLocation_s:60181 AND shipLocation_s:12004 AND customerAccount_s:AC0002-9934 AND businessUnit_s:WESCO"", ""userName_s"": ""Bobbi Lewis"", ""refNum_s"": """"}"
"2026-04-07T19:15:37.525Z","ip-10-236-36-220","wesco-sapi-lucidworks-dr","queryParams to partSearch: { ""start"": ""0"", ""rows"": ""5"", ""q"": ""wp1250/ AND shipLocation_s:14112 AND businessUnit_s:Accu-Tech"", ""userName_s"": ""230714"", ""refNum_s"": ""618145""}"
"2026-04-07T19:13:32.575Z","ip-10-236-38-105","wesco-sapi-lucidworks-dr","queryParams to partSearch: { ""start"": ""0"", ""rows"": ""5"", ""q"": ""pzwmc2630 AND shipLocation_s:16043 AND businessUnit_s:Accu-Tech"", ""userName_s"": ""227199"", ""refNum_s"": ""618098""}"
"2026-04-07T19:12:42.277Z","ip-10-236-38-105","wesco-sapi-lucidworks-dr","queryParams to partSearch: { ""start"": ""0"", ""rows"": ""5"", ""q"": ""32D1-1-30BK AND shipLocation_s:13429 AND businessUnit_s:Accu-Tech"", ""userName_s"": ""334120"", ""refNum_s"": ""618154""}"
"2026-04-07T19:08:36.300Z","ip-10-236-36-220","wesco-sapi-lucidworks-dr","queryParams to partSearch: { ""start"": ""0"", ""rows"": ""5"", ""q"": ""6A-272- AND shipLocation_s:14611 AND businessUnit_s:Accu-Tech"", ""userName_s"": ""223249"", ""refNum_s"": ""618147""}"
"2026-04-07T19:01:57.815Z","ip-10-236-36-220","wesco-sapi-lucidworks-dr","queryParams to partSearch: { ""start"": ""0"", ""rows"": ""100"", ""q"": ""87 51 180 SBA* AND salesLocation_s:61171 AND shipLocation_s:12402 AND customerAccount_s:AC0001-5961 AND dcLocation_s:7302 AND businessUnit_s:WESCO"", ""userName_s"": ""Danny Jenkins"", ""refNum_s"": """"}"
"2026-04-07T19:00:59.541Z","ip-10-236-36-220","wesco-sapi-lucidworks-dr","queryParams to partSearch: { ""start"": ""0"", ""rows"": ""100"", ""q"": ""6B-272-4B* AND salesLocation_s:62395 AND shipLocation_s:12702 AND customerAccount_s:AC0158-3148 AND businessUnit_s:Accu-Tech"", ""userName_s"": ""Melissa Saul"", ""refNum_s"": """"}"
"2026-04-07T18:57:03.381Z","ip-10-236-36-220","wesco-sapi-lucidworks-dr","queryParams to partSearch: { ""start"": ""0"", ""rows"": ""5"", ""q"": ""MPLS2 AND shipLocation_s:15625 AND businessUnit_s:Accu-Tech"", ""userName_s"": ""329187"", ""refNum_s"": ""618123""}"
"2026-04-07T18:26:18.772Z","ip-10-236-36-220","wesco-sapi-lucidworks-dr","queryParams to partSearch: { ""start"": ""0"", ""rows"": ""100"", ""q"": ""2PK-MSHXL14* AND salesLocation_s:61171 AND shipLocation_s:12402 AND customerAccount_s:AC0001-5961 AND dcLocation_s:7302 AND businessUnit_s:WESCO"", ""userName_s"": ""Danny Jenkins"", ""refNum_s"": """"}"
"2026-04-07T18:21:15.991Z","ip-10-236-36-220","wesco-sapi-lucidworks-dr","queryParams to partSearch: { ""start"": ""0"", ""rows"": ""5"", ""q"": ""12F AND businessUnit_s:Accu-Tech"", ""userName_s"": ""233642"", ""refNum_s"": """"}"
"2026-04-07T18:07:06.548Z","ip-10-236-38-105","wesco-sapi-lucidworks-dr","queryParams to partSearch: { ""start"": ""0"", ""rows"": ""5"", ""q"": ""6D460-10V AND shipLocation_s:12908 AND businessUnit_s:Accu-Tech"", ""userName_s"": ""233430"", ""refNum_s"": ""617999""}"
"2026-04-07T18:02:16.632Z","ip-10-236-38-105","wesco-sapi-lucidworks-dr","queryParams to partSearch: { ""start"": ""0"", ""rows"": ""100"", ""q"": ""1036267AT* AND businessUnit_s:Accu-Tech AND shipLocation_s:11726 AND advancedPartSearch:Y AND businessUnit_s:Accu-Tech"", ""userName_s"": """", ""refNum_s"": ""100012447""}"
"2026-04-07T17:55:23.275Z","ip-10-236-38-105","wesco-sapi-lucidworks-dr","queryParams to partSearch: { ""start"": ""0"", ""rows"": ""5"", ""q"": ""M57193B AND businessUnit_s:Accu-Tech"", ""userName_s"": ""327898"", ""refNum_s"": """"}"
"2026-04-07T17:42:26.852Z","ip-10-236-38-105","wesco-sapi-lucidworks-dr","queryParams to partSearch: { ""start"": ""0"", ""rows"": ""5"", ""q"": ""012e88-311 AND shipLocation_s:12304 AND businessUnit_s:Accu-Tech"", ""userName_s"": ""233642"", ""refNum_s"": ""617960""}"
"2026-04-07T17:33:49.310Z","ip-10-236-38-105","wesco-sapi-lucidworks-dr","queryParams to partSearch: { ""start"": ""0"", ""rows"": ""100"", ""q"": ""55053-703* AND salesLocation_s:62533 AND shipLocation_s:11102 AND customerAccount_s:AC0158-1550 AND businessUnit_s:Accu-Tech"", ""userName_s"": ""Shannon Brown"", ""refNum_s"": """"}"
"2026-04-07T17:19:10.468Z","ip-10-236-36-220","wesco-sapi-lucidworks-dr","queryParams to partSearch: { ""start"": ""0"", ""rows"": ""5"", ""q"": ""012ZUC-T4F22D20 AND shipLocation_s:15428 AND businessUnit_s:Accu-Tech"", ""userName_s"": ""239908"", ""refNum_s"": ""596871""}"
"2026-04-07T17:14:11.878Z","ip-10-236-38-105","wesco-sapi-lucidworks-dr","queryParams to partSearch: { ""start"": ""0"", ""rows"": ""100"", ""q"": ""m20ap-270* AND salesLocation_s:62473 AND shipLocation_s:13429 AND customerAccount_s:AC0158-6194 AND businessUnit_s:Accu-Tech"", ""userName_s"": ""John-Riley Hathcock"", ""refNum_s"": """"}"
"2026-04-07T16:37:22.868Z","ip-10-236-38-105","wesco-sapi-lucidworks-dr","queryParams to partSearch: { ""start"": ""0"", ""rows"": ""5"", ""q"": ""FSM-70S AND businessUnit_s:Accu-Tech"", ""userName_s"": ""337705"", ""refNum_s"": """"}"
"2026-04-07T16:37:04.398Z","ip-10-236-36-220","wesco-sapi-lucidworks-dr","queryParams to partSearch: { ""start"": ""0"", ""rows"": ""5"", ""q"": ""42080 AND shipLocation_s:11102 AND businessUnit_s:Accu-Tech"", ""userName_s"": ""226317"", ""refNum_s"": ""617859""}"
"2026-04-07T16:32:12.219Z","ip-10-236-36-220","wesco-sapi-lucidworks-dr","queryParams to partSearch: { ""start"": ""0"", ""rows"": ""5"", ""q"": ""658a AND shipLocation_s:12601 AND businessUnit_s:Accu-Tech"", ""userName_s"": ""224014"", ""refNum_s"": ""617848""}"
"2026-04-07T16:23:52.029Z","ip-10-236-36-220","wesco-sapi-lucidworks-dr","queryParams to partSearch: { ""start"": ""0"", ""rows"": ""5"", ""q"": ""chc-cp- AND shipLocation_s:12304 AND businessUnit_s:Accu-Tech"", ""userName_s"": ""327282"", ""refNum_s"": ""617831""}"
"2026-04-07T16:14:26.992Z","ip-10-236-38-105","wesco-sapi-lucidworks-dr","queryParams to partSearch: { ""start"": ""0"", ""rows"": ""5"", ""q"": ""9116P_0101000 AND shipLocation_s:15009 AND businessUnit_s:Accu-Tech"", ""userName_s"": ""231421"", ""refNum_s"": ""617790""}"
"2026-04-07T16:01:13.900Z","ip-10-236-36-220","wesco-sapi-lucidworks-dr","queryParams to partSearch: { ""start"": ""0"", ""rows"": ""100"", ""q"": ""fc3x06ldft* AND salesLocation_s:62396 AND shipLocation_s:14802 AND customerAccount_s:AC0159-8993 AND businessUnit_s:Accu-Tech"", ""userName_s"": ""Andrew Holman"", ""refNum_s"": """"}"
"2026-04-07T15:55:18.642Z","ip-10-236-36-220","wesco-sapi-lucidworks-dr","queryParams to partSearch: { ""start"": ""0"", ""rows"": ""100"", ""q"": ""XHW-3630-DG* AND businessUnit_s:Accu-Tech AND shipLocation_s:11102 AND advancedPartSearch:Y AND businessUnit_s:Accu-Tech"", ""userName_s"": """", ""refNum_s"": ""100012447""}"
"2026-04-07T15:51:05.963Z","ip-10-236-38-105","wesco-sapi-lucidworks-dr","queryParams to partSearch: { ""start"": ""0"", ""rows"": ""100"", ""q"": ""T00032270* AND salesLocation_s:62531 AND shipLocation_s:15625 AND customerAccount_s:AC0158-3337 AND businessUnit_s:Accu-Tech"", ""userName_s"": ""Alfred Nelson"", ""refNum_s"": """"}"
"2026-04-07T15:45:35.217Z","ip-10-236-38-105","wesco-sapi-lucidworks-dr","queryParams to partSearch: { ""start"": ""0"", ""rows"": ""5"", ""q"": ""61110- AND businessUnit_s:Accu-Tech"", ""userName_s"": ""325146"", ""refNum_s"": """"}"
"2026-04-07T15:44:19.455Z","ip-10-236-36-220","wesco-sapi-lucidworks-dr","queryParams to partSearch: { ""start"": ""0"", ""rows"": ""5"", ""q"": ""TF6-OS2- AND shipLocation_s:14611 AND businessUnit_s:Accu-Tech"", ""userName_s"": ""223249"", ""refNum_s"": ""617752""}"
"2026-04-07T15:24:12.014Z","ip-10-236-38-105","wesco-sapi-lucidworks-dr","queryParams to partSearch: { ""start"": ""0"", ""rows"": ""5"", ""q"": ""cj64hacssbc AND shipLocation_s:14506 AND businessUnit_s:Accu-Tech"", ""userName_s"": ""209989"", ""refNum_s"": ""617714""}"
"2026-04-07T15:20:41.148Z","ip-10-236-36-220","wesco-sapi-lucidworks-dr","queryParams to partSearch: { ""start"": ""0"", ""rows"": ""100"", ""q"": ""THT B427 TRANS* AND salesLocation_s:60829 AND shipLocation_s:14507 AND customerAccount_s:AC0156-0164 AND dcLocation_s:7303 AND businessUnit_s:WESCO"", ""userName_s"": ""Kelsea Kluttz"", ""refNum_s"": """"}"
"2026-04-07T15:01:47.596Z","ip-10-236-38-105","wesco-sapi-lucidworks-dr","queryParams to partSearch: { ""start"": ""0"", ""rows"": ""5"", ""q"": ""024zu AND shipLocation_s:11102 AND businessUnit_s:Accu-Tech"", ""userName_s"": ""224559"", ""refNum_s"": ""617582""}"
"2026-04-07T15:00:56.086Z","ip-10-236-38-105","wesco-sapi-lucidworks-dr","queryParams to partSearch: { ""start"": ""0"", ""rows"": ""5"", ""q"": ""10260-712 AND shipLocation_s:15819 AND businessUnit_s:Accu-Tech"", ""userName_s"": ""237306"", ""refNum_s"": ""617090""}"
"2026-04-07T14:47:06.989Z","ip-10-236-36-220","wesco-sapi-lucidworks-dr","queryParams to partSearch: { ""start"": ""0"", ""rows"": ""100"", ""q"": ""69586-W24* AND salesLocation_s:62474 AND shipLocation_s:13417 AND customerAccount_s:AC0161-8832 AND businessUnit_s:Accu-Tech"", ""userName_s"": ""Hank Smitherman"", ""refNum_s"": """"}"
"2026-04-07T14:40:18.503Z","ip-10-236-36-220","wesco-sapi-lucidworks-dr","queryParams to partSearch: { ""start"": ""0"", ""rows"": ""5"", ""q"": ""eq01u AND shipLocation_s:12702 AND businessUnit_s:Accu-Tech"", ""userName_s"": ""238367"", ""refNum_s"": ""612582""}"
"2026-04-07T14:17:05.075Z","ip-10-236-36-220","wesco-sapi-lucidworks-dr","queryParams to partSearch: { ""start"": ""0"", ""rows"": ""5"", ""q"": ""CYXT24S2B1S1SB011M AND businessUnit_s:Accu-Tech"", ""userName_s"": ""227658"", ""refNum_s"": ""616699""}"
"2026-04-07T14:15:01.889Z","ip-10-236-36-220","wesco-sapi-lucidworks-dr","queryParams to partSearch: { ""start"": ""0"", ""rows"": ""100"", ""q"": ""m582* AND salesLocation_s:62530 AND shipLocation_s:15642 AND customerAccount_s:AC0162-0944 AND businessUnit_s:Accu-Tech"", ""userName_s"": ""Simon Ruppert"", ""refNum_s"": """"}"
"2026-04-07T13:41:36.502Z","ip-10-236-38-105","wesco-sapi-lucidworks-dr","queryParams to partSearch: { ""start"": ""0"", ""rows"": ""5"", ""q"": ""9BC5P024L-T516A AND shipLocation_s:15642 AND businessUnit_s:Accu-Tech"", ""userName_s"": ""301951"", ""refNum_s"": ""617523""}"