Request ,BusinessUnit,
"""FCE2U AND shipLocation_s:16011 AND businessUnit_s:Accu-Tech"", ""userName_s"": ""335361"", ""refNum_s"": ""620467""",TRUE,
"""7130 AND shipLocation_s:11411 AND businessUnit_s:Accu-Tech"", ""userName_s"": ""337835"", ""refNum_s"": ""620424""",TRUE,
"""CMH-1U-19-LB1 AND shipLocation_s:11411 AND businessUnit_s:Accu-Tech"", ""userName_s"": ""337835"", ""refNum_s"": ""620424""",TRUE,
"""MX- AND shipLocation_s:12304 AND businessUnit_s:Accu-Tech"", ""userName_s"": ""308638"", ""refNum_s"": ""620419""",TRUE,
"""9a-1104-12* AND salesLocation_s:60682 AND shipLocation_s:15408 AND customerAccount_s:AC0005-9619 AND dcLocation_s:7305 AND businessUnit_s:WESCO"", ""userName_s"": ""Roberto Gonzalez"", ""refNum_s"": """"",FALSE,
"""3109 AND shipLocation_s:16041 AND businessUnit_s:Accu-Tech"", ""userName_s"": ""212564"", ""refNum_s"": ""620330""",TRUE,
"""10642-001 AND shipLocation_s:16011 AND businessUnit_s:Accu-Tech"", ""userName_s"": ""322620"", ""refNum_s"": ""612954""",TRUE,
"""fosp45 AND shipLocation_s:16011 AND businessUnit_s:Accu-Tech"", ""userName_s"": ""335361"", ""refNum_s"": ""620467""",TRUE,
"""2116245 AND shipLocation_s:14611 AND businessUnit_s:Accu-Tech"", ""userName_s"": ""307070"", ""refNum_s"": ""620432""",TRUE,
"""RV6MJKUBL-S1 AND shipLocation_s:16041 AND businessUnit_s:Accu-Tech"", ""userName_s"": ""212564"", ""refNum_s"": ""620330""",TRUE,
"""41091-1 AND shipLocation_s:14611 AND businessUnit_s:Accu-Tech"", ""userName_s"": ""339347"", ""refNum_s"": ""619307""",TRUE,
"""440942* AND salesLocation_s:69609 AND shipLocation_s:12702 AND customerAccount_s:AC0161-2574 AND businessUnit_s:Accu-Tech"", ""userName_s"": ""Ryan Punsalan"", ""refNum_s"": """"",TRUE,
"""4108W-1SP AND shipLocation_s:11726 AND businessUnit_s:Accu-Tech"", ""userName_s"": ""236339"", ""refNum_s"": ""620358""",TRUE,
"""w1m-backplate AND shipLocation_s:16041 AND businessUnit_s:Accu-Tech"", ""userName_s"": ""331970"", ""refNum_s"": ""620350""",TRUE,
"""cat32 AND shipLocation_s:11102 AND businessUnit_s:Accu-Tech"", ""userName_s"": ""212519"", ""refNum_s"": ""620312""",TRUE,
"""rdc61007-05* AND salesLocation_s:62400 AND shipLocation_s:14112 AND customerAccount_s:AC0159-1988 AND businessUnit_s:Accu-Tech"", ""userName_s"": ""Ewan Pessoa"", ""refNum_s"": """"",TRUE,
"""1010223AT* AND businessUnit_s:Accu-Tech AND shipLocation_s:13429 AND advancedPartSearch:Y AND businessUnit_s:Accu-Tech"", ""userName_s"": """", ""refNum_s"": ""100012447""",TRUE,
"""DTK-MRJPOE AND shipLocation_s:12908 AND businessUnit_s:Accu-Tech"", ""userName_s"": ""233430"", ""refNum_s"": ""620299""",TRUE,
"""wch- AND shipLocation_s:12304 AND businessUnit_s:Accu-Tech"", ""userName_s"": ""327282"", ""refNum_s"": ""620275""",TRUE,
"""11960* AND businessUnit_s:Accu-Tech AND shipLocation_s:15625 AND advancedPartSearch:Y AND businessUnit_s:Accu-Tech"", ""userName_s"": """", ""refNum_s"": ""100012447""",TRUE,
"""LP-BTR-NFF* AND salesLocation_s:62395 AND shipLocation_s:12702 AND customerAccount_s:AC0160-6250 AND businessUnit_s:Accu-Tech"", ""userName_s"": ""Ryan Thenell"", ""refNum_s"": """"",TRUE,
"""20002990 AND businessUnit_s:Accu-Tech"", ""userName_s"": ""208904"", ""refNum_s"": """"",TRUE,
"""PDPK012FB3010/F5-I/O AND shipLocation_s:12304 AND businessUnit_s:Accu-Tech"", ""userName_s"": ""327282"", ""refNum_s"": ""620021""",TRUE,
"""576-A15-012 AND shipLocation_s:14509 AND businessUnit_s:Accu-Tech"", ""userName_s"": ""316066"", ""refNum_s"": ""619972""",TRUE,
"""10595-712 AND shipLocation_s:15642 AND businessUnit_s:Accu-Tech"", ""userName_s"": ""233931"", ""refNum_s"": ""620177""",TRUE,
"""E19SWM25U24 AND shipLocation_s:11102 AND businessUnit_s:Accu-Tech"", ""userName_s"": ""238320"", ""refNum_s"": ""620173""",TRUE,
"""11309- AND shipLocation_s:16011 AND businessUnit_s:Accu-Tech"", ""userName_s"": ""212834"", ""refNum_s"": ""620088""",TRUE,
"""t150x00 AND shipLocation_s:12304 AND businessUnit_s:Accu-Tech"", ""userName_s"": ""208904"", ""refNum_s"": ""620131""",TRUE,
"""P8LC12-2M AND shipLocation_s:14205 AND businessUnit_s:Accu-Tech"", ""userName_s"": ""230516"", ""refNum_s"": ""620142""",TRUE,
"""nyxxfpsgf4p02 AND shipLocation_s:12304 AND businessUnit_s:Accu-Tech"", ""userName_s"": ""208904"", ""refNum_s"": ""620131""",TRUE,
"""L4-199-2A* AND salesLocation_s:62471 AND shipLocation_s:14509 AND customerAccount_s:AC0161-9750 AND businessUnit_s:Accu-Tech"", ""userName_s"": ""Henry Frailey"", ""refNum_s"": """"",TRUE,
"""cj6x88tgor* AND salesLocation_s:62532 AND shipLocation_s:11726 AND customerAccount_s:AC0158-5455 AND businessUnit_s:Accu-Tech"", ""userName_s"": ""Taylor Stanford"", ""refNum_s"": """"",TRUE,
"""EZT90EZ* AND salesLocation_s:62395 AND shipLocation_s:12702 AND customerAccount_s:AC0186-3068 AND businessUnit_s:Accu-Tech"", ""userName_s"": ""Melissa Saul"", ""refNum_s"": """"",TRUE,
"""FCAX08 AND businessUnit_s:Accu-Tech"", ""userName_s"": ""235307"", ""refNum_s"": ""618959""",TRUE,
"""AX104 AND shipLocation_s:11102 AND businessUnit_s:Accu-Tech"", ""userName_s"": ""206552"", ""refNum_s"": ""620046""",TRUE,
"""760178129* AND businessUnit_s:Accu-Tech AND shipLocation_s:16023 AND advancedPartSearch:Y AND businessUnit_s:Accu-Tech"", ""userName_s"": """", ""refNum_s"": ""100012447""",TRUE,
"""WP1250P/3000* AND salesLocation_s:61996 AND shipLocation_s:12304 AND customerAccount_s:AC0158-0867 AND businessUnit_s:Accu-Tech"", ""userName_s"": ""Joel Goering"", ""refNum_s"": """"",TRUE,
"""FF0T-002U13-E991* AND businessUnit_s:Accu-Tech AND shipLocation_s:15625 AND advancedPartSearch:Y AND businessUnit_s:Accu-Tech"", ""userName_s"": """", ""refNum_s"": ""100012447""",TRUE,
"""2413_009U1000 AND shipLocation_s:14112 AND businessUnit_s:Accu-Tech"", ""userName_s"": ""210280"", ""refNum_s"": ""619310""",TRUE,
"""Please AND shipLocation_s:12114 AND businessUnit_s:Accu-Tech"", ""userName_s"": ""320729"", ""refNum_s"": ""619928""",TRUE,
"""6110G-RL6 AND shipLocation_s:12702 AND businessUnit_s:Accu-Tech"", ""userName_s"": ""323615"", ""refNum_s"": ""619981""",TRUE,
"""cch-cp06-59 AND shipLocation_s:13603 AND businessUnit_s:Accu-Tech"", ""userName_s"": ""236163"", ""refNum_s"": ""619674""",TRUE,
"""CCH-01U AND shipLocation_s:11726 AND businessUnit_s:Accu-Tech"", ""userName_s"": ""327898"", ""refNum_s"": ""616472""",TRUE,
"""MC6-10-08 AND shipLocation_s:12304 AND businessUnit_s:Accu-Tech"", ""userName_s"": ""233642"", ""refNum_s"": ""619598""",TRUE,
"""BLK100FTK4 AND shipLocation_s:14205 AND businessUnit_s:Accu-Tech"", ""userName_s"": ""230516"", ""refNum_s"": ""619932""",TRUE,
"""unj10g-262* AND businessUnit_s:Accu-Tech AND shipLocation_s:12702 AND advancedPartSearch:Y AND businessUnit_s:Accu-Tech"", ""userName_s"": """", ""refNum_s"": ""100012447""",TRUE,
"""fan-bt AND shipLocation_s:14802 AND businessUnit_s:Accu-Tech"", ""userName_s"": ""208873"", ""refNum_s"": ""619925""",TRUE,
"""UTPSP AND businessUnit_s:Accu-Tech"", ""userName_s"": ""230516"", ""refNum_s"": """"",TRUE,
"""s200x150vaty* AND businessUnit_s:Accu-Tech AND shipLocation_s:13429 AND advancedPartSearch:Y AND businessUnit_s:Accu-Tech"", ""userName_s"": """", ""refNum_s"": ""100012447""",TRUE,
"""760237778* AND salesLocation_s:61961 AND shipLocation_s:16011 AND customerAccount_s:AC0163-3722 AND businessUnit_s:Accu-Tech"", ""userName_s"": ""Marlon Doppe"", ""refNum_s"": """"",TRUE,
"""lve-1u-md-t AND shipLocation_s:15625 AND businessUnit_s:Accu-Tech"", ""userName_s"": ""239937"", ""refNum_s"": ""619814""",TRUE,
"""165OR4a AND businessUnit_s:Accu-Tech"", ""userName_s"": ""238684"", ""refNum_s"": """"",TRUE,
"""MCTP6I-6-7* AND salesLocation_s:62681 AND shipLocation_s:14611 AND customerAccount_s:AC0158-9292 AND businessUnit_s:Accu-Tech"", ""userName_s"": ""Joshua Luffman"", ""refNum_s"": """"",TRUE,
"""ch100b* AND salesLocation_s:60608 AND shipLocation_s:12008 AND customerAccount_s:AC0084-1801 AND dcLocation_s:7305 AND businessUnit_s:WESCO"", ""userName_s"": ""Noah Gelman"", ""refNum_s"": """"",FALSE,
"""L9090EU* AND businessUnit_s:Accu-Tech AND shipLocation_s:16011 AND advancedPartSearch:Y AND businessUnit_s:Accu-Tech"", ""userName_s"": """", ""refNum_s"": ""100012447""",TRUE,
"""7075gsr* AND salesLocation_s:60608 AND shipLocation_s:12008 AND customerAccount_s:AC0084-1801 AND dcLocation_s:7305 AND businessUnit_s:WESCO"", ""userName_s"": ""Noah Gelman"", ""refNum_s"": """"",FALSE,
"""35572-703* AND businessUnit_s:Accu-Tech AND shipLocation_s:12702 AND advancedPartSearch:Y AND businessUnit_s:Accu-Tech"", ""userName_s"": """", ""refNum_s"": ""100012447""",TRUE,
"""3cx4000 AND businessUnit_s:Accu-Tech"", ""userName_s"": ""212564"", ""refNum_s"": """"",TRUE,
"""CAT6A-03-GRB AND shipLocation_s:12304 AND businessUnit_s:Accu-Tech"", ""userName_s"": ""233642"", ""refNum_s"": ""619598""",TRUE,
"""55053-703 AND shipLocation_s:15642 AND businessUnit_s:Accu-Tech"", ""userName_s"": ""301951"", ""refNum_s"": ""619653""",TRUE,
"""6110G-RV6* AND businessUnit_s:Accu-Tech AND shipLocation_s:16043 AND advancedPartSearch:Y AND businessUnit_s:Accu-Tech"", ""userName_s"": """", ""refNum_s"": ""100012447""",TRUE,
"""cs34 AND shipLocation_s:14802 AND businessUnit_s:Accu-Tech"", ""userName_s"": ""326020"", ""refNum_s"": ""618642""",TRUE,
"""6H460-15R* AND salesLocation_s:69609 AND shipLocation_s:12702 AND customerAccount_s:AC0161-1369 AND businessUnit_s:Accu-Tech"", ""userName_s"": ""Ryan Punsalan"", ""refNum_s"": """"",TRUE,
"""AX103115 AND shipLocation_s:15625 AND businessUnit_s:Accu-Tech"", ""userName_s"": ""305059"", ""refNum_s"": ""619632""",TRUE,
"""12_fiber AND shipLocation_s:13417 AND businessUnit_s:Accu-Tech"", ""userName_s"": ""323948"", ""refNum_s"": ""577629""",TRUE,
"""787802GD1AP031M* AND salesLocation_s:60373 AND shipLocation_s:13429 AND customerAccount_s:AC0159-0721 AND businessUnit_s:Accu-Tech"", ""userName_s"": ""Alison Moody"", ""refNum_s"": """"",TRUE,
"""*:* AND transPartOrFilter:(transactablePart_s:BE7238799 OR transactablePart_s:BE74Y9236) AND salesLocation_s:60608 AND shipLocation_s:12008 AND dcLocation_s:7305 AND customerAccount_s:AC0044-6503 AND businessUnit_s:WESCO"", ""userName_s"": ""matt trautman"", ""refNum_s"": ""100088387""",FALSE,
"""bc* AND salesLocation_s:62401 AND shipLocation_s:12601 AND customerAccount_s:AC0158-4005 AND businessUnit_s:Accu-Tech"", ""userName_s"": ""Randy Schnepel"", ""refNum_s"": """"",TRUE,
"""jp2dw AND shipLocation_s:11726 AND businessUnit_s:Accu-Tech"", ""userName_s"": ""329125"", ""refNum_s"": ""619563""",TRUE,
"""nk3fnwh* AND salesLocation_s:62473 AND shipLocation_s:13429 AND customerAccount_s:AC0158-6167 AND businessUnit_s:Accu-Tech"", ""userName_s"": ""John-Riley Hathcock"", ""refNum_s"": """"",TRUE,
"""012e81-33131-a1 AND businessUnit_s:Accu-Tech"", ""userName_s"": ""235882"", ""refNum_s"": """"",TRUE,
"""ksftp6* AND salesLocation_s:62474 AND shipLocation_s:13417 AND customerAccount_s:AC0196-3252 AND businessUnit_s:Accu-Tech"", ""userName_s"": ""Liz Miller"", ""refNum_s"": """"",TRUE,
"""760237052* AND salesLocation_s:62474 AND shipLocation_s:13417 AND customerAccount_s:AC0158-6317 AND businessUnit_s:Accu-Tech"", ""userName_s"": ""Kelly Szymanski"", ""refNum_s"": """"",TRUE,
"""EZD44S2 AND shipLocation_s:14509 AND businessUnit_s:Accu-Tech"", ""userName_s"": ""316066"", ""refNum_s"": ""619519""",TRUE,
"""77-240-2B* AND salesLocation_s:62536 AND shipLocation_s:15609 AND customerAccount_s:AC0159-0427 AND businessUnit_s:Accu-Tech"", ""userName_s"": ""Justin LaBanz"", ""refNum_s"": """"",TRUE,
"""49255-H24* AND salesLocation_s:62532 AND shipLocation_s:11726 AND customerAccount_s:AC0158-5595 AND businessUnit_s:Accu-Tech"", ""userName_s"": ""Austin Collins"", ""refNum_s"": """"",TRUE,
"""cch AND shipLocation_s:13429 AND businessUnit_s:Accu-Tech"", ""userName_s"": ""231024"", ""refNum_s"": ""619282""",TRUE,
"""screw AND shipLocation_s:13417 AND businessUnit_s:Accu-Tech"", ""userName_s"": ""310311"", ""refNum_s"": ""619498""",TRUE,
"""66-246-4b* AND salesLocation_s:62400 AND shipLocation_s:14112 AND customerAccount_s:AC0159-1988 AND businessUnit_s:Accu-Tech"", ""userName_s"": ""Ewan Pessoa"", ""refNum_s"": """"",TRUE,
"""11142628* AND salesLocation_s:62400 AND shipLocation_s:14112 AND customerAccount_s:AC0158-3694 AND businessUnit_s:Accu-Tech"", ""userName_s"": ""Michael Cahalan"", ""refNum_s"": """"",TRUE,
"""ftr1u3sp AND shipLocation_s:15812 AND businessUnit_s:Accu-Tech"", ""userName_s"": ""216856"", ""refNum_s"": ""619468""",TRUE,
"""Z6A-PF-48 AND shipLocation_s:11726 AND businessUnit_s:Accu-Tech"", ""userName_s"": ""234661"", ""refNum_s"": ""619461""",TRUE,
"""63-14043* AND salesLocation_s:60682 AND shipLocation_s:15408 AND customerAccount_s:AC0082-3869 AND dcLocation_s:7305 AND businessUnit_s:WESCO"", ""userName_s"": ""Brian Wortmann"", ""refNum_s"": """"",FALSE,
"""11312 AND shipLocation_s:15625 AND businessUnit_s:Accu-Tech"", ""userName_s"": ""307308"", ""refNum_s"": ""619434""",TRUE,
"""mctp6bi-6-10* AND salesLocation_s:61960 AND shipLocation_s:16043 AND customerAccount_s:AC0158-0571 AND businessUnit_s:Accu-Tech"", ""userName_s"": ""Alton Balentine"", ""refNum_s"": """"",TRUE,
"""co AND shipLocation_s:16011 AND businessUnit_s:Accu-Tech"", ""userName_s"": ""322620"", ""refNum_s"": ""614115""",TRUE,
"""cc AND shipLocation_s:16043 AND businessUnit_s:Accu-Tech"", ""userName_s"": ""227199"", ""refNum_s"": ""619291""",TRUE,
"""DC6MJKU* AND salesLocation_s:62532 AND shipLocation_s:11726 AND customerAccount_s:AC0158-5595 AND businessUnit_s:Accu-Tech"", ""userName_s"": ""Hunter Strickland"", ""refNum_s"": """"",TRUE,
"""ax101783 AND businessUnit_s:Accu-Tech"", ""userName_s"": ""212564"", ""refNum_s"": """"",TRUE,
"""42080-2TS AND shipLocation_s:14506 AND businessUnit_s:Accu-Tech"", ""userName_s"": ""320529"", ""refNum_s"": ""619349""",TRUE,
"""JI945R-000 AND shipLocation_s:12304 AND businessUnit_s:Accu-Tech"", ""userName_s"": ""308638"", ""refNum_s"": ""619368""",TRUE,
"""569439- AND shipLocation_s:14611 AND businessUnit_s:Accu-Tech"", ""userName_s"": ""240568"", ""refNum_s"": ""618912""",TRUE,
"""sph AND shipLocation_s:16041 AND businessUnit_s:Accu-Tech"", ""userName_s"": ""318654"", ""refNum_s"": ""619309""",TRUE,
"""zp AND shipLocation_s:11102 AND businessUnit_s:Accu-Tech"", ""userName_s"": ""224559"", ""refNum_s"": ""619136""",TRUE,
"""CJ AND shipLocation_s:14112 AND businessUnit_s:Accu-Tech"", ""userName_s"": ""210280"", ""refNum_s"": ""619310""",TRUE,
"""10250-E18* AND businessUnit_s:Accu-Tech AND shipLocation_s:12601 AND advancedPartSearch:Y AND businessUnit_s:Accu-Tech"", ""userName_s"": """", ""refNum_s"": ""100012447""",TRUE,
"""10GXS13* AND salesLocation_s:62400 AND shipLocation_s:14112 AND customerAccount_s:AC0159-1988 AND businessUnit_s:Accu-Tech"", ""userName_s"": ""Ewan Pessoa"", ""refNum_s"": """"",TRUE,
"""V700 AND shipLocation_s:15416 AND businessUnit_s:Accu-Tech"", ""userName_s"": ""328811"", ""refNum_s"": ""617819""",TRUE,
"""P1032CN* AND businessUnit_s:Accu-Tech AND shipLocation_s:13429 AND advancedPartSearch:Y AND businessUnit_s:Accu-Tech"", ""userName_s"": """", ""refNum_s"": ""100012447""",TRUE,
"""AX103115 AND shipLocation_s:14112 AND businessUnit_s:Accu-Tech"", ""userName_s"": ""210280"", ""refNum_s"": ""619239""",TRUE,
"""*:* AND transPartOrFilter:(transactablePart_s:LHTG72A23 OR transactablePart_s:DG8793849 OR transactablePart_s:BEY225969) AND salesLocation_s:61171 AND shipLocation_s:12402 AND dcLocation_s:7302 AND customerAccount_s:AC0018-5130 AND businessUnit_s:WESCO"", ""userName_s"": ""Danny Jenkins"", ""refNum_s"": ""QU100031887""",FALSE,
"""18443 AND shipLocation_s:15625 AND businessUnit_s:Accu-Tech"", ""userName_s"": ""329187"", ""refNum_s"": ""619145""",TRUE,
"""AX10 AND shipLocation_s:14112 AND businessUnit_s:Accu-Tech"", ""userName_s"": ""210280"", ""refNum_s"": ""619239""",TRUE,
"""7602573 AND shipLocation_s:14611 AND businessUnit_s:Accu-Tech"", ""userName_s"": ""240568"", ""refNum_s"": ""618912""",TRUE,
"""2413fsd151000* AND salesLocation_s:62395 AND shipLocation_s:12702 AND customerAccount_s:AC0158-3408 AND businessUnit_s:Accu-Tech"", ""userName_s"": ""Melissa Saul"", ""refNum_s"": """"",TRUE,
"""11142454* AND salesLocation_s:62473 AND shipLocation_s:13429 AND customerAccount_s:AC0158-6112 AND businessUnit_s:Accu-Tech"", ""userName_s"": ""John-Riley Hathcock"", ""refNum_s"": """"",TRUE,
"""QTX-300 AND businessUnit_s:Accu-Tech"", ""userName_s"": ""328501"", ""refNum_s"": ""617047""",TRUE,
"""V-9916M* AND salesLocation_s:62746 AND shipLocation_s:15428 AND customerAccount_s:AC0158-3586 AND businessUnit_s:Accu-Tech"", ""userName_s"": ""Robert Bodnar"", ""refNum_s"": """"",TRUE,
"""2413d15* AND salesLocation_s:62532 AND shipLocation_s:11726 AND customerAccount_s:AC0197-4517 AND businessUnit_s:Accu-Tech"", ""userName_s"": ""Christian Anderson"", ""refNum_s"": """"",TRUE,
"""hdjs6* AND businessUnit_s:Accu-Tech AND shipLocation_s:12702 AND advancedPartSearch:Y AND businessUnit_s:Accu-Tech"", ""userName_s"": """", ""refNum_s"": ""100012447""",TRUE,
"""3/4 AND businessUnit_s:Accu-Tech"", ""userName_s"": ""332869"", ""refNum_s"": ""619117""",TRUE,
"""NKRMFIW AND shipLocation_s:15642 AND businessUnit_s:Accu-Tech"", ""userName_s"": ""313136"", ""refNum_s"": ""618823""",TRUE,
"""00211170000 AND businessUnit_s:Accu-Tech"", ""userName_s"": ""328841"", ""refNum_s"": ""618986""",TRUE,
"""51031-10M* AND salesLocation_s:62395 AND shipLocation_s:12702 AND customerAccount_s:AC0163-5298 AND businessUnit_s:Accu-Tech"", ""userName_s"": ""JR Luck"", ""refNum_s"": """"",TRUE,
"""AX102282 AND businessUnit_s:Accu-Tech"", ""userName_s"": ""238367"", ""refNum_s"": """"",TRUE,
"""5300UE_008U1000 AND shipLocation_s:14810 AND businessUnit_s:Accu-Tech"", ""userName_s"": ""308661"", ""refNum_s"": ""618919""",TRUE,
"""80810086 AND shipLocation_s:11726 AND businessUnit_s:Accu-Tech"", ""userName_s"": ""236339"", ""refNum_s"": ""618993""",TRUE,
"""44-751-8C6* AND salesLocation_s:62474 AND shipLocation_s:13417 AND customerAccount_s:AC0196-3252 AND businessUnit_s:Accu-Tech"", ""userName_s"": ""Liz Miller"", ""refNum_s"": """"",TRUE,
"""T00009623* AND salesLocation_s:60627 AND shipLocation_s:14507 AND customerAccount_s:AC0050-7254 AND dcLocation_s:7303 AND businessUnit_s:WESCO"", ""userName_s"": ""Dale Cox"", ""refNum_s"": """"",FALSE,
"""vr6 AND shipLocation_s:16023 AND businessUnit_s:Accu-Tech"", ""userName_s"": ""208907"", ""refNum_s"": ""617798""",TRUE,
"""6-554720* AND salesLocation_s:62474 AND shipLocation_s:13417 AND customerAccount_s:AC0158-6317 AND businessUnit_s:Accu-Tech"", ""userName_s"": ""Kelly Szymanski"", ""refNum_s"": """"",TRUE,
"""ft06fbk* AND salesLocation_s:62395 AND shipLocation_s:12702 AND customerAccount_s:AC0196-5279 AND businessUnit_s:Accu-Tech"", ""userName_s"": ""Amanda Wyckoff"", ""refNum_s"": """"",TRUE,
"""ST-05-60* AND salesLocation_s:62395 AND shipLocation_s:12702 AND customerAccount_s:AC0162-7547 AND businessUnit_s:Accu-Tech"", ""userName_s"": ""David Eslin"", ""refNum_s"": """"",TRUE,
"""2413FS 0101000* AND businessUnit_s:Accu-Tech AND shipLocation_s:12702 AND advancedPartSearch:Y AND businessUnit_s:Accu-Tech"", ""userName_s"": """", ""refNum_s"": ""100012447""",TRUE,
"""830-0eh10x AND shipLocation_s:16023 AND businessUnit_s:Accu-Tech"", ""userName_s"": ""339483"", ""refNum_s"": ""618688""",TRUE,
"""700206758* AND businessUnit_s:Accu-Tech AND shipLocation_s:11726 AND advancedPartSearch:Y AND businessUnit_s:Accu-Tech"", ""userName_s"": """", ""refNum_s"": ""100012447""",TRUE,
"""403HDJ26- 88* AND salesLocation_s:62395 AND shipLocation_s:12702 AND customerAccount_s:AC0158-2905 AND businessUnit_s:Accu-Tech"", ""userName_s"": ""Amanda Wyckoff"", ""refNum_s"": """"",TRUE,
"""kshdmi AND shipLocation_s:15642 AND businessUnit_s:Accu-Tech"", ""userName_s"": ""208850"", ""refNum_s"": ""618768""",TRUE,
"""m67 AND shipLocation_s:15642 AND businessUnit_s:Accu-Tech"", ""userName_s"": ""311815"", ""refNum_s"": ""618788""",TRUE,
"""cat32hp4z34* AND salesLocation_s:62473 AND shipLocation_s:13429 AND customerAccount_s:AC0158-6073 AND businessUnit_s:Accu-Tech"", ""userName_s"": ""John-Riley Hathcock"", ""refNum_s"": """"",TRUE,
"""wch-02p* AND salesLocation_s:62531 AND shipLocation_s:15625 AND customerAccount_s:AC0158-5174 AND businessUnit_s:Accu-Tech"", ""userName_s"": ""Christian Beaudet"", ""refNum_s"": """"",TRUE,
"""WMP1E AND shipLocation_s:12908 AND businessUnit_s:Accu-Tech"", ""userName_s"": ""321469"", ""refNum_s"": ""618789""",TRUE,
"""12419-E48 AND shipLocation_s:15642 AND businessUnit_s:Accu-Tech"", ""userName_s"": ""233931"", ""refNum_s"": ""618742""",TRUE,
"""SBP26 AND shipLocation_s:13429 AND businessUnit_s:Accu-Tech"", ""userName_s"": ""307614"", ""refNum_s"": ""618707""",TRUE,
"""12787-536 AND shipLocation_s:14112 AND businessUnit_s:Accu-Tech"", ""userName_s"": ""230714"", ""refNum_s"": ""613579""",TRUE,
"""006t88-31180 AND businessUnit_s:Accu-Tech"", ""userName_s"": ""328947"", ""refNum_s"": ""618720""",TRUE,
"""ap-1tb AND shipLocation_s:14611 AND businessUnit_s:Accu-Tech"", ""userName_s"": ""303596"", ""refNum_s"": ""618661""",TRUE,
"""10250-712 AND shipLocation_s:16011 AND businessUnit_s:Accu-Tech"", ""userName_s"": ""322620"", ""refNum_s"": ""618685""",TRUE,
"""SMWB-2G AND shipLocation_s:11411 AND businessUnit_s:Accu-Tech"", ""userName_s"": ""336274"", ""refNum_s"": ""618714""",TRUE,
"""100020C AND shipLocation_s:12908 AND businessUnit_s:Accu-Tech"", ""userName_s"": ""321469"", ""refNum_s"": ""618709""",TRUE,
"""40546* AND salesLocation_s:62395 AND shipLocation_s:12702 AND customerAccount_s:AC0158-2905 AND businessUnit_s:Accu-Tech"", ""userName_s"": ""Amanda Wyckoff"", ""refNum_s"": """"",TRUE,
"""FOAS2F10gLCLC-3M AND shipLocation_s:14112 AND businessUnit_s:Accu-Tech"", ""userName_s"": ""230714"", ""refNum_s"": ""613485""",TRUE,
"""31086* AND businessUnit_s:Accu-Tech AND shipLocation_s:12702 AND advancedPartSearch:Y AND businessUnit_s:Accu-Tech"", ""userName_s"": """", ""refNum_s"": ""100012447""",TRUE,
"""QCC-A504-0266-009* AND salesLocation_s:62395 AND shipLocation_s:12702 AND customerAccount_s:AC0158-2905 AND businessUnit_s:Accu-Tech"", ""userName_s"": ""Amanda Wyckoff"", ""refNum_s"": """"",TRUE,
"""040402 AND shipLocation_s:14205 AND businessUnit_s:Accu-Tech"", ""userName_s"": ""230516"", ""refNum_s"": ""618671""",TRUE,
"""9c6r4-a5-06a AND shipLocation_s:14506 AND businessUnit_s:Accu-Tech"", ""userName_s"": ""209989"", ""refNum_s"": ""617931""",TRUE,
"""4855RBUHD3* AND salesLocation_s:62395 AND shipLocation_s:12702 AND customerAccount_s:AC0158-1437 AND businessUnit_s:Accu-Tech"", ""userName_s"": ""Parker Mitchell"", ""refNum_s"": """"",TRUE,
"""fssc006n0 AND shipLocation_s:11726 AND businessUnit_s:Accu-Tech"", ""userName_s"": ""302568"", ""refNum_s"": ""618474""",TRUE,
"""770 AND shipLocation_s:14810 AND businessUnit_s:Accu-Tech"", ""userName_s"": ""308661"", ""refNum_s"": ""618590""",TRUE,
"""CS34R-2W AND shipLocation_s:15609 AND businessUnit_s:Accu-Tech"", ""userName_s"": ""234627"", ""refNum_s"": ""617943""",TRUE,
"""760249102 AND shipLocation_s:16011 AND businessUnit_s:Accu-Tech"", ""userName_s"": ""322620"", ""refNum_s"": ""614115""",TRUE,
"""760249997 AND businessUnit_s:Accu-Tech"", ""userName_s"": ""238367"", ""refNum_s"": """"",TRUE,
"""mx AND shipLocation_s:15642 AND businessUnit_s:Accu-Tech"", ""userName_s"": ""301951"", ""refNum_s"": ""618535""",TRUE,
"""SMT1500RM1UC* AND salesLocation_s:69609 AND shipLocation_s:12702 AND customerAccount_s:AC0161-2942 AND businessUnit_s:Accu-Tech"", ""userName_s"": ""Jacquelyn Booth"", ""refNum_s"": """"",TRUE,
"""cch-cp12 AND shipLocation_s:14802 AND businessUnit_s:Accu-Tech"", ""userName_s"": ""326020"", ""refNum_s"": ""618236""",TRUE,
"""576-110-012 AND shipLocation_s:13429 AND businessUnit_s:Accu-Tech"", ""userName_s"": ""307614"", ""refNum_s"": ""618528""",TRUE,
"""SMT1500RM1UC* AND salesLocation_s:69609 AND shipLocation_s:12702 AND customerAccount_s:AC0161-2942 AND businessUnit_s:Accu-Tech"", ""userName_s"": ""Jacquelyn Booth"", ""refNum_s"": """"",TRUE,
"""spkfu AND shipLocation_s:12908 AND businessUnit_s:Accu-Tech"", ""userName_s"": ""233430"", ""refNum_s"": ""618512""",TRUE,
"""MCTP61 AND businessUnit_s:Accu-Tech"", ""userName_s"": ""328841"", ""refNum_s"": ""617987""",TRUE,
"""APC SMART-UPS WITH SMARTCONNECT 1500VA RM 1U 120V --* AND shipLocation_s:12702 AND customerAccount_s:AC0161-2942 AND businessUnit_s:Accu-Tech AND advancedPartSearch:Y"", ""userName_s"": ""Jacquelyn Booth"", ""refNum_s"": ""100088460""",FALSE,
"""BLRSB408-038B AND businessUnit_s:Accu-Tech"", ""userName_s"": ""235121"", ""refNum_s"": """"",TRUE,
"""70-140-030-020* AND salesLocation_s:61171 AND shipLocation_s:12402 AND customerAccount_s:AC0001-5961 AND dcLocation_s:7302 AND businessUnit_s:WESCO"", ""userName_s"": ""Hannah Shook"", ""refNum_s"": """"",FALSE,
"""34537-E02* AND salesLocation_s:62473 AND shipLocation_s:13429 AND customerAccount_s:AC0158-7190 AND businessUnit_s:Accu-Tech"", ""userName_s"": ""Patrick Saxe"", ""refNum_s"": """"",TRUE,
"""CEX50C6SWLHIV2* AND businessUnit_s:Accu-Tech AND shipLocation_s:16023 AND advancedPartSearch:Y AND businessUnit_s:Accu-Tech"", ""userName_s"": """", ""refNum_s"": ""100012447""",TRUE,
"""BEY2Z5898* AND salesLocation_s:60682 AND shipLocation_s:15408 AND customerAccount_s:AC0011-8872 AND dcLocation_s:7305 AND businessUnit_s:WESCO"", ""userName_s"": ""Shanell Wade"", ""refNum_s"": """"",FALSE,
"""1303095 AND businessUnit_s:Accu-Tech"", ""userName_s"": ""307091"", ""refNum_s"": ""618037""",TRUE,
"""lb57* AND salesLocation_s:60664 AND shipLocation_s:14001 AND customerAccount_s:AC0019-6925 AND dcLocation_s:7305 AND businessUnit_s:WESCO"", ""userName_s"": ""Kelly Waldvogel"", ""refNum_s"": """"",FALSE,
"""W3024L101* AND salesLocation_s:62395 AND shipLocation_s:12702 AND customerAccount_s:AC0158-2938 AND businessUnit_s:Accu-Tech"", ""userName_s"": ""Chris Seeman"", ""refNum_s"": """"",TRUE,
"""LD10WH6-A* AND salesLocation_s:69609 AND shipLocation_s:12702 AND customerAccount_s:AC0158-4484 AND businessUnit_s:Accu-Tech"", ""userName_s"": ""Kyle Edwards"", ""refNum_s"": """"",TRUE,
"""CAT32HP4Z34 AND shipLocation_s:12908 AND businessUnit_s:Accu-Tech"", ""userName_s"": ""321602"", ""refNum_s"": ""618347""",TRUE,
"""6AUJK-SW6* AND salesLocation_s:62746 AND shipLocation_s:15428 AND customerAccount_s:AC0158-9227 AND businessUnit_s:Accu-Tech"", ""userName_s"": ""Robert Bodnar"", ""refNum_s"": """"",TRUE,
"""H200X044H1T-B AND shipLocation_s:13603 AND businessUnit_s:Accu-Tech"", ""userName_s"": ""227835"", ""refNum_s"": ""618348""",TRUE,
"""576-a10-010 AND shipLocation_s:14611 AND businessUnit_s:Accu-Tech"", ""userName_s"": ""339347"", ""refNum_s"": ""618257""",TRUE,
"""8500-05-000 AND shipLocation_s:15416 AND businessUnit_s:Accu-Tech"", ""userName_s"": ""328811"", ""refNum_s"": ""618229""",TRUE,
"""CCH-CP06-E4 AND shipLocation_s:11726 AND businessUnit_s:Accu-Tech"", ""userName_s"": ""329125"", ""refNum_s"": ""618286""",TRUE,
"""m2lcd12-091A1 AND shipLocation_s:14611 AND businessUnit_s:Accu-Tech"", ""userName_s"": ""339347"", ""refNum_s"": ""618257""",TRUE,
"""10608- AND shipLocation_s:15819 AND businessUnit_s:Accu-Tech"", ""userName_s"": ""237306"", ""refNum_s"": ""618230""",TRUE,
"""78227441477* AND salesLocation_s:60682 AND shipLocation_s:15408 AND customerAccount_s:AC0054-1654 AND dcLocation_s:7305 AND businessUnit_s:WESCO"", ""userName_s"": ""Nicholas Garets"", ""refNum_s"": """"",FALSE,
"""77-246-5B AND shipLocation_s:12908 AND businessUnit_s:Accu-Tech"", ""userName_s"": ""321469"", ""refNum_s"": ""618256""",TRUE,
"""50633 AND shipLocation_s:12114 AND businessUnit_s:Accu-Tech"", ""userName_s"": ""235882"", ""refNum_s"": ""618242""",TRUE,
"""cc7-750- AND businessUnit_s:Accu-Tech"", ""userName_s"": ""213117"", ""refNum_s"": """"",TRUE,
"""101346at* AND businessUnit_s:Accu-Tech AND shipLocation_s:15642 AND advancedPartSearch:Y AND businessUnit_s:Accu-Tech"", ""userName_s"": """", ""refNum_s"": ""100012447""",TRUE,
"""41080-4wp* AND salesLocation_s:60181 AND shipLocation_s:12004 AND customerAccount_s:AC0002-9934 AND businessUnit_s:WESCO"", ""userName_s"": ""Bobbi Lewis"", ""refNum_s"": """"",FALSE,
"""wp1250/ AND shipLocation_s:14112 AND businessUnit_s:Accu-Tech"", ""userName_s"": ""230714"", ""refNum_s"": ""618145""",TRUE,
"""pzwmc2630 AND shipLocation_s:16043 AND businessUnit_s:Accu-Tech"", ""userName_s"": ""227199"", ""refNum_s"": ""618098""",TRUE,
"""32D1-1-30BK AND shipLocation_s:13429 AND businessUnit_s:Accu-Tech"", ""userName_s"": ""334120"", ""refNum_s"": ""618154""",TRUE,
"""6A-272- AND shipLocation_s:14611 AND businessUnit_s:Accu-Tech"", ""userName_s"": ""223249"", ""refNum_s"": ""618147""",TRUE,
"""87 51 180 SBA* AND salesLocation_s:61171 AND shipLocation_s:12402 AND customerAccount_s:AC0001-5961 AND dcLocation_s:7302 AND businessUnit_s:WESCO"", ""userName_s"": ""Danny Jenkins"", ""refNum_s"": """"",FALSE,
"""6B-272-4B* AND salesLocation_s:62395 AND shipLocation_s:12702 AND customerAccount_s:AC0158-3148 AND businessUnit_s:Accu-Tech"", ""userName_s"": ""Melissa Saul"", ""refNum_s"": """"",TRUE,
"""MPLS2 AND shipLocation_s:15625 AND businessUnit_s:Accu-Tech"", ""userName_s"": ""329187"", ""refNum_s"": ""618123""",TRUE,
"""2PK-MSHXL14* AND salesLocation_s:61171 AND shipLocation_s:12402 AND customerAccount_s:AC0001-5961 AND dcLocation_s:7302 AND businessUnit_s:WESCO"", ""userName_s"": ""Danny Jenkins"", ""refNum_s"": """"",FALSE,
"""12F AND businessUnit_s:Accu-Tech"", ""userName_s"": ""233642"", ""refNum_s"": """"",TRUE,
"""6D460-10V AND shipLocation_s:12908 AND businessUnit_s:Accu-Tech"", ""userName_s"": ""233430"", ""refNum_s"": ""617999""",TRUE,
"""1036267AT* AND businessUnit_s:Accu-Tech AND shipLocation_s:11726 AND advancedPartSearch:Y AND businessUnit_s:Accu-Tech"", ""userName_s"": """", ""refNum_s"": ""100012447""",TRUE,
"""M57193B AND businessUnit_s:Accu-Tech"", ""userName_s"": ""327898"", ""refNum_s"": """"",TRUE,
"""012e88-311 AND shipLocation_s:12304 AND businessUnit_s:Accu-Tech"", ""userName_s"": ""233642"", ""refNum_s"": ""617960""",TRUE,
"""55053-703* AND salesLocation_s:62533 AND shipLocation_s:11102 AND customerAccount_s:AC0158-1550 AND businessUnit_s:Accu-Tech"", ""userName_s"": ""Shannon Brown"", ""refNum_s"": """"",TRUE,
"""012ZUC-T4F22D20 AND shipLocation_s:15428 AND businessUnit_s:Accu-Tech"", ""userName_s"": ""239908"", ""refNum_s"": ""596871""",TRUE,
"""m20ap-270* AND salesLocation_s:62473 AND shipLocation_s:13429 AND customerAccount_s:AC0158-6194 AND businessUnit_s:Accu-Tech"", ""userName_s"": ""John-Riley Hathcock"", ""refNum_s"": """"",TRUE,
"""FSM-70S AND businessUnit_s:Accu-Tech"", ""userName_s"": ""337705"", ""refNum_s"": """"",TRUE,
"""42080 AND shipLocation_s:11102 AND businessUnit_s:Accu-Tech"", ""userName_s"": ""226317"", ""refNum_s"": ""617859""",TRUE,
"""658a AND shipLocation_s:12601 AND businessUnit_s:Accu-Tech"", ""userName_s"": ""224014"", ""refNum_s"": ""617848""",TRUE,
"""chc-cp- AND shipLocation_s:12304 AND businessUnit_s:Accu-Tech"", ""userName_s"": ""327282"", ""refNum_s"": ""617831""",TRUE,
"""9116P_0101000 AND shipLocation_s:15009 AND businessUnit_s:Accu-Tech"", ""userName_s"": ""231421"", ""refNum_s"": ""617790""",TRUE,
"""fc3x06ldft* AND salesLocation_s:62396 AND shipLocation_s:14802 AND customerAccount_s:AC0159-8993 AND businessUnit_s:Accu-Tech"", ""userName_s"": ""Andrew Holman"", ""refNum_s"": """"",TRUE,
"""XHW-3630-DG* AND businessUnit_s:Accu-Tech AND shipLocation_s:11102 AND advancedPartSearch:Y AND businessUnit_s:Accu-Tech"", ""userName_s"": """", ""refNum_s"": ""100012447""",TRUE,
"""T00032270* AND salesLocation_s:62531 AND shipLocation_s:15625 AND customerAccount_s:AC0158-3337 AND businessUnit_s:Accu-Tech"", ""userName_s"": ""Alfred Nelson"", ""refNum_s"": """"",TRUE,
"""61110- AND businessUnit_s:Accu-Tech"", ""userName_s"": ""325146"", ""refNum_s"": """"",TRUE,
"""TF6-OS2- AND shipLocation_s:14611 AND businessUnit_s:Accu-Tech"", ""userName_s"": ""223249"", ""refNum_s"": ""617752""",TRUE,
"""cj64hacssbc AND shipLocation_s:14506 AND businessUnit_s:Accu-Tech"", ""userName_s"": ""209989"", ""refNum_s"": ""617714""",TRUE,
"""THT B427 TRANS* AND salesLocation_s:60829 AND shipLocation_s:14507 AND customerAccount_s:AC0156-0164 AND dcLocation_s:7303 AND businessUnit_s:WESCO"", ""userName_s"": ""Kelsea Kluttz"", ""refNum_s"": """"",FALSE,
"""024zu AND shipLocation_s:11102 AND businessUnit_s:Accu-Tech"", ""userName_s"": ""224559"", ""refNum_s"": ""617582""",TRUE,
"""10260-712 AND shipLocation_s:15819 AND businessUnit_s:Accu-Tech"", ""userName_s"": ""237306"", ""refNum_s"": ""617090""",TRUE,
"""69586-W24* AND salesLocation_s:62474 AND shipLocation_s:13417 AND customerAccount_s:AC0161-8832 AND businessUnit_s:Accu-Tech"", ""userName_s"": ""Hank Smitherman"", ""refNum_s"": """"",TRUE,
"""eq01u AND shipLocation_s:12702 AND businessUnit_s:Accu-Tech"", ""userName_s"": ""238367"", ""refNum_s"": ""612582""",TRUE,
"""CYXT24S2B1S1SB011M AND businessUnit_s:Accu-Tech"", ""userName_s"": ""227658"", ""refNum_s"": ""616699""",TRUE,
"""m582* AND salesLocation_s:62530 AND shipLocation_s:15642 AND customerAccount_s:AC0162-0944 AND businessUnit_s:Accu-Tech"", ""userName_s"": ""Simon Ruppert"", ""refNum_s"": """"",TRUE,
"""9BC5P024L-T516A AND shipLocation_s:15642 AND businessUnit_s:Accu-Tech"", ""userName_s"": ""301951"", ""refNum_s"": ""617523""",TRUE,
"""10GXS12004* AND salesLocation_s:61961 AND shipLocation_s:16011 AND customerAccount_s:AC0161-0766 AND businessUnit_s:Accu-Tech"", ""userName_s"": ""Marlon Doppe"", ""refNum_s"": """"",TRUE,
"""fl2lc2mmom AND shipLocation_s:11102 AND businessUnit_s:Accu-Tech"", ""userName_s"": ""206552"", ""refNum_s"": ""617528""",TRUE,
"""012E8P-3 AND shipLocation_s:13429 AND businessUnit_s:Accu-Tech"", ""userName_s"": ""334120"", ""refNum_s"": ""617433""",TRUE,
"""100081836* AND businessUnit_s:Accu-Tech AND shipLocation_s:13429 AND advancedPartSearch:Y AND businessUnit_s:Accu-Tech"", ""userName_s"": """", ""refNum_s"": ""100012447""",TRUE,
"""202048J* AND salesLocation_s:62474 AND shipLocation_s:13417 AND customerAccount_s:AC0161-7402 AND businessUnit_s:Accu-Tech"", ""userName_s"": ""Tyler Ballengee"", ""refNum_s"": """"",TRUE,
"""CF150/600EZ AND shipLocation_s:13429 AND businessUnit_s:Accu-Tech"", ""userName_s"": ""307614"", ""refNum_s"": ""617507""",TRUE,
"""NLSM-LCSC-15M* AND salesLocation_s:69609 AND shipLocation_s:12702 AND customerAccount_s:AC0161-2574 AND businessUnit_s:Accu-Tech"", ""userName_s"": ""Ryan Punsalan"", ""refNum_s"": """"",TRUE,
"""DSTR- AND shipLocation_s:11102 AND businessUnit_s:Accu-Tech"", ""userName_s"": ""206552"", ""refNum_s"": ""617471""",TRUE,
"""USL10G-SHLD-BL* AND businessUnit_s:Accu-Tech AND shipLocation_s:12702 AND customerAccount_s:AC0158-3117 AND shipLocationOnlyFlag:Y AND legacyPartFilter:Y AND advancedPartSearch:Y AND businessUnit_s:Accu-Tech"", ""userName_s"": """", ""refNum_s"": ""100012447""",TRUE,
"""852-LL2-006 AND businessUnit_s:Accu-Tech"", ""userName_s"": ""230516"", ""refNum_s"": """"",TRUE,
"""TRGBH141.519.25A* AND salesLocation_s:69609 AND shipLocation_s:12702 AND customerAccount_s:AC0159-8346 AND businessUnit_s:Accu-Tech"", ""userName_s"": ""Matthew Zito"", ""refNum_s"": """"",TRUE,
"""RFN-1014-1 AND shipLocation_s:15642 AND businessUnit_s:Accu-Tech"", ""userName_s"": ""233931"", ""refNum_s"": ""617435""",TRUE,
"""P3R127PV* AND salesLocation_s:60001 AND shipLocation_s:12619 AND customerAccount_s:AC0000-5694 AND dcLocation_s:7302 AND businessUnit_s:WESCO"", ""userName_s"": ""Josephine Trupiano"", ""refNum_s"": """"",FALSE,
"""ADSV2536BK* AND businessUnit_s:Accu-Tech AND shipLocation_s:12908 AND advancedPartSearch:Y AND businessUnit_s:Accu-Tech"", ""userName_s"": """", ""refNum_s"": ""100012447""",TRUE,
"""760107219* AND salesLocation_s:62395 AND shipLocation_s:12702 AND customerAccount_s:AC0194-7020 AND businessUnit_s:Accu-Tech"", ""userName_s"": ""Steve Kurtinitis"", ""refNum_s"": """"",TRUE,
"""PE89-24100* AND salesLocation_s:62397 AND shipLocation_s:14810 AND customerAccount_s:AC0158-2216 AND businessUnit_s:Accu-Tech"", ""userName_s"": ""Camden Lee"", ""refNum_s"": """"",TRUE,
"""760152561* AND salesLocation_s:62681 AND shipLocation_s:14611 AND customerAccount_s:AC0186-3068 AND businessUnit_s:Accu-Tech"", ""userName_s"": ""Jay Mong"", ""refNum_s"": """"",TRUE,
"""125822-20Y* AND salesLocation_s:60001 AND shipLocation_s:12619 AND customerAccount_s:AC0000-5694 AND dcLocation_s:7302 AND businessUnit_s:WESCO"", ""userName_s"": ""Josephine Trupiano"", ""refNum_s"": """"",FALSE,
"""10118571* AND salesLocation_s:60001 AND shipLocation_s:12619 AND customerAccount_s:AC0000-5694 AND dcLocation_s:7302 AND businessUnit_s:WESCO"", ""userName_s"": ""Josephine Trupiano"", ""refNum_s"": """"",FALSE,
"""10608-701* AND businessUnit_s:Accu-Tech AND shipLocation_s:11726 AND advancedPartSearch:Y AND businessUnit_s:Accu-Tech"", ""userName_s"": """", ""refNum_s"": ""100012447""",TRUE,
"""JP2W-L20* AND salesLocation_s:61962 AND shipLocation_s:16023 AND customerAccount_s:AC0186-3068 AND businessUnit_s:Accu-Tech"", ""userName_s"": ""Jennie Robinson"", ""refNum_s"": """"",TRUE,
"""6110g-rl AND shipLocation_s:12304 AND businessUnit_s:Accu-Tech"", ""userName_s"": ""233642"", ""refNum_s"": ""617387""",TRUE,
"""61 AND shipLocation_s:12304 AND businessUnit_s:Accu-Tech"", ""userName_s"": ""233642"", ""refNum_s"": ""617387""",TRUE,
"""7931A_0051001 AND shipLocation_s:15414 AND businessUnit_s:Accu-Tech"", ""userName_s"": ""216112"", ""refNum_s"": ""617383""",TRUE,
"""9c6 AND shipLocation_s:12304 AND businessUnit_s:Accu-Tech"", ""userName_s"": ""233642"", ""refNum_s"": ""617380""",TRUE,
"""7888888* AND salesLocation_s:60682 AND shipLocation_s:15408 AND customerAccount_s:AC0173-0939 AND dcLocation_s:7305 AND businessUnit_s:WESCO"", ""userName_s"": ""Shanell Wade"", ""refNum_s"": """"",FALSE,
"""189754 AND shipLocation_s:15428 AND businessUnit_s:Accu-Tech"", ""userName_s"": ""337277"", ""refNum_s"": ""609203""",TRUE,
"""PRV AND shipLocation_s:11305 AND businessUnit_s:Accu-Tech"", ""userName_s"": ""313507"", ""refNum_s"": ""617375""",TRUE,
"""TSZ1542624* AND businessUnit_s:Accu-Tech AND shipLocation_s:15428 AND advancedPartSearch:Y AND businessUnit_s:Accu-Tech"", ""userName_s"": """", ""refNum_s"": ""100012447""",TRUE,
"""41084 AND shipLocation_s:14506 AND businessUnit_s:Accu-Tech"", ""userName_s"": ""209989"", ""refNum_s"": ""617372""",TRUE,
"""410840 AND shipLocation_s:14506 AND businessUnit_s:Accu-Tech"", ""userName_s"": ""209989"", ""refNum_s"": ""617372""",TRUE,
"""6110g-rl AND shipLocation_s:14506 AND businessUnit_s:Accu-Tech"", ""userName_s"": ""209989"", ""refNum_s"": ""617372""",TRUE,
"""foas2f10glclc-50-2m AND shipLocation_s:14506 AND businessUnit_s:Accu-Tech"", ""userName_s"": ""209989"", ""refNum_s"": ""617372""",TRUE,
"""foas2f10g AND shipLocation_s:14506 AND businessUnit_s:Accu-Tech"", ""userName_s"": ""209989"", ""refNum_s"": ""617372""",TRUE,
"""cch-cs12 AND shipLocation_s:14506 AND businessUnit_s:Accu-Tech"", ""userName_s"": ""209989"", ""refNum_s"": ""617372""",TRUE,
"""49255-h24 AND shipLocation_s:14506 AND businessUnit_s:Accu-Tech"", ""userName_s"": ""209989"", ""refNum_s"": ""617372""",TRUE,
"""smt1500 AND shipLocation_s:14506 AND businessUnit_s:Accu-Tech"", ""userName_s"": ""209989"", ""refNum_s"": ""617372""",TRUE,
"""MX-BL-02 AND shipLocation_s:15416 AND businessUnit_s:Accu-Tech"", ""userName_s"": ""332907"", ""refNum_s"": ""617340""",TRUE,
"""1025 AND shipLocation_s:12304 AND businessUnit_s:Accu-Tech"", ""userName_s"": ""308638"", ""refNum_s"": ""617349""",TRUE,
"""TCF20 AND shipLocation_s:11726 AND businessUnit_s:Accu-Tech"", ""userName_s"": ""233415"", ""refNum_s"": ""617357""",TRUE,
"""ISTPHCH2MTL* AND salesLocation_s:60682 AND shipLocation_s:15408 AND customerAccount_s:AC0067-2995 AND dcLocation_s:7305 AND businessUnit_s:WESCO"", ""userName_s"": ""Brian Wortmann"", ""refNum_s"": """"",FALSE,
"""mx-bl-04 AND businessUnit_s:Accu-Tech"", ""userName_s"": ""231421"", ""refNum_s"": """"",TRUE,
"""7131300* AND businessUnit_s:Accu-Tech AND shipLocation_s:12304 AND advancedPartSearch:Y AND businessUnit_s:Accu-Tech"", ""userName_s"": """", ""refNum_s"": ""100012447""",TRUE,
"""pnm-c34404rqpz* AND salesLocation_s:62744 AND shipLocation_s:15416 AND customerAccount_s:AC0158-5108 AND businessUnit_s:Accu-Tech"", ""userName_s"": ""Chanel Cannon"", ""refNum_s"": """"",TRUE,
"""MX-FP-S-04-0_24 AND shipLocation_s:15416 AND businessUnit_s:Accu-Tech"", ""userName_s"": ""332907"", ""refNum_s"": ""617340""",TRUE,
"""14zzz* AND salesLocation_s:61960 AND shipLocation_s:16043 AND customerAccount_s:AC0159-7435 AND businessUnit_s:Accu-Tech"", ""userName_s"": ""Adam Cervera"", ""refNum_s"": """"",TRUE,
"""ECX-01U* AND salesLocation_s:62395 AND shipLocation_s:12702 AND customerAccount_s:AC0186-0120 AND businessUnit_s:Accu-Tech"", ""userName_s"": ""Amanda Wyckoff"", ""refNum_s"": """"",TRUE,
"""2412005* AND salesLocation_s:61961 AND shipLocation_s:16011 AND customerAccount_s:AC0161-0766 AND businessUnit_s:Accu-Tech"", ""userName_s"": ""Marlon Doppe"", ""refNum_s"": """"",TRUE,
"""1189AP* AND salesLocation_s:62395 AND shipLocation_s:12702 AND customerAccount_s:AC0186-0120 AND businessUnit_s:Accu-Tech"", ""userName_s"": ""Amanda Wyckoff"", ""refNum_s"": """"",TRUE,
"""utp28x8inrd* AND salesLocation_s:62472 AND shipLocation_s:14506 AND customerAccount_s:AC0158-6919 AND businessUnit_s:Accu-Tech"", ""userName_s"": ""Steve Shannon"", ""refNum_s"": """"",TRUE,
"""CEX6AP3D1B-CBU007F AND shipLocation_s:11411 AND businessUnit_s:Accu-Tech"", ""userName_s"": ""302766"", ""refNum_s"": ""615617""",TRUE,
"""srb19bly* AND salesLocation_s:62472 AND shipLocation_s:14506 AND customerAccount_s:AC0158-6919 AND businessUnit_s:Accu-Tech"", ""userName_s"": ""Steve Shannon"", ""refNum_s"": """"",TRUE,
"""cj6x88tgrd* AND salesLocation_s:62472 AND shipLocation_s:14506 AND customerAccount_s:AC0158-6919 AND businessUnit_s:Accu-Tech"", ""userName_s"": ""Steve Shannon"", ""refNum_s"": """"",TRUE,
"""7131106* AND salesLocation_s:62472 AND shipLocation_s:14506 AND customerAccount_s:AC0158-6919 AND businessUnit_s:Accu-Tech"", ""userName_s"": ""Steve Shannon"", ""refNum_s"": """"",TRUE,
"""6a-272-2b* AND salesLocation_s:62395 AND shipLocation_s:12702 AND customerAccount_s:AC0158-3117 AND businessUnit_s:Accu-Tech"", ""userName_s"": ""Amanda Wyckoff"", ""refNum_s"": """"",TRUE,
"""CPCSSX2-0ZF015 AND businessUnit_s:Accu-Tech"", ""userName_s"": ""312371"", ""refNum_s"": """"",TRUE,
"""5F200-1LL* AND salesLocation_s:62746 AND shipLocation_s:15428 AND customerAccount_s:AC0159-0452 AND businessUnit_s:Accu-Tech"", ""userName_s"": ""Haroon Mukhtar"", ""refNum_s"": """"",TRUE,
"""YC1-SS6-375* AND salesLocation_s:60682 AND shipLocation_s:15408 AND customerAccount_s:AC0005-9619 AND dcLocation_s:7305 AND businessUnit_s:WESCO"", ""userName_s"": ""Roberto Gonzalez"", ""refNum_s"": """"",FALSE,
"""bch AND shipLocation_s:12114 AND businessUnit_s:Accu-Tech"", ""userName_s"": ""235882"", ""refNum_s"": ""617326""",TRUE,
"""ax101731 AND shipLocation_s:16043 AND businessUnit_s:Accu-Tech"", ""userName_s"": ""227199"", ""refNum_s"": ""617231""",TRUE,
"""fce AND shipLocation_s:16043 AND businessUnit_s:Accu-Tech"", ""userName_s"": ""237291"", ""refNum_s"": ""617323""",TRUE,
"""FLCSMCXAQY AND shipLocation_s:16043 AND businessUnit_s:Accu-Tech"", ""userName_s"": ""237291"", ""refNum_s"": ""617323""",TRUE,
"""DC-100s* AND salesLocation_s:62746 AND shipLocation_s:15428 AND customerAccount_s:AC0158-1180 AND businessUnit_s:Accu-Tech"", ""userName_s"": ""Nelson Albanesi"", ""refNum_s"": """"",TRUE,
"""m13l-262 AND shipLocation_s:11411 AND businessUnit_s:Accu-Tech"", ""userName_s"": ""302766"", ""refNum_s"": ""616801""",TRUE,
"""77-240-2b AND shipLocation_s:16043 AND businessUnit_s:Accu-Tech"", ""userName_s"": ""237291"", ""refNum_s"": ""617308""",TRUE,
"""P2RFC-2163 AND shipLocation_s:16041 AND businessUnit_s:Accu-Tech"", ""userName_s"": ""318654"", ""refNum_s"": ""617314""",TRUE,
"""WBT4X24BU AND shipLocation_s:16043 AND businessUnit_s:Accu-Tech"", ""userName_s"": ""237291"", ""refNum_s"": ""617308""",TRUE,
"""810-l27-0 AND shipLocation_s:16023 AND businessUnit_s:Accu-Tech"", ""userName_s"": ""208907"", ""refNum_s"": ""617291""",TRUE,
"""foas2fsmlcst-1m AND businessUnit_s:Accu-Tech"", ""userName_s"": ""208907"", ""refNum_s"": """"",TRUE,
"""810- AND shipLocation_s:16023 AND businessUnit_s:Accu-Tech"", ""userName_s"": ""208907"", ""refNum_s"": ""617291""",TRUE,
"""zm6a-s03-06 AND shipLocation_s:16023 AND businessUnit_s:Accu-Tech"", ""userName_s"": ""208907"", ""refNum_s"": ""617291""",TRUE,
"""100 AND shipLocation_s:13603 AND businessUnit_s:Accu-Tech"", ""userName_s"": ""236163"", ""refNum_s"": ""617010""",TRUE,
"""cch-02u* AND salesLocation_s:62399 AND shipLocation_s:15812 AND customerAccount_s:AC0158-4536 AND businessUnit_s:Accu-Tech"", ""userName_s"": ""Patrick Sweeney"", ""refNum_s"": """"",TRUE,
"""cch-cs2 AND shipLocation_s:16023 AND businessUnit_s:Accu-Tech"", ""userName_s"": ""208907"", ""refNum_s"": ""617291""",TRUE,
"""mctp6i- AND shipLocation_s:12304 AND businessUnit_s:Accu-Tech"", ""userName_s"": ""233642"", ""refNum_s"": ""611016""",TRUE,
"""tze251 AND shipLocation_s:12114 AND businessUnit_s:Accu-Tech"", ""userName_s"": ""235882"", ""refNum_s"": ""617290""",TRUE,
"""MCTP6I-6-7 AND shipLocation_s:12304 AND businessUnit_s:Accu-Tech"", ""userName_s"": ""233642"", ""refNum_s"": ""611016""",TRUE,
"""mgs AND shipLocation_s:11411 AND businessUnit_s:Accu-Tech"", ""userName_s"": ""302766"", ""refNum_s"": ""616801""",TRUE,
"""6H460-07L AND shipLocation_s:16043 AND businessUnit_s:Accu-Tech"", ""userName_s"": ""304249"", ""refNum_s"": ""614903""",TRUE,
"""430 AND shipLocation_s:12114 AND businessUnit_s:Accu-Tech"", ""userName_s"": ""235882"", ""refNum_s"": ""617290""",TRUE,
"""cch- AND shipLocation_s:11411 AND businessUnit_s:Accu-Tech"", ""userName_s"": ""335646"", ""refNum_s"": ""617142""",TRUE,
"""CAT6 Yellow Prysmian AND shipLocation_s:15428 AND businessUnit_s:Accu-Tech"", ""userName_s"": ""337277"", ""refNum_s"": ""617286""",TRUE,
"""CAT6 Yellow Prysmi AND shipLocation_s:15428 AND businessUnit_s:Accu-Tech"", ""userName_s"": ""337277"", ""refNum_s"": ""617286""",TRUE,
"""11101842 AND shipLocation_s:15416 AND businessUnit_s:Accu-Tech"", ""userName_s"": ""233831"", ""refNum_s"": ""617279""",TRUE,
"""77-240-6b* AND salesLocation_s:62397 AND shipLocation_s:14810 AND customerAccount_s:AC0186-3068 AND businessUnit_s:Accu-Tech"", ""userName_s"": ""Cody Farrar"", ""refNum_s"": """"",TRUE,
"""11301-001 AND shipLocation_s:13603 AND businessUnit_s:Accu-Tech"", ""userName_s"": ""332229"", ""refNum_s"": ""617219""",TRUE,
"""002 AND shipLocation_s:14506 AND businessUnit_s:Accu-Tech"", ""userName_s"": ""209989"", ""refNum_s"": ""617271""",TRUE,
"""78618910422* AND salesLocation_s:60682 AND shipLocation_s:15408 AND customerAccount_s:AC0054-1654 AND dcLocation_s:7305 AND businessUnit_s:WESCO"", ""userName_s"": ""Nicholas Garets"", ""refNum_s"": """"",FALSE,
"""cs34p- AND businessUnit_s:Accu-Tech"", ""userName_s"": ""224014"", ""refNum_s"": """"",TRUE,
"""fosc_450-d6-6-nt-0-d AND shipLocation_s:11411 AND businessUnit_s:Accu-Tech"", ""userName_s"": ""335646"", ""refNum_s"": ""617142""",TRUE,
"""fosc_450-d6-6- AND shipLocation_s:11411 AND businessUnit_s:Accu-Tech"", ""userName_s"": ""335646"", ""refNum_s"": ""617142""",TRUE,
"""7131100 AND shipLocation_s:16041 AND businessUnit_s:Accu-Tech"", ""userName_s"": ""313089"", ""refNum_s"": ""617263""",TRUE,
"""30978* AND salesLocation_s:62401 AND shipLocation_s:12601 AND customerAccount_s:AC0158-3380 AND businessUnit_s:Accu-Tech"", ""userName_s"": ""Leesette Bengar"", ""refNum_s"": """"",TRUE,
"""cmbwh* AND businessUnit_s:Accu-Tech AND shipLocation_s:16041 AND advancedPartSearch:Y AND businessUnit_s:Accu-Tech"", ""userName_s"": """", ""refNum_s"": ""100012447""",TRUE,
"""6ASJK-SL6 AND businessUnit_s:Accu-Tech"", ""userName_s"": ""310311"", ""refNum_s"": """"",TRUE,
"""cat 5e 25 pair* AND salesLocation_s:62401 AND shipLocation_s:12601 AND customerAccount_s:AC0158-4090 AND businessUnit_s:Accu-Tech"", ""userName_s"": ""Randy Schnepel"", ""refNum_s"": """"",TRUE,
"""25 pair* AND salesLocation_s:62401 AND shipLocation_s:12601 AND customerAccount_s:AC0158-4090 AND businessUnit_s:Accu-Tech"", ""userName_s"": ""Randy Schnepel"", ""refNum_s"": """"",TRUE,
"""10139885 AND shipLocation_s:15009 AND businessUnit_s:Accu-Tech"", ""userName_s"": ""308831"", ""refNum_s"": ""616820""",TRUE,
"""HFCD15012PS* AND salesLocation_s:62399 AND shipLocation_s:15812 AND customerAccount_s:AC0162-6341 AND businessUnit_s:Accu-Tech"", ""userName_s"": ""Patrick Sweeney"", ""refNum_s"": """"",TRUE,
"""v2401* AND salesLocation_s:62400 AND shipLocation_s:14112 AND customerAccount_s:AC0161-0984 AND businessUnit_s:Accu-Tech"", ""userName_s"": ""Paul Varone"", ""refNum_s"": """"",TRUE,
"""ZPDS-208V30A-L21-4L21-20R-CR AND shipLocation_s:15819 AND businessUnit_s:Accu-Tech"", ""userName_s"": ""223220"", ""refNum_s"": ""616620""",TRUE,
"""V4017* AND salesLocation_s:62400 AND shipLocation_s:14112 AND customerAccount_s:AC0161-0984 AND businessUnit_s:Accu-Tech"", ""userName_s"": ""Paul Varone"", ""refNum_s"": """"",TRUE,
"""V4018* AND salesLocation_s:62400 AND shipLocation_s:14112 AND customerAccount_s:AC0161-0984 AND businessUnit_s:Accu-Tech"", ""userName_s"": ""Paul Varone"", ""refNum_s"": """"",TRUE,
"""V4015* AND salesLocation_s:62400 AND shipLocation_s:14112 AND customerAccount_s:AC0161-0984 AND businessUnit_s:Accu-Tech"", ""userName_s"": ""Paul Varone"", ""refNum_s"": """"",TRUE,
"""SB21318KFB AND shipLocation_s:15009 AND businessUnit_s:Accu-Tech"", ""userName_s"": ""308831"", ""refNum_s"": ""616820""",TRUE,
"""FS41BL* AND salesLocation_s:62680 AND shipLocation_s:14205 AND customerAccount_s:AC0159-3928 AND businessUnit_s:Accu-Tech"", ""userName_s"": ""Audra Brock"", ""refNum_s"": """"",TRUE,
"""3VA92710WF30* AND salesLocation_s:60627 AND shipLocation_s:14507 AND customerAccount_s:AC0016-0547 AND dcLocation_s:7303 AND businessUnit_s:WESCO"", ""userName_s"": ""John Van Vactor"", ""refNum_s"": """"",FALSE,
"""570- AND shipLocation_s:14810 AND businessUnit_s:Accu-Tech"", ""userName_s"": ""324409"", ""refNum_s"": ""617192""",TRUE,
"""MRK- AND businessUnit_s:Accu-Tech"", ""userName_s"": ""307091"", ""refNum_s"": ""617241""",TRUE,
"""rpk87* AND salesLocation_s:62681 AND shipLocation_s:14611 AND customerAccount_s:AC0158-8052 AND businessUnit_s:Accu-Tech"", ""userName_s"": ""Joshua Luffman"", ""refNum_s"": """"",TRUE,
"""3RV20314RA15* AND salesLocation_s:60627 AND shipLocation_s:14507 AND customerAccount_s:AC0016-0547 AND dcLocation_s:7303 AND businessUnit_s:WESCO"", ""userName_s"": ""John Van Vactor"", ""refNum_s"": """"",FALSE,
"""1FK70402AK711CH0* AND salesLocation_s:60627 AND shipLocation_s:14507 AND customerAccount_s:AC0016-0547 AND dcLocation_s:7303 AND businessUnit_s:WESCO"", ""userName_s"": ""John Van Vactor"", ""refNum_s"": """"",FALSE,
"""fan-b25-12 AND shipLocation_s:11726 AND businessUnit_s:Accu-Tech"", ""userName_s"": ""234661"", ""refNum_s"": ""617134""",TRUE,
"""fan-b25- AND shipLocation_s:11726 AND businessUnit_s:Accu-Tech"", ""userName_s"": ""234661"", ""refNum_s"": ""617134""",TRUE,
"""fan-b AND shipLocation_s:11726 AND businessUnit_s:Accu-Tech"", ""userName_s"": ""234661"", ""refNum_s"": ""617134""",TRUE,
"""PDUH20DV AND shipLocation_s:12114 AND businessUnit_s:Accu-Tech"", ""userName_s"": ""337344"", ""refNum_s"": ""616233""",TRUE,
"""XRN-3220RB2-16TB* AND salesLocation_s:62681 AND shipLocation_s:14611 AND customerAccount_s:AC0158-8052 AND businessUnit_s:Accu-Tech"", ""userName_s"": ""Joshua Luffman"", ""refNum_s"": """"",TRUE,
"""SC-RS-ACT-TMO AND shipLocation_s:11305 AND businessUnit_s:Accu-Tech"", ""userName_s"": ""337844"", ""refNum_s"": ""617139""",TRUE,
"""11790-718* AND salesLocation_s:62747 AND shipLocation_s:11411 AND customerAccount_s:AC0159-6443 AND businessUnit_s:Accu-Tech"", ""userName_s"": ""Shane Linden"", ""refNum_s"": """"",TRUE,
"""006e88 AND shipLocation_s:14810 AND businessUnit_s:Accu-Tech"", ""userName_s"": ""324409"", ""refNum_s"": ""613911""",TRUE,
"""BE8YZ54Z6* AND salesLocation_s:61082 AND shipLocation_s:16009 AND customerAccount_s:AC0155-8143 AND dcLocation_s:5689 AND businessUnit_s:WESCO"", ""userName_s"": ""James Janak"", ""refNum_s"": """"",FALSE,
"""11 AND shipLocation_s:16011 AND businessUnit_s:Accu-Tech"", ""userName_s"": ""335361"", ""refNum_s"": ""617158""",TRUE,
"""85-366* AND salesLocation_s:62401 AND shipLocation_s:12601 AND customerAccount_s:AC0158-4090 AND businessUnit_s:Accu-Tech"", ""userName_s"": ""Randy Schnepel"", ""refNum_s"": """"",TRUE,
"""superior_essex_cat AND businessUnit_s:Accu-Tech"", ""userName_s"": ""334092"", ""refNum_s"": """"",TRUE,
"""PCUSA-C15 AND shipLocation_s:11305 AND businessUnit_s:Accu-Tech"", ""userName_s"": ""337844"", ""refNum_s"": ""617139""",TRUE,
"""012T8F-31180-29 AND shipLocation_s:11726 AND businessUnit_s:Accu-Tech"", ""userName_s"": ""234661"", ""refNum_s"": ""617134""",TRUE,
"""AX102249* AND salesLocation_s:61961 AND shipLocation_s:16011 AND customerAccount_s:AC0161-0766 AND businessUnit_s:Accu-Tech"", ""userName_s"": ""Marlon Doppe"", ""refNum_s"": """"",TRUE,
"""u6-k06ns* AND salesLocation_s:62747 AND shipLocation_s:11411 AND customerAccount_s:AC0159-6443 AND businessUnit_s:Accu-Tech"", ""userName_s"": ""Shane Linden"", ""refNum_s"": """"",TRUE,
"""K49NX4FS* AND salesLocation_s:62747 AND shipLocation_s:11411 AND customerAccount_s:AC0159-6443 AND businessUnit_s:Accu-Tech"", ""userName_s"": ""Shane Linden"", ""refNum_s"": """"",TRUE,
"""MONO_- AND businessUnit_s:Accu-Tech"", ""userName_s"": ""307091"", ""refNum_s"": ""617203""",TRUE,
"""HC6ASOPBK AND shipLocation_s:12114 AND businessUnit_s:Accu-Tech"", ""userName_s"": ""337344"", ""refNum_s"": ""616233""",TRUE,
"""fp6x88mtg AND shipLocation_s:14509 AND businessUnit_s:Accu-Tech"", ""userName_s"": ""316066"", ""refNum_s"": ""617209""",TRUE,
"""fp6x AND shipLocation_s:14509 AND businessUnit_s:Accu-Tech"", ""userName_s"": ""316066"", ""refNum_s"": ""617209""",TRUE,
"""cj688 AND shipLocation_s:11726 AND businessUnit_s:Accu-Tech"", ""userName_s"": ""331169"", ""refNum_s"": ""617194""",TRUE,
"""BN1500M2 AND businessUnit_s:Accu-Tech"", ""userName_s"": ""307091"", ""refNum_s"": ""617203""",TRUE,
"""CFPE1WHY AND shipLocation_s:11726 AND businessUnit_s:Accu-Tech"", ""userName_s"": ""331169"", ""refNum_s"": ""617194""",TRUE,
"""144eu4 AND businessUnit_s:Accu-Tech"", ""userName_s"": ""228374"", ""refNum_s"": """"",TRUE,
"""BE8YZ645Z* AND salesLocation_s:61082 AND shipLocation_s:16009 AND customerAccount_s:AC0155-8143 AND dcLocation_s:5689 AND businessUnit_s:WESCO"", ""userName_s"": ""James Janak"", ""refNum_s"": """"",FALSE,
"""CFPL2SY* AND salesLocation_s:62473 AND shipLocation_s:13429 AND customerAccount_s:AC0161-0601 AND businessUnit_s:Accu-Tech"", ""userName_s"": ""Patrick Saxe"", ""refNum_s"": """"",TRUE,
"""ZD2R21-3M010 AND shipLocation_s:16041 AND businessUnit_s:Accu-Tech"", ""userName_s"": ""337765"", ""refNum_s"": ""617133""",TRUE,
"""5-1933433-3* AND salesLocation_s:62473 AND shipLocation_s:13429 AND customerAccount_s:AC0160-3883 AND businessUnit_s:Accu-Tech"", ""userName_s"": ""Davis Puckey"", ""refNum_s"": """"",TRUE,
"""EZ-400-NMH-X* AND salesLocation_s:62530 AND shipLocation_s:15642 AND customerAccount_s:AC0158-1663 AND businessUnit_s:Accu-Tech"", ""userName_s"": ""Greg Griffo"", ""refNum_s"": """"",TRUE,
"""6ES71346HB000CA1* AND salesLocation_s:60627 AND shipLocation_s:14507 AND customerAccount_s:AC0016-0547 AND dcLocation_s:7303 AND businessUnit_s:WESCO"", ""userName_s"": ""John Van Vactor"", ""refNum_s"": """"",FALSE,
"""cmbig-x* AND salesLocation_s:61999 AND shipLocation_s:13603 AND customerAccount_s:AC0158-1029 AND businessUnit_s:Accu-Tech"", ""userName_s"": ""Zachary Boyd"", ""refNum_s"": """"",TRUE,
"""3VA51254ED310AA0* AND salesLocation_s:60627 AND shipLocation_s:14507 AND customerAccount_s:AC0016-0547 AND dcLocation_s:7303 AND businessUnit_s:WESCO"", ""userName_s"": ""John Van Vactor"", ""refNum_s"": """"",FALSE,
"""006E88-3 AND shipLocation_s:12114 AND businessUnit_s:Accu-Tech"", ""userName_s"": ""235882"", ""refNum_s"": ""617138""",TRUE,
"""LCC6-38DW-L AND shipLocation_s:12702 AND businessUnit_s:Accu-Tech"", ""userName_s"": ""323615"", ""refNum_s"": ""617152""",TRUE,
"""ccg AND shipLocation_s:12114 AND businessUnit_s:Accu-Tech"", ""userName_s"": ""235882"", ""refNum_s"": ""617138""",TRUE,
"""UC1BBB2-0Lf007 AND shipLocation_s:16023 AND businessUnit_s:Accu-Tech"", ""userName_s"": ""208907"", ""refNum_s"": ""617114""",TRUE,
"""DY-10600-P4W-WHT__$ AND shipLocation_s:11102 AND businessUnit_s:Accu-Tech"", ""userName_s"": ""238320"", ""refNum_s"": ""617181""",TRUE,
"""MM20710-B* AND businessUnit_s:Accu-Tech AND shipLocation_s:15625 AND advancedPartSearch:Y AND businessUnit_s:Accu-Tech"", ""userName_s"": """", ""refNum_s"": ""100012447""",TRUE,
"""a712 AND shipLocation_s:16023 AND businessUnit_s:Accu-Tech"", ""userName_s"": ""326749"", ""refNum_s"": ""617029""",TRUE,
"""8500-05-0002MZ AND shipLocation_s:12702 AND businessUnit_s:Accu-Tech"", ""userName_s"": ""323615"", ""refNum_s"": ""617152""",TRUE,
"""7131100 AND shipLocation_s:11102 AND businessUnit_s:Accu-Tech"", ""userName_s"": ""238320"", ""refNum_s"": ""617181""",TRUE,
"""760128157* AND businessUnit_s:Accu-Tech AND shipLocation_s:12601 AND advancedPartSearch:Y AND businessUnit_s:Accu-Tech"", ""userName_s"": """", ""refNum_s"": ""100012447""",TRUE,
"""IPR100251702* AND businessUnit_s:Accu-Tech AND shipLocation_s:12702 AND advancedPartSearch:Y AND businessUnit_s:Accu-Tech"", ""userName_s"": """", ""refNum_s"": ""100012447""",TRUE,
"""SHD-1408FPW AND shipLocation_s:12114 AND businessUnit_s:Accu-Tech"", ""userName_s"": ""337344"", ""refNum_s"": ""617171""",TRUE,
"""10 AND shipLocation_s:16023 AND businessUnit_s:Accu-Tech"", ""userName_s"": ""208907"", ""refNum_s"": ""617114""",TRUE,
"""COCLL912D2P-105FP AND businessUnit_s:Accu-Tech"", ""userName_s"": ""323615"", ""refNum_s"": """"",TRUE,
"""18-799-46 AND shipLocation_s:15416 AND businessUnit_s:Accu-Tech"", ""userName_s"": ""332907"", ""refNum_s"": ""617173""",TRUE,
"""Quote_for_100pair AND shipLocation_s:15416 AND businessUnit_s:Accu-Tech"", ""userName_s"": ""332907"", ""refNum_s"": ""617173""",TRUE,
"""LM-25-3S-4X300W-LED-1227 AND shipLocation_s:16043 AND businessUnit_s:Accu-Tech"", ""userName_s"": ""325146"", ""refNum_s"": ""617172""",TRUE,
"""1060777at AND businessUnit_s:Accu-Tech"", ""userName_s"": ""334092"", ""refNum_s"": """"",TRUE,
"""5805 foster* AND salesLocation_s:61171 AND shipLocation_s:12402 AND customerAccount_s:AC0001-5961 AND dcLocation_s:7302 AND businessUnit_s:WESCO"", ""userName_s"": ""Aiereona Palmer"", ""refNum_s"": """"",FALSE,
"""tsgb24* AND salesLocation_s:61999 AND shipLocation_s:13603 AND customerAccount_s:AC0163-4756 AND businessUnit_s:Accu-Tech"", ""userName_s"": ""Zachary Boyd"", ""refNum_s"": """"",TRUE,
"""io6* AND businessUnit_s:Accu-Tech AND shipLocation_s:15625 AND advancedPartSearch:Y AND businessUnit_s:Accu-Tech"", ""userName_s"": """", ""refNum_s"": ""100012447""",TRUE,
"""CBX1WH-A* AND salesLocation_s:61998 AND shipLocation_s:13002 AND customerAccount_s:AC0158-3434 AND businessUnit_s:Accu-Tech"", ""userName_s"": ""Ben Silliman"", ""refNum_s"": """"",TRUE,
"""unj600t AND shipLocation_s:12114 AND businessUnit_s:Accu-Tech"", ""userName_s"": ""320729"", ""refNum_s"": ""617125""",TRUE,
"""1880b1-100* AND salesLocation_s:62536 AND shipLocation_s:15609 AND customerAccount_s:AC0159-4123 AND businessUnit_s:Accu-Tech"", ""userName_s"": ""Marco Bocanegra"", ""refNum_s"": """"",TRUE,
"""PXUOR316BBL-UQ* AND businessUnit_s:Accu-Tech AND shipLocation_s:12304 AND advancedPartSearch:Y AND businessUnit_s:Accu-Tech"", ""userName_s"": """", ""refNum_s"": ""100012447""",TRUE,
"""MCTP6I-2-3* AND salesLocation_s:62473 AND shipLocation_s:13429 AND customerAccount_s:AC0158-6073 AND businessUnit_s:Accu-Tech"", ""userName_s"": ""John-Riley Hathcock"", ""refNum_s"": """"",TRUE,
"""T00033552* AND salesLocation_s:62395 AND shipLocation_s:12702 AND customerAccount_s:AC0186-2450 AND businessUnit_s:Accu-Tech"", ""userName_s"": ""Steve Kurtinitis"", ""refNum_s"": """"",TRUE,
"""E4DRS19F, AND shipLocation_s:12114 AND businessUnit_s:Accu-Tech"", ""userName_s"": ""235882"", ""refNum_s"": ""617138""",TRUE,
"""t00002240* AND businessUnit_s:WESCO AND shipLocation_s:15408 AND advancedPartSearch:Y AND businessUnit_s:WESCO"", ""userName_s"": """", ""refNum_s"": ""100012447""",FALSE,
"""CAThp AND businessUnit_s:Accu-Tech"", ""userName_s"": ""334092"", ""refNum_s"": """"",TRUE,
"""43080 AND shipLocation_s:14611 AND businessUnit_s:Accu-Tech"", ""userName_s"": ""303596"", ""refNum_s"": ""617144""",TRUE,
"""41644- AND shipLocation_s:14611 AND businessUnit_s:Accu-Tech"", ""userName_s"": ""303596"", ""refNum_s"": ""617144""",TRUE,
"""OMNI AND shipLocation_s:12304 AND businessUnit_s:Accu-Tech"", ""userName_s"": ""233642"", ""refNum_s"": ""616704""",TRUE,
"""40835-00 AND shipLocation_s:14611 AND businessUnit_s:Accu-Tech"", ""userName_s"": ""303596"", ""refNum_s"": ""617144""",TRUE,
"""4083 AND shipLocation_s:14611 AND businessUnit_s:Accu-Tech"", ""userName_s"": ""303596"", ""refNum_s"": ""617144""",TRUE,
"""40834-00w AND shipLocation_s:14611 AND businessUnit_s:Accu-Tech"", ""userName_s"": ""303596"", ""refNum_s"": ""617144""",TRUE,
"""C1A1ED2017905Y005M* AND salesLocation_s:62746 AND shipLocation_s:15428 AND customerAccount_s:AC0159-0450 AND businessUnit_s:Accu-Tech"", ""userName_s"": ""Nelson Albanesi"", ""refNum_s"": """"",TRUE,
"""69558 AND shipLocation_s:16043 AND businessUnit_s:Accu-Tech"", ""userName_s"": ""237291"", ""refNum_s"": ""617150""",TRUE,
"""S-OP-24-LA-A-3U-BK-SIC-B-CUT_REEL AND shipLocation_s:16041 AND businessUnit_s:Accu-Tech"", ""userName_s"": ""228064"", ""refNum_s"": ""616716""",TRUE,
"""sl12* AND salesLocation_s:62395 AND shipLocation_s:12702 AND customerAccount_s:AC0186-2450 AND businessUnit_s:Accu-Tech"", ""userName_s"": ""Steve Kurtinitis"", ""refNum_s"": """"",TRUE,
"""MX-FP-04-* AND salesLocation_s:62474 AND shipLocation_s:13417 AND customerAccount_s:AC0196-3252 AND businessUnit_s:Accu-Tech"", ""userName_s"": ""Liz Miller"", ""refNum_s"": """"",TRUE,
"""WK-S-2 AND businessUnit_s:Accu-Tech"", ""userName_s"": ""318388"", ""refNum_s"": ""617129""",TRUE,
"""cj32hw* AND salesLocation_s:62744 AND shipLocation_s:15416 AND customerAccount_s:AC0158-4487 AND businessUnit_s:Accu-Tech"", ""userName_s"": ""Chanel Cannon"", ""refNum_s"": """"",TRUE,
"""OC-10B0-003 AND shipLocation_s:11305 AND businessUnit_s:Accu-Tech"", ""userName_s"": ""337844"", ""refNum_s"": ""617139""",TRUE,
"""FHD-FPP5 AND businessUnit_s:Accu-Tech"", ""userName_s"": ""227658"", ""refNum_s"": ""612235""",TRUE,
"""6ES7730-0AB15-0EC0* AND salesLocation_s:60627 AND shipLocation_s:14507 AND customerAccount_s:AC0005-1596 AND dcLocation_s:7303 AND businessUnit_s:WESCO"", ""userName_s"": ""Mark Melton"", ""refNum_s"": """"",FALSE,
"""fhd-2mtp12lc AND businessUnit_s:Accu-Tech"", ""userName_s"": ""227658"", ""refNum_s"": ""612235""",TRUE,
"""75UL3J-B AND shipLocation_s:12908 AND businessUnit_s:Accu-Tech"", ""userName_s"": ""321469"", ""refNum_s"": ""615806""",TRUE,
"""loom* AND businessUnit_s:Accu-Tech AND shipLocation_s:14112 AND advancedPartSearch:Y AND businessUnit_s:Accu-Tech"", ""userName_s"": """", ""refNum_s"": ""100012447""",TRUE,
"""rmb-cass-12c* AND salesLocation_s:62396 AND shipLocation_s:14802 AND customerAccount_s:AC0186-3068 AND businessUnit_s:Accu-Tech"", ""userName_s"": ""Jacob Lunsford"", ""refNum_s"": """"",TRUE,
"""012T88-37180-RD* AND businessUnit_s:Accu-Tech AND shipLocation_s:11726 AND advancedPartSearch:Y AND businessUnit_s:Accu-Tech"", ""userName_s"": """", ""refNum_s"": ""100012447""",TRUE,
"""576-a3 AND shipLocation_s:12304 AND businessUnit_s:Accu-Tech"", ""userName_s"": ""308638"", ""refNum_s"": ""616811""",TRUE,
"""cat32hpba4z34* AND salesLocation_s:62474 AND shipLocation_s:13417 AND customerAccount_s:AC0158-6317 AND businessUnit_s:Accu-Tech"", ""userName_s"": ""Kelly Szymanski"", ""refNum_s"": """"",TRUE,
"""9136100* AND salesLocation_s:62473 AND shipLocation_s:13429 AND customerAccount_s:AC0200-3646 AND businessUnit_s:Accu-Tech"", ""userName_s"": ""Ben Leonard"", ""refNum_s"": """"",TRUE,
"""C-6-UW-43-Ai6* AND businessUnit_s:Accu-Tech AND shipLocation_s:12702 AND advancedPartSearch:Y AND businessUnit_s:Accu-Tech"", ""userName_s"": """", ""refNum_s"": ""100012447""",TRUE,
"""77-240-2B* AND salesLocation_s:62395 AND shipLocation_s:12702 AND customerAccount_s:AC0197-4562 AND businessUnit_s:Accu-Tech"", ""userName_s"": ""Parker Mitchell"", ""refNum_s"": """"",TRUE,
"""006 AND businessUnit_s:Accu-Tech"", ""userName_s"": ""328500"", ""refNum_s"": ""601408""",TRUE,
"""006EU5-T4101D20 AND businessUnit_s:Accu-Tech"", ""userName_s"": ""328500"", ""refNum_s"": ""601408""",TRUE,
"""6339Q8_010U1 AND shipLocation_s:11411 AND businessUnit_s:Accu-Tech"", ""userName_s"": ""334543"", ""refNum_s"": ""607995""",TRUE,
"""6f* AND businessUnit_s:Accu-Tech AND shipLocation_s:11305 AND advancedPartSearch:Y AND businessUnit_s:Accu-Tech"", ""userName_s"": """", ""refNum_s"": ""100012447""",TRUE,
"""foas2fsmlcsc-1m* AND salesLocation_s:62473 AND shipLocation_s:13429 AND customerAccount_s:AC0158-6073 AND businessUnit_s:Accu-Tech"", ""userName_s"": ""John-Riley Hathcock"", ""refNum_s"": """"",TRUE,
"""mctp6 AND shipLocation_s:12304 AND businessUnit_s:Accu-Tech"", ""userName_s"": ""308638"", ""refNum_s"": ""616811""",TRUE,
"""5k-0601-5* AND salesLocation_s:62474 AND shipLocation_s:13417 AND customerAccount_s:AC0196-3252 AND businessUnit_s:Accu-Tech"", ""userName_s"": ""Liz Miller"", ""refNum_s"": """"",TRUE,
"""pdpk12b048 AND shipLocation_s:12304 AND businessUnit_s:Accu-Tech"", ""userName_s"": ""208904"", ""refNum_s"": ""617119""",TRUE,
"""pdp AND shipLocation_s:12304 AND businessUnit_s:Accu-Tech"", ""userName_s"": ""208904"", ""refNum_s"": ""617119""",TRUE,
"""555 AND shipLocation_s:11726 AND businessUnit_s:Accu-Tech"", ""userName_s"": ""331169"", ""refNum_s"": ""617117""",TRUE,
"""12050-712* AND salesLocation_s:62474 AND shipLocation_s:13417 AND customerAccount_s:AC0196-3252 AND businessUnit_s:Accu-Tech"", ""userName_s"": ""Liz Miller"", ""refNum_s"": """"",TRUE,
"""*:* AND transPartOrFilter:(transactablePart_s:1037188AT) AND salesLocation_s:62533 AND shipLocation_s:11102 AND customerAccount_s:AC0158-4915 AND businessUnit_s:Accu-Tech"", ""userName_s"": ""Jarred Henderson"", ""refNum_s"": ""100086616""",TRUE,
"""unc6-bl-15f* AND salesLocation_s:61960 AND shipLocation_s:16043 AND customerAccount_s:AC0159-2475 AND businessUnit_s:Accu-Tech"", ""userName_s"": ""Alton Balentine"", ""refNum_s"": """"",TRUE,
"""31090* AND salesLocation_s:62395 AND shipLocation_s:12702 AND customerAccount_s:AC0160-8806 AND businessUnit_s:Accu-Tech"", ""userName_s"": ""Amanda Wyckoff"", ""refNum_s"": """"",TRUE,
"""760178129* AND businessUnit_s:Accu-Tech AND shipLocation_s:13429 AND advancedPartSearch:Y AND businessUnit_s:Accu-Tech"", ""userName_s"": """", ""refNum_s"": ""100012447""",TRUE,
"""6302UE 004U1000* AND salesLocation_s:62395 AND shipLocation_s:12702 AND customerAccount_s:AC0197-4562 AND businessUnit_s:Accu-Tech"", ""userName_s"": ""Parker Mitchell"", ""refNum_s"": """"",TRUE,
"""47615-PTT* AND salesLocation_s:62680 AND shipLocation_s:14205 AND customerAccount_s:AC0158-0537 AND businessUnit_s:Accu-Tech"", ""userName_s"": ""Sean Stazen"", ""refNum_s"": """"",TRUE,
"""L4048N401 AND businessUnit_s:Accu-Tech"", ""userName_s"": ""208904"", ""refNum_s"": """"",TRUE,
"""10250* AND businessUnit_s:Accu-Tech AND shipLocation_s:12702 AND advancedPartSearch:Y AND businessUnit_s:Accu-Tech"", ""userName_s"": """", ""refNum_s"": ""100012447""",TRUE,
"""ksb10* AND businessUnit_s:Accu-Tech AND shipLocation_s:16011 AND advancedPartSearch:Y AND businessUnit_s:Accu-Tech"", ""userName_s"": """", ""refNum_s"": ""100012447""",TRUE,
"""PDPK12B048AB070 AND businessUnit_s:Accu-Tech"", ""userName_s"": ""208904"", ""refNum_s"": """"",TRUE,
"""6a-272* AND salesLocation_s:62532 AND shipLocation_s:11726 AND customerAccount_s:AC0158-5595 AND businessUnit_s:Accu-Tech"", ""userName_s"": ""Hunter Strickland"", ""refNum_s"": """"",TRUE,
"""cj688tgbl AND shipLocation_s:13603 AND businessUnit_s:Accu-Tech"", ""userName_s"": ""236163"", ""refNum_s"": ""617092""",TRUE,
"""14 AND shipLocation_s:16043 AND businessUnit_s:Accu-Tech"", ""userName_s"": ""227199"", ""refNum_s"": ""604813""",TRUE,
"""s160 AND shipLocation_s:14611 AND businessUnit_s:Accu-Tech"", ""userName_s"": ""303596"", ""refNum_s"": ""617084""",TRUE,
"""5F100-2QL* AND salesLocation_s:62473 AND shipLocation_s:13429 AND customerAccount_s:AC0158-6182 AND businessUnit_s:Accu-Tech"", ""userName_s"": ""Jeremy Prevette"", ""refNum_s"": """"",TRUE,
"""2413_010U AND shipLocation_s:11411 AND businessUnit_s:Accu-Tech"", ""userName_s"": ""334543"", ""refNum_s"": ""607995""",TRUE,
"""cp- AND shipLocation_s:14611 AND businessUnit_s:Accu-Tech"", ""userName_s"": ""307070"", ""refNum_s"": ""617085""",TRUE,
"""cat12hp4z34* AND businessUnit_s:Accu-Tech AND shipLocation_s:12702 AND advancedPartSearch:Y AND businessUnit_s:Accu-Tech"", ""userName_s"": """", ""refNum_s"": ""100012447""",TRUE,
"""cat6_cmp_gr AND shipLocation_s:11102 AND businessUnit_s:Accu-Tech"", ""userName_s"": ""238320"", ""refNum_s"": ""617077""",TRUE,
"""rvaffpuew18-s1* AND salesLocation_s:62395 AND shipLocation_s:12702 AND customerAccount_s:AC0194-7020 AND businessUnit_s:Accu-Tech"", ""userName_s"": ""Steve Kurtinitis"", ""refNum_s"": """"",TRUE,
"""7972A AND businessUnit_s:Accu-Tech"", ""userName_s"": ""339478"", ""refNum_s"": """"",TRUE,
"""kf4a AND shipLocation_s:14611 AND businessUnit_s:Accu-Tech"", ""userName_s"": ""303596"", ""refNum_s"": ""617084""",TRUE,
"""6504_RED_CPK AND businessUnit_s:Accu-Tech"", ""userName_s"": ""328841"", ""refNum_s"": ""615851""",TRUE,
"""UF100T3C4S-LLSN-0100C-STD0-M73009* AND salesLocation_s:60682 AND shipLocation_s:15408 AND customerAccount_s:AC0018-8052 AND dcLocation_s:7305 AND businessUnit_s:WESCO"", ""userName_s"": ""Aidee Gonzalez"", ""refNum_s"": """"",FALSE,
"""6300UE 877U1000* AND salesLocation_s:62473 AND shipLocation_s:13429 AND customerAccount_s:AC0158-6317 AND businessUnit_s:Accu-Tech"", ""userName_s"": ""John-Riley Hathcock"", ""refNum_s"": """"",TRUE,
"""10gxw53* AND businessUnit_s:Accu-Tech AND shipLocation_s:12702 AND advancedPartSearch:Y AND businessUnit_s:Accu-Tech"", ""userName_s"": """", ""refNum_s"": ""100012447""",TRUE,
"""1022222AT* AND salesLocation_s:61962 AND shipLocation_s:16023 AND customerAccount_s:AC0162-7010 AND businessUnit_s:Accu-Tech"", ""userName_s"": ""Lauren Givens"", ""refNum_s"": """"",TRUE,
"""95-050-99X AND shipLocation_s:14611 AND businessUnit_s:Accu-Tech"", ""userName_s"": ""240568"", ""refNum_s"": ""617074""",TRUE,
"""K4500* AND salesLocation_s:60001 AND shipLocation_s:12619 AND customerAccount_s:AC0155-5833 AND dcLocation_s:7302 AND businessUnit_s:WESCO"", ""userName_s"": ""Christopher Stone"", ""refNum_s"": """"",FALSE,
"""2413_005U1 AND shipLocation_s:11411 AND businessUnit_s:Accu-Tech"", ""userName_s"": ""334543"", ""refNum_s"": ""607995""",TRUE,
"""FISX006WD AND shipLocation_s:14611 AND businessUnit_s:Accu-Tech"", ""userName_s"": ""307070"", ""refNum_s"": ""616974""",TRUE,
"""D213-9NETHY* AND salesLocation_s:61138 AND shipLocation_s:11204 AND customerAccount_s:AC0059-8008 AND dcLocation_s:7302 AND businessUnit_s:WESCO"", ""userName_s"": ""Jarod Hart"", ""refNum_s"": """"",FALSE,
"""2413_003U1 AND shipLocation_s:11411 AND businessUnit_s:Accu-Tech"", ""userName_s"": ""334543"", ""refNum_s"": ""607995""",TRUE,
"""2413_003U AND shipLocation_s:11411 AND businessUnit_s:Accu-Tech"", ""userName_s"": ""334543"", ""refNum_s"": ""607995""",TRUE,
"""6504_GREEN_CPK AND businessUnit_s:Accu-Tech"", ""userName_s"": ""328841"", ""refNum_s"": ""615851""",TRUE,
"""4.3/10F-NEX10M_3FT AND shipLocation_s:11305 AND businessUnit_s:Accu-Tech"", ""userName_s"": ""337844"", ""refNum_s"": ""617062""",TRUE,
"""69587-U48 AND shipLocation_s:15416 AND businessUnit_s:Accu-Tech"", ""userName_s"": ""328811"", ""refNum_s"": ""601768""",TRUE,
"""024t* AND salesLocation_s:61997 AND shipLocation_s:12114 AND customerAccount_s:AC0158-0346 AND businessUnit_s:Accu-Tech"", ""userName_s"": ""Ignacio Torres"", ""refNum_s"": """"",TRUE,
"""2413 AND shipLocation_s:16023 AND businessUnit_s:Accu-Tech"", ""userName_s"": ""326749"", ""refNum_s"": ""617029""",TRUE,
"""PVC 1-IN-FEMALE-ADPT* AND salesLocation_s:61082 AND shipLocation_s:16009 AND customerAccount_s:AC0009-6102 AND dcLocation_s:5689 AND businessUnit_s:WESCO"", ""userName_s"": ""Nate Archer"", ""refNum_s"": """"",FALSE,
"""50352* AND salesLocation_s:62532 AND shipLocation_s:11726 AND customerAccount_s:AC0158-5593 AND businessUnit_s:Accu-Tech"", ""userName_s"": ""John Croucher"", ""refNum_s"": """"",TRUE,
"""CFPE2WY AND shipLocation_s:14205 AND businessUnit_s:Accu-Tech"", ""userName_s"": ""230516"", ""refNum_s"": ""615371""",TRUE,
"""12101-703* AND businessUnit_s:Accu-Tech AND shipLocation_s:15428 AND advancedPartSearch:Y AND businessUnit_s:Accu-Tech"", ""userName_s"": """", ""refNum_s"": ""100012447""",TRUE,
"""*:* AND transPartOrFilter:(transactablePart_s:BEYY2227Y OR transactablePart_s:BEYY223YY) AND salesLocation_s:60682 AND shipLocation_s:15408 AND dcLocation_s:7305 AND customerAccount_s:AC0012-0957 AND businessUnit_s:WESCO"", ""userName_s"": ""Roberto Gonzalez"", ""refNum_s"": ""QU100031418""",FALSE,
"""11790-718* AND businessUnit_s:Accu-Tech AND shipLocation_s:11411 AND advancedPartSearch:Y AND businessUnit_s:Accu-Tech"", ""userName_s"": """", ""refNum_s"": ""100012447""",TRUE,
"""EZD22 AND shipLocation_s:14205 AND businessUnit_s:Accu-Tech"", ""userName_s"": ""222691"", ""refNum_s"": ""617036""",TRUE,
"""EZD AND shipLocation_s:14205 AND businessUnit_s:Accu-Tech"", ""userName_s"": ""222691"", ""refNum_s"": ""617036""",TRUE,
"""22475/3020121* AND salesLocation_s:60001 AND shipLocation_s:12619 AND customerAccount_s:AC0155-5833 AND dcLocation_s:7302 AND businessUnit_s:WESCO"", ""userName_s"": ""Christopher Stone"", ""refNum_s"": """"",FALSE,
"""2097883 AND businessUnit_s:Accu-Tech"", ""userName_s"": ""208739"", ""refNum_s"": ""616961""",TRUE,
"""11301+701* AND salesLocation_s:61960 AND shipLocation_s:16043 AND customerAccount_s:AC0159-2475 AND businessUnit_s:Accu-Tech"", ""userName_s"": ""Alton Balentine"", ""refNum_s"": """"",TRUE,
"""MSY--00002-02* AND businessUnit_s:Accu-Tech AND shipLocation_s:15428 AND advancedPartSearch:Y AND businessUnit_s:Accu-Tech"", ""userName_s"": """", ""refNum_s"": ""100012447""",TRUE,
"""wmpf1e* AND salesLocation_s:62395 AND shipLocation_s:12702 AND customerAccount_s:AC0194-7020 AND businessUnit_s:Accu-Tech"", ""userName_s"": ""Steve Kurtinitis"", ""refNum_s"": """"",TRUE,
"""45-417* AND salesLocation_s:69609 AND shipLocation_s:12702 AND customerAccount_s:AC0162-8026 AND businessUnit_s:Accu-Tech"", ""userName_s"": ""Matthew Zito"", ""refNum_s"": """"",TRUE,
"""38 SPECIAL SAFETY GLASSES CLEAR* AND salesLocation_s:60001 AND shipLocation_s:12619 AND customerAccount_s:AC0155-5833 AND dcLocation_s:7302 AND businessUnit_s:WESCO"", ""userName_s"": ""Christopher Stone"", ""refNum_s"": """"",FALSE,
"""phd66u48* AND salesLocation_s:62395 AND shipLocation_s:12702 AND customerAccount_s:AC0194-7020 AND businessUnit_s:Accu-Tech"", ""userName_s"": ""Steve Kurtinitis"", ""refNum_s"": """"",TRUE,
"""PNL-2RU-24KJBLANK* AND salesLocation_s:62533 AND shipLocation_s:11102 AND customerAccount_s:AC0159-3220 AND businessUnit_s:Accu-Tech"", ""userName_s"": ""Jarred Henderson"", ""refNum_s"": """"",TRUE,
"""940X170* AND salesLocation_s:69609 AND shipLocation_s:12702 AND customerAccount_s:AC0162-8026 AND businessUnit_s:Accu-Tech"", ""userName_s"": ""Matthew Zito"", ""refNum_s"": """"",TRUE,
"""40300270 AND shipLocation_s:12304 AND businessUnit_s:Accu-Tech"", ""userName_s"": ""308638"", ""refNum_s"": ""617030""",TRUE,
"""r2p* AND salesLocation_s:61997 AND shipLocation_s:12114 AND customerAccount_s:AC0162-3063 AND businessUnit_s:Accu-Tech"", ""userName_s"": ""Kyle Murray"", ""refNum_s"": """"",TRUE,
"""6501UE_877U1000 AND shipLocation_s:14205 AND businessUnit_s:Accu-Tech"", ""userName_s"": ""222691"", ""refNum_s"": ""617036""",TRUE,
"""SD1-1RU* AND salesLocation_s:62533 AND shipLocation_s:11102 AND customerAccount_s:AC0159-3220 AND businessUnit_s:Accu-Tech"", ""userName_s"": ""Jarred Henderson"", ""refNum_s"": """"",TRUE,
"""uc1bbb2-06f001* AND salesLocation_s:61960 AND shipLocation_s:16043 AND customerAccount_s:AC0159-2475 AND businessUnit_s:Accu-Tech"", ""userName_s"": ""Alton Balentine"", ""refNum_s"": """"",TRUE,
"""MGS400-266 AND shipLocation_s:14205 AND businessUnit_s:Accu-Tech"", ""userName_s"": ""222691"", ""refNum_s"": ""617036""",TRUE,
"""10250-712 AND shipLocation_s:14611 AND businessUnit_s:Accu-Tech"", ""userName_s"": ""303596"", ""refNum_s"": ""617016""",TRUE,
"""725116BK1S* AND salesLocation_s:62532 AND shipLocation_s:11726 AND customerAccount_s:AC0158-5595 AND businessUnit_s:Accu-Tech"", ""userName_s"": ""Hunter Strickland"", ""refNum_s"": """"",TRUE,
"""uc1bbb2-06f001* AND salesLocation_s:61960 AND shipLocation_s:16043 AND customerAccount_s:AC0159-2475 AND businessUnit_s:Accu-Tech"", ""userName_s"": ""Alton Balentine"", ""refNum_s"": """"",TRUE,
"""RV6PPF1U48BK AND shipLocation_s:14611 AND businessUnit_s:Accu-Tech"", ""userName_s"": ""307070"", ""refNum_s"": ""616974""",TRUE,
"""SFP-10/25G-CSR-S-C AND businessUnit_s:Accu-Tech"", ""userName_s"": ""227658"", ""refNum_s"": ""616930""",TRUE,
"""sph-01 AND shipLocation_s:16023 AND businessUnit_s:Accu-Tech"", ""userName_s"": ""208907"", ""refNum_s"": ""616890""",TRUE,
"""14zzz AND shipLocation_s:16043 AND businessUnit_s:Accu-Tech"", ""userName_s"": ""304249"", ""refNum_s"": ""617026""",TRUE,
"""RV6MJKUBK-S1 AND shipLocation_s:14611 AND businessUnit_s:Accu-Tech"", ""userName_s"": ""307070"", ""refNum_s"": ""616974""",TRUE,
"""uc1bbb2-0zf001* AND salesLocation_s:61960 AND shipLocation_s:16043 AND customerAccount_s:AC0159-2475 AND businessUnit_s:Accu-Tech"", ""userName_s"": ""Alton Balentine"", ""refNum_s"": """"",TRUE,
"""11901 AND businessUnit_s:Accu-Tech"", ""userName_s"": ""235882"", ""refNum_s"": """"",TRUE,
"""11900 AND businessUnit_s:Accu-Tech"", ""userName_s"": ""235882"", ""refNum_s"": """"",TRUE,
"""ICA12-50JPLLR* AND businessUnit_s:Accu-Tech AND shipLocation_s:15625 AND advancedPartSearch:Y AND businessUnit_s:Accu-Tech"", ""userName_s"": """", ""refNum_s"": ""100012447""",TRUE,
"""18-475-33* AND salesLocation_s:62744 AND shipLocation_s:15416 AND customerAccount_s:AC0158-8055 AND businessUnit_s:Accu-Tech"", ""userName_s"": ""Tony Thompson"", ""refNum_s"": """"",TRUE,
"""D6UR_006U1000 AND shipLocation_s:16011 AND businessUnit_s:Accu-Tech"", ""userName_s"": ""322620"", ""refNum_s"": ""611704""",TRUE,
"""rgs134-1y AND shipLocation_s:13603 AND businessUnit_s:Accu-Tech"", ""userName_s"": ""236163"", ""refNum_s"": ""616931""",TRUE,
"""rgs AND shipLocation_s:13603 AND businessUnit_s:Accu-Tech"", ""userName_s"": ""236163"", ""refNum_s"": ""616931""",TRUE,
"""cat12 AND shipLocation_s:14611 AND businessUnit_s:Accu-Tech"", ""userName_s"": ""307070"", ""refNum_s"": ""616974""",TRUE,
"""pur6c* AND salesLocation_s:61997 AND shipLocation_s:12114 AND customerAccount_s:AC0158-0320 AND businessUnit_s:Accu-Tech"", ""userName_s"": ""Melisha Savage"", ""refNum_s"": """"",TRUE,
"""cat32h AND shipLocation_s:14611 AND businessUnit_s:Accu-Tech"", ""userName_s"": ""307070"", ""refNum_s"": ""616974""",TRUE,
"""utp AND shipLocation_s:13603 AND businessUnit_s:Accu-Tech"", ""userName_s"": ""236163"", ""refNum_s"": ""616931""",TRUE,
"""78621080512* AND salesLocation_s:60682 AND shipLocation_s:15408 AND customerAccount_s:AC0054-1654 AND dcLocation_s:7305 AND businessUnit_s:WESCO"", ""userName_s"": ""Nicholas Garets"", ""refNum_s"": """"",FALSE,
"""lcs-sm AND shipLocation_s:15009 AND businessUnit_s:Accu-Tech"", ""userName_s"": ""231421"", ""refNum_s"": ""617012""",TRUE,
"""6302ue* AND businessUnit_s:Accu-Tech AND shipLocation_s:15642 AND advancedPartSearch:Y AND businessUnit_s:Accu-Tech"", ""userName_s"": """", ""refNum_s"": ""100012447""",TRUE,
"""760207274 AND shipLocation_s:15819 AND businessUnit_s:Accu-Tech"", ""userName_s"": ""237306"", ""refNum_s"": ""616964""",TRUE,
"""AX105352-EW AND shipLocation_s:14611 AND businessUnit_s:Accu-Tech"", ""userName_s"": ""303596"", ""refNum_s"": ""616999""",TRUE,
"""106650898* AND salesLocation_s:61997 AND shipLocation_s:12114 AND customerAccount_s:AC0158-0346 AND businessUnit_s:Accu-Tech"", ""userName_s"": ""Ignacio Torres"", ""refNum_s"": """"",TRUE,
"""76 AND businessUnit_s:Accu-Tech"", ""userName_s"": ""211557"", ""refNum_s"": """"",TRUE,
"""ax101321 AND shipLocation_s:14611 AND businessUnit_s:Accu-Tech"", ""userName_s"": ""303596"", ""refNum_s"": ""616999""",TRUE,
"""6502UE* AND salesLocation_s:62473 AND shipLocation_s:13429 AND customerAccount_s:AC0158-6202 AND businessUnit_s:Accu-Tech"", ""userName_s"": ""Jeremy Prevette"", ""refNum_s"": """"",TRUE,
"""241201 AND shipLocation_s:14611 AND businessUnit_s:Accu-Tech"", ""userName_s"": ""303596"", ""refNum_s"": ""616999""",TRUE,
"""108258427 AND shipLocation_s:12114 AND businessUnit_s:Accu-Tech"", ""userName_s"": ""320729"", ""refNum_s"": ""616896""",TRUE,
"""400-90141 AND shipLocation_s:12908 AND businessUnit_s:Accu-Tech"", ""userName_s"": ""321469"", ""refNum_s"": ""616997""",TRUE,
"""259814* AND salesLocation_s:60682 AND shipLocation_s:15408 AND customerAccount_s:AC0045-0214 AND dcLocation_s:7305 AND businessUnit_s:WESCO"", ""userName_s"": ""Aidee Gonzalez"", ""refNum_s"": """"",FALSE,
"""VC9101 AND shipLocation_s:12908 AND businessUnit_s:Accu-Tech"", ""userName_s"": ""321469"", ""refNum_s"": ""616997""",TRUE,
"""286A56622P1* AND salesLocation_s:60682 AND shipLocation_s:15408 AND customerAccount_s:AC0045-0214 AND dcLocation_s:7305 AND businessUnit_s:WESCO"", ""userName_s"": ""Aidee Gonzalez"", ""refNum_s"": """"",FALSE,
"""40162-901* AND salesLocation_s:61960 AND shipLocation_s:16043 AND customerAccount_s:AC0159-2475 AND businessUnit_s:Accu-Tech"", ""userName_s"": ""Alton Balentine"", ""refNum_s"": """"",TRUE,
"""CAT64HP* AND salesLocation_s:62395 AND shipLocation_s:12702 AND customerAccount_s:AC0158-2231 AND businessUnit_s:Accu-Tech"", ""userName_s"": ""Amanda Wyckoff"", ""refNum_s"": """"",TRUE,
"""*:* AND transPartOrFilter:(transactablePart_s:1025695AT OR transactablePart_s:1025705AT) AND salesLocation_s:62530 AND shipLocation_s:15642 AND customerAccount_s:AC0158-4229 AND businessUnit_s:Accu-Tech"", ""userName_s"": ""Greg Griffo"", ""refNum_s"": ""QU100031341""",TRUE,
"""700206709* AND salesLocation_s:62473 AND shipLocation_s:13429 AND customerAccount_s:AC0158-6202 AND businessUnit_s:Accu-Tech"", ""userName_s"": ""Jeremy Prevette"", ""refNum_s"": """"",TRUE,
"""FHRMTB864S6L104 AND shipLocation_s:11305 AND businessUnit_s:Accu-Tech"", ""userName_s"": ""337844"", ""refNum_s"": ""616982""",TRUE,
"""41086-MLW AND businessUnit_s:Accu-Tech"", ""userName_s"": ""328947"", ""refNum_s"": ""616983""",TRUE,
"""IPR125251702* AND salesLocation_s:62682 AND shipLocation_s:15819 AND customerAccount_s:AC0159-2470 AND businessUnit_s:Accu-Tech"", ""userName_s"": ""Brandon Apple"", ""refNum_s"": """"",TRUE,
"""CFPSL6WHY* AND businessUnit_s:Accu-Tech AND shipLocation_s:12304 AND advancedPartSearch:Y AND businessUnit_s:Accu-Tech"", ""userName_s"": """", ""refNum_s"": ""100012447""",TRUE,
"""EWP188PRC AND shipLocation_s:13429 AND businessUnit_s:Accu-Tech"", ""userName_s"": ""209855"", ""refNum_s"": ""615511""",TRUE,
"""DCS378B* AND salesLocation_s:69609 AND shipLocation_s:12702 AND customerAccount_s:AC0162-8026 AND businessUnit_s:Accu-Tech"", ""userName_s"": ""Matthew Zito"", ""refNum_s"": """"",TRUE,
"""44012NG01* AND salesLocation_s:62395 AND shipLocation_s:12702 AND customerAccount_s:AC0158-1821 AND businessUnit_s:Accu-Tech"", ""userName_s"": ""Melissa Saul"", ""refNum_s"": """"",TRUE,
"""SMT2200RMUS AND shipLocation_s:12908 AND businessUnit_s:Accu-Tech"", ""userName_s"": ""233430"", ""refNum_s"": ""616981""",TRUE,
"""fasl300 AND shipLocation_s:12304 AND businessUnit_s:Accu-Tech"", ""userName_s"": ""233642"", ""refNum_s"": ""616977""",TRUE,
"""576A-RD15-6IN AND shipLocation_s:15428 AND businessUnit_s:Accu-Tech"", ""userName_s"": ""337277"", ""refNum_s"": ""616940""",TRUE,
"""760107219* AND salesLocation_s:62473 AND shipLocation_s:13429 AND customerAccount_s:AC0158-6202 AND businessUnit_s:Accu-Tech"", ""userName_s"": ""Jeremy Prevette"", ""refNum_s"": """"",TRUE,
"""66353-703* AND salesLocation_s:62396 AND shipLocation_s:14802 AND customerAccount_s:AC0158-2313 AND businessUnit_s:Accu-Tech"", ""userName_s"": ""Jacob Lunsford"", ""refNum_s"": """"",TRUE,
"""GROUND* AND salesLocation_s:62395 AND shipLocation_s:12702 AND customerAccount_s:AC0158-2231 AND businessUnit_s:Accu-Tech"", ""userName_s"": ""Amanda Wyckoff"", ""refNum_s"": """"",TRUE,
"""288EV4-14100D53 AND businessUnit_s:Accu-Tech"", ""userName_s"": ""328947"", ""refNum_s"": ""616957""",TRUE,
"""CO199K2-0ZF015 AND shipLocation_s:12114 AND businessUnit_s:Accu-Tech"", ""userName_s"": ""320729"", ""refNum_s"": ""616896""",TRUE,
"""77- AND businessUnit_s:Accu-Tech"", ""userName_s"": ""208904"", ""refNum_s"": """"",TRUE,
"""9C6P4-E3-02-RXA AND shipLocation_s:13429 AND businessUnit_s:Accu-Tech"", ""userName_s"": ""324609"", ""refNum_s"": ""616814""",TRUE,
"""5k-1060* AND businessUnit_s:Accu-Tech AND shipLocation_s:12702 AND advancedPartSearch:Y AND businessUnit_s:Accu-Tech"", ""userName_s"": """", ""refNum_s"": ""100012447""",TRUE,
"""GRP0270400 AND shipLocation_s:15812 AND businessUnit_s:Accu-Tech"", ""userName_s"": ""321886"", ""refNum_s"": ""616958""",TRUE,
"""4304FE* AND salesLocation_s:62745 AND shipLocation_s:15009 AND customerAccount_s:AC0158-8178 AND businessUnit_s:Accu-Tech"", ""userName_s"": ""Kyle Celli"", ""refNum_s"": """"",TRUE,
"""KSFP2-88 AND shipLocation_s:15428 AND businessUnit_s:Accu-Tech"", ""userName_s"": ""337277"", ""refNum_s"": ""616940""",TRUE,
"""PCC6B-BK-6* AND salesLocation_s:62395 AND shipLocation_s:12702 AND customerAccount_s:AC0158-3148 AND businessUnit_s:Accu-Tech"", ""userName_s"": ""Melissa Saul"", ""refNum_s"": """"",TRUE,
"""ATR1/4X120* AND salesLocation_s:62745 AND shipLocation_s:15009 AND customerAccount_s:AC0186-3068 AND businessUnit_s:Accu-Tech"", ""userName_s"": ""James Chappell"", ""refNum_s"": """"",TRUE,
"""NG216YB/9* AND businessUnit_s:WESCO AND shipLocation_s:11204 AND advancedPartSearch:Y AND businessUnit_s:WESCO"", ""userName_s"": """", ""refNum_s"": ""100012447""",FALSE,
"""55053-7 AND businessUnit_s:Accu-Tech"", ""userName_s"": ""228440"", ""refNum_s"": """"",TRUE,
"""50182 AND businessUnit_s:Accu-Tech"", ""userName_s"": ""228440"", ""refNum_s"": """"",TRUE,
"""sph-01p* AND salesLocation_s:62399 AND shipLocation_s:15812 AND customerAccount_s:AC0158-4571 AND businessUnit_s:Accu-Tech"", ""userName_s"": ""Patrick Sweeney"", ""refNum_s"": """"",TRUE,
"""Commissioning_Daily AND shipLocation_s:16043 AND businessUnit_s:Accu-Tech"", ""userName_s"": ""304249"", ""refNum_s"": ""616915""",TRUE,
"""AX104596* AND salesLocation_s:62395 AND shipLocation_s:12702 AND customerAccount_s:AC0158-1821 AND businessUnit_s:Accu-Tech"", ""userName_s"": ""Melissa Saul"", ""refNum_s"": """"",TRUE,
"""8006671 AND shipLocation_s:16043 AND businessUnit_s:Accu-Tech"", ""userName_s"": ""227199"", ""refNum_s"": ""615333""",TRUE,
"""Commissioning AND shipLocation_s:16043 AND businessUnit_s:Accu-Tech"", ""userName_s"": ""304249"", ""refNum_s"": ""616915""",TRUE,
"""980042- AND shipLocation_s:16043 AND businessUnit_s:Accu-Tech"", ""userName_s"": ""304249"", ""refNum_s"": ""616915""",TRUE,
"""98004 AND shipLocation_s:16043 AND businessUnit_s:Accu-Tech"", ""userName_s"": ""304249"", ""refNum_s"": ""616915""",TRUE,
"""7844 AND shipLocation_s:16023 AND businessUnit_s:Accu-Tech"", ""userName_s"": ""339483"", ""refNum_s"": ""616153""",TRUE,
"""78445 AND shipLocation_s:16023 AND businessUnit_s:Accu-Tech"", ""userName_s"": ""339483"", ""refNum_s"": ""616153""",TRUE,
"""KT2J6A-45 AND shipLocation_s:15428 AND businessUnit_s:Accu-Tech"", ""userName_s"": ""337277"", ""refNum_s"": ""616940""",TRUE,
"""52650* AND salesLocation_s:61171 AND shipLocation_s:12402 AND customerAccount_s:AC0001-5961 AND dcLocation_s:7302 AND businessUnit_s:WESCO"", ""userName_s"": ""Aiereona Palmer"", ""refNum_s"": """"",FALSE,
"""2091b* AND salesLocation_s:61997 AND shipLocation_s:12114 AND customerAccount_s:AC0158-0346 AND businessUnit_s:Accu-Tech"", ""userName_s"": ""Ignacio Torres"", ""refNum_s"": """"",TRUE,
"""OCR-DN01444P159-0800F* AND salesLocation_s:62401 AND shipLocation_s:12601 AND customerAccount_s:AC0158-4085 AND businessUnit_s:Accu-Tech"", ""userName_s"": ""Kyle Edwards"", ""refNum_s"": """"",TRUE,
"""fcc AND shipLocation_s:12114 AND businessUnit_s:Accu-Tech"", ""userName_s"": ""337344"", ""refNum_s"": ""616922""",TRUE,
"""w502-0069 AND shipLocation_s:16043 AND businessUnit_s:Accu-Tech"", ""userName_s"": ""304249"", ""refNum_s"": ""616915""",TRUE,
"""w502-00 AND shipLocation_s:16043 AND businessUnit_s:Accu-Tech"", ""userName_s"": ""304249"", ""refNum_s"": ""616915""",TRUE,
"""w502- AND shipLocation_s:16043 AND businessUnit_s:Accu-Tech"", ""userName_s"": ""304249"", ""refNum_s"": ""616915""",TRUE,
"""NKFP48Y* AND salesLocation_s:62474 AND shipLocation_s:13417 AND customerAccount_s:AC0186-3068 AND businessUnit_s:Accu-Tech"", ""userName_s"": ""Dennis Stafford"", ""refNum_s"": """"",TRUE,
"""970014-10 AND shipLocation_s:16043 AND businessUnit_s:Accu-Tech"", ""userName_s"": ""304249"", ""refNum_s"": ""616915""",TRUE,
"""4330* AND businessUnit_s:Accu-Tech AND shipLocation_s:16043 AND advancedPartSearch:Y AND businessUnit_s:Accu-Tech"", ""userName_s"": """", ""refNum_s"": ""100012447""",TRUE,
"""60400199* AND salesLocation_s:62474 AND shipLocation_s:13417 AND customerAccount_s:AC0158-6317 AND businessUnit_s:Accu-Tech"", ""userName_s"": ""Kelly Szymanski"", ""refNum_s"": """"",TRUE,
"""GLS9DAP003M* AND salesLocation_s:62396 AND shipLocation_s:14802 AND customerAccount_s:AC0158-2467 AND businessUnit_s:Accu-Tech"", ""userName_s"": ""Andrew Holman"", ""refNum_s"": """"",TRUE,
"""m14c AND shipLocation_s:12114 AND businessUnit_s:Accu-Tech"", ""userName_s"": ""320729"", ""refNum_s"": ""616896""",TRUE,
"""25DTP-4 AND businessUnit_s:Accu-Tech"", ""userName_s"": ""334092"", ""refNum_s"": """"",TRUE,
"""25dtp AND businessUnit_s:Accu-Tech"", ""userName_s"": ""334092"", ""refNum_s"": """"",TRUE,
"""11790-725* AND salesLocation_s:62530 AND shipLocation_s:15642 AND customerAccount_s:AC0186-3068 AND businessUnit_s:Accu-Tech"", ""userName_s"": ""Matt Duncan"", ""refNum_s"": """"",TRUE,
"""hc6 AND shipLocation_s:14205 AND businessUnit_s:Accu-Tech"", ""userName_s"": ""222691"", ""refNum_s"": ""591637""",TRUE,
"""55964-001* AND salesLocation_s:60001 AND shipLocation_s:12619 AND customerAccount_s:AC0155-5833 AND dcLocation_s:7302 AND businessUnit_s:WESCO"", ""userName_s"": ""Christopher Stone"", ""refNum_s"": """"",FALSE,
"""280-681* AND salesLocation_s:60181 AND shipLocation_s:12004 AND customerAccount_s:AC0067-4454 AND businessUnit_s:WESCO"", ""userName_s"": ""Mike Larkin"", ""refNum_s"": """"",FALSE,
"""CCH-CP06-A9* AND salesLocation_s:62747 AND shipLocation_s:11411 AND customerAccount_s:AC0159-1043 AND businessUnit_s:Accu-Tech"", ""userName_s"": ""Thomas Cousins"", ""refNum_s"": """"",TRUE,
"""1890ect AND shipLocation_s:12114 AND businessUnit_s:Accu-Tech"", ""userName_s"": ""320729"", ""refNum_s"": ""616896""",TRUE,
"""*:* AND transPartOrFilter:(transactablePart_s:1012264AT) AND salesLocation_s:62530 AND shipLocation_s:15642 AND customerAccount_s:AC0158-2202 AND businessUnit_s:Accu-Tech"", ""userName_s"": ""Matt Duncan"", ""refNum_s"": ""100084952""",TRUE,
"""pdu122 AND shipLocation_s:14205 AND businessUnit_s:Accu-Tech"", ""userName_s"": ""222691"", ""refNum_s"": ""591637""",TRUE,
"""61110-RB6* AND salesLocation_s:62395 AND shipLocation_s:12702 AND customerAccount_s:AC0162-6080 AND businessUnit_s:Accu-Tech"", ""userName_s"": ""Malcolm Verdi"", ""refNum_s"": """"",TRUE,
"""4A-0203* AND salesLocation_s:60181 AND shipLocation_s:12004 AND customerAccount_s:AC0067-4454 AND businessUnit_s:WESCO"", ""userName_s"": ""Mike Larkin"", ""refNum_s"": """"",FALSE,
"""61110-RE6* AND salesLocation_s:62395 AND shipLocation_s:12702 AND customerAccount_s:AC0162-6080 AND businessUnit_s:Accu-Tech"", ""userName_s"": ""Malcolm Verdi"", ""refNum_s"": """"",TRUE,
"""*:* AND transPartOrFilter:(transactablePart_s:B6TK82A23 OR transactablePart_s:FNN8K2A23) AND salesLocation_s:61171 AND shipLocation_s:12402 AND dcLocation_s:7302 AND customerAccount_s:AC0001-5961 AND businessUnit_s:WESCO"", ""userName_s"": ""Aiereona Palmer"", ""refNum_s"": ""QU100028170""",FALSE,
"""369305-000* AND salesLocation_s:61962 AND shipLocation_s:16023 AND customerAccount_s:AC0186-3068 AND businessUnit_s:Accu-Tech"", ""userName_s"": ""Jennie Robinson"", ""refNum_s"": """"",TRUE,
"""90568* AND salesLocation_s:60001 AND shipLocation_s:12619 AND customerAccount_s:AC0001-4164 AND dcLocation_s:7302 AND businessUnit_s:WESCO"", ""userName_s"": ""John Allgaier"", ""refNum_s"": """"",FALSE,
"""90568* AND salesLocation_s:60001 AND shipLocation_s:12619 AND customerAccount_s:AC0001-4164 AND dcLocation_s:7302 AND businessUnit_s:WESCO"", ""userName_s"": ""John Allgaier"", ""refNum_s"": """"",FALSE,
"""ecn5552cak* AND salesLocation_s:66708 AND shipLocation_s:12008 AND customerAccount_s:AC0041-9619 AND dcLocation_s:7305 AND businessUnit_s:WESCO"", ""userName_s"": ""Doug Lindsay"", ""refNum_s"": """"",FALSE,
"""TYD1X4NPG6* AND salesLocation_s:60682 AND shipLocation_s:15408 AND customerAccount_s:AC0045-0214 AND dcLocation_s:7305 AND businessUnit_s:WESCO"", ""userName_s"": ""Aidee Gonzalez"", ""refNum_s"": """"",FALSE,
"""2646-20* AND salesLocation_s:61171 AND shipLocation_s:12402 AND customerAccount_s:AC0155-5833 AND dcLocation_s:7302 AND businessUnit_s:WESCO"", ""userName_s"": ""Mike Albright"", ""refNum_s"": """"",FALSE,
"""cat21hp4z34* AND salesLocation_s:62474 AND shipLocation_s:13417 AND customerAccount_s:AC0158-6321 AND businessUnit_s:Accu-Tech"", ""userName_s"": ""Tyler Ballengee"", ""refNum_s"": """"",TRUE,
"""760248902 AND shipLocation_s:12114 AND businessUnit_s:Accu-Tech"", ""userName_s"": ""320729"", ""refNum_s"": ""616896""",TRUE,
"""wb2-emt-bk AND shipLocation_s:12114 AND businessUnit_s:Accu-Tech"", ""userName_s"": ""320729"", ""refNum_s"": ""616896""",TRUE,
"""*:* AND transPartOrFilter:(transactablePart_s:RFL6P2A23 OR transactablePart_s:UMVG62A23 OR transactablePart_s:MT9HRPAPA OR transactablePart_s:YLPWUK6EF OR transactablePart_s:LUUJKLZAM OR transactablePart_s:SNGFQ6RKD OR transactablePart_s:3SNDWLLG3 OR transactablePart_s:Z2ZBZ9Z4M OR transactablePart_s:NZ9XRYMVQ OR transactablePart_s:Z63XFTT3X OR transactablePart_s:VD7FMEB6E OR transactablePart_s:KV4W2J7N2 OR transactablePart_s:YV22MJGGC OR transactablePart_s:2BA39UD54 OR transactablePart_s:YYTKC2A23 OR transactablePart_s:NQA4U3TXN OR transactablePart_s:WZPD82A23 OR transactablePart_s:CLUQG2A23 OR transactablePart_s:CMKRU4CWU OR transactablePart_s:65DW5HB4A OR transactablePart_s:GY854YB7T OR transactablePart_s:HR5T5FCLP OR transactablePart_s:4ME68FH5L OR transactablePart_s:WYDSL2A23 OR transactablePart_s:FMPEV2A23 OR transactablePart_s:NNV8W2A23 OR transactablePart_s:5XZL23PJM OR transactablePart_s:BRULR2A23 OR transactablePart_s:JQZ7C2A23 OR transactablePart_s:HXXM9Z84E OR transactablePart_s:3FXY53MBC OR transactablePart_s:L5JQK2A23) AND salesLocation_s:60001 AND shipLocation_s:12619 AND dcLocation_s:7302 AND customerAccount_s:AC0012-6948 AND businessUnit_s:WESCO"", ""userName_s"": ""Josephine Trupiano"", ""refNum_s"": ""QU100030352""",FALSE,
"""ss AND shipLocation_s:12908 AND businessUnit_s:Accu-Tech"", ""userName_s"": ""321602"", ""refNum_s"": ""616727""",TRUE,
"""yellow shot AND businessUnit_s:Accu-Tech"", ""userName_s"": ""329125"", ""refNum_s"": """"",TRUE,
"""svc-wpc* AND businessUnit_s:Accu-Tech AND shipLocation_s:16041 AND advancedPartSearch:Y AND businessUnit_s:Accu-Tech"", ""userName_s"": """", ""refNum_s"": ""100012447""",TRUE,
"""ceiling wire AND businessUnit_s:Accu-Tech"", ""userName_s"": ""329125"", ""refNum_s"": """"",TRUE,
"""40159-018* AND salesLocation_s:62746 AND shipLocation_s:15428 AND customerAccount_s:AC0158-7618 AND businessUnit_s:Accu-Tech"", ""userName_s"": ""Robert Bodnar"", ""refNum_s"": """"",TRUE,
"""PTN1.25* AND salesLocation_s:62395 AND shipLocation_s:12702 AND customerAccount_s:AC0186-3068 AND businessUnit_s:Accu-Tech"", ""userName_s"": ""Melissa Saul"", ""refNum_s"": """"",TRUE,
"""4112704/10* AND salesLocation_s:62395 AND shipLocation_s:12702 AND customerAccount_s:AC0158-2231 AND businessUnit_s:Accu-Tech"", ""userName_s"": ""Amanda Wyckoff"", ""refNum_s"": """"",TRUE,
"""440* AND salesLocation_s:61171 AND shipLocation_s:12402 AND customerAccount_s:AC0155-5833 AND dcLocation_s:7302 AND businessUnit_s:WESCO"", ""userName_s"": ""Mike Albright"", ""refNum_s"": """"",FALSE,
"""69586-U48 AND shipLocation_s:15009 AND businessUnit_s:Accu-Tech"", ""userName_s"": ""308831"", ""refNum_s"": ""616820""",TRUE,
"""2-1/2-36RAD-90D* AND salesLocation_s:60001 AND shipLocation_s:12619 AND customerAccount_s:AC0155-5833 AND dcLocation_s:7302 AND businessUnit_s:WESCO"", ""userName_s"": ""Christopher Stone"", ""refNum_s"": """"",FALSE,
"""RTV10W AND shipLocation_s:12908 AND businessUnit_s:Accu-Tech"", ""userName_s"": ""321602"", ""refNum_s"": ""616727""",TRUE,
"""80.063.4029* AND salesLocation_s:60682 AND shipLocation_s:15408 AND customerAccount_s:AC0041-2491 AND dcLocation_s:7305 AND businessUnit_s:WESCO"", ""userName_s"": ""Brian Wortmann"", ""refNum_s"": """"",FALSE,
"""0473460001* AND salesLocation_s:60682 AND shipLocation_s:15408 AND customerAccount_s:AC0041-2491 AND dcLocation_s:7305 AND businessUnit_s:WESCO"", ""userName_s"": ""Brian Wortmann"", ""refNum_s"": """"",FALSE,
"""202022J AND businessUnit_s:Accu-Tech"", ""userName_s"": ""307091"", ""refNum_s"": ""616834""",TRUE,
"""42080-2WP_* AND shipLocation_s:14112 AND businessUnit_s:Accu-Tech"", ""userName_s"": ""319942"", ""refNum_s"": ""616888""",TRUE,
"""4108W-1SP AND shipLocation_s:15009 AND businessUnit_s:Accu-Tech"", ""userName_s"": ""308831"", ""refNum_s"": ""616820""",TRUE,
"""11807-725* AND salesLocation_s:61997 AND shipLocation_s:12114 AND customerAccount_s:AC0158-0361 AND businessUnit_s:Accu-Tech"", ""userName_s"": ""Melisha Savage"", ""refNum_s"": """"",TRUE,
"""12100-712 AND shipLocation_s:14205 AND businessUnit_s:Accu-Tech"", ""userName_s"": ""222691"", ""refNum_s"": ""591637""",TRUE,
"""UCN6â€‘10 AND shipLocation_s:15416 AND businessUnit_s:Accu-Tech"", ""userName_s"": ""328811"", ""refNum_s"": ""615687""",TRUE,
"""grid wire* AND salesLocation_s:62474 AND shipLocation_s:13417 AND customerAccount_s:AC0158-6317 AND businessUnit_s:Accu-Tech"", ""userName_s"": ""JR Luck"", ""refNum_s"": """"",TRUE,
"""100010c* AND salesLocation_s:62395 AND shipLocation_s:12702 AND customerAccount_s:AC0159-0023 AND businessUnit_s:Accu-Tech"", ""userName_s"": ""Steve Kurtinitis"", ""refNum_s"": """"",TRUE,
"""144E88-Y3131-A3 AND businessUnit_s:Accu-Tech"", ""userName_s"": ""228294"", ""refNum_s"": """"",TRUE,
"""OR-KT2J6A-36 AND businessUnit_s:Accu-Tech"", ""userName_s"": ""230516"", ""refNum_s"": """"",TRUE,
"""122883D01* AND salesLocation_s:62531 AND shipLocation_s:15625 AND customerAccount_s:AC0158-3337 AND businessUnit_s:Accu-Tech"", ""userName_s"": ""Jessica Mallard"", ""refNum_s"": """"",TRUE,
"""cpi* AND salesLocation_s:61997 AND shipLocation_s:12114 AND customerAccount_s:AC0158-0346 AND businessUnit_s:Accu-Tech"", ""userName_s"": ""Ignacio Torres"", ""refNum_s"": """"",TRUE,
"""geclb62a* AND salesLocation_s:61997 AND shipLocation_s:12114 AND customerAccount_s:AC0158-0361 AND businessUnit_s:Accu-Tech"", ""userName_s"": ""Melisha Savage"", ""refNum_s"": """"",TRUE,
"""HR175DX39/CP* AND salesLocation_s:60001 AND shipLocation_s:12619 AND customerAccount_s:AC0155-5833 AND dcLocation_s:7302 AND businessUnit_s:WESCO"", ""userName_s"": ""Christopher Stone"", ""refNum_s"": """"",FALSE,
"""s12-50-c AND shipLocation_s:11726 AND businessUnit_s:Accu-Tech"", ""userName_s"": ""331169"", ""refNum_s"": ""616876""",TRUE,
"""cwc6 AND shipLocation_s:16023 AND businessUnit_s:Accu-Tech"", ""userName_s"": ""208907"", ""refNum_s"": ""616871""",TRUE,
"""006ZT8-65Y01MWH AND shipLocation_s:12304 AND businessUnit_s:Accu-Tech"", ""userName_s"": ""308638"", ""refNum_s"": ""616838""",TRUE,
"""cch-cs06-A AND shipLocation_s:12304 AND businessUnit_s:Accu-Tech"", ""userName_s"": ""308638"", ""refNum_s"": ""616838""",TRUE,
"""drs-12* AND salesLocation_s:62530 AND shipLocation_s:15642 AND customerAccount_s:AC0158-2202 AND businessUnit_s:Accu-Tech"", ""userName_s"": ""Matt Duncan"", ""refNum_s"": """"",TRUE,
"""H6a10-05* AND businessUnit_s:Accu-Tech AND shipLocation_s:16011 AND advancedPartSearch:Y AND businessUnit_s:Accu-Tech"", ""userName_s"": """", ""refNum_s"": ""100012447""",TRUE,
"""100+6 AND shipLocation_s:14802 AND businessUnit_s:Accu-Tech"", ""userName_s"": ""208873"", ""refNum_s"": ""616861""",TRUE,
"""wbs1 AND businessUnit_s:Accu-Tech"", ""userName_s"": ""323615"", ""refNum_s"": """"",TRUE,
"""CAT32HPBCB AND shipLocation_s:14112 AND businessUnit_s:Accu-Tech"", ""userName_s"": ""230714"", ""refNum_s"": ""616856""",TRUE,
"""RS1215-RA AND shipLocation_s:15416 AND businessUnit_s:Accu-Tech"", ""userName_s"": ""233831"", ""refNum_s"": ""616347""",TRUE,
"""61ujk-re6* AND salesLocation_s:62473 AND shipLocation_s:13429 AND customerAccount_s:AC0160-6516 AND businessUnit_s:Accu-Tech"", ""userName_s"": ""Jeremy Prevette"", ""refNum_s"": """"",TRUE,
"""6T-272-4B* AND salesLocation_s:62530 AND shipLocation_s:15642 AND customerAccount_s:AC0159-1880 AND businessUnit_s:Accu-Tech"", ""userName_s"": ""Greg Griffo"", ""refNum_s"": """"",TRUE,
"""41084-0Bw AND shipLocation_s:15416 AND businessUnit_s:Accu-Tech"", ""userName_s"": ""233831"", ""refNum_s"": ""616347""",TRUE,
"""mctp6i-9-1* AND salesLocation_s:62533 AND shipLocation_s:11102 AND customerAccount_s:AC0163-4645 AND businessUnit_s:Accu-Tech"", ""userName_s"": ""Jarred Henderson"", ""refNum_s"": """"",TRUE,
"""CBX4IW-AY* AND salesLocation_s:62395 AND shipLocation_s:12702 AND customerAccount_s:AC0162-5224 AND businessUnit_s:Accu-Tech"", ""userName_s"": ""Ryan Thenell"", ""refNum_s"": """"",TRUE,
"""FA244GP-LC/LC-40P-WBO2 AND shipLocation_s:12601 AND businessUnit_s:Accu-Tech"", ""userName_s"": ""219448"", ""refNum_s"": ""616853""",TRUE,
"""CFPL2IWY* AND salesLocation_s:62395 AND shipLocation_s:12702 AND customerAccount_s:AC0162-5224 AND businessUnit_s:Accu-Tech"", ""userName_s"": ""Ryan Thenell"", ""refNum_s"": """"",TRUE,
"""CJ688TGVL* AND salesLocation_s:62395 AND shipLocation_s:12702 AND customerAccount_s:AC0162-5224 AND businessUnit_s:Accu-Tech"", ""userName_s"": ""Ryan Thenell"", ""refNum_s"": """"",TRUE,
"""51-478-68 AND businessUnit_s:Accu-Tech"", ""userName_s"": ""211557"", ""refNum_s"": """"",TRUE,
"""FGS-HLDR-5/8 AND shipLocation_s:15625 AND businessUnit_s:Accu-Tech"", ""userName_s"": ""329187"", ""refNum_s"": ""616835""",TRUE,
"""10506-718* AND salesLocation_s:61997 AND shipLocation_s:12114 AND customerAccount_s:AC0158-0346 AND businessUnit_s:Accu-Tech"", ""userName_s"": ""Ignacio Torres"", ""refNum_s"": """"",TRUE,
"""BCH32-U-2-4* AND salesLocation_s:61997 AND shipLocation_s:12114 AND customerAccount_s:AC0158-0346 AND businessUnit_s:Accu-Tech"", ""userName_s"": ""Ignacio Torres"", ""refNum_s"": """"",TRUE,
"""MP588â€‘C AND shipLocation_s:14611 AND businessUnit_s:Accu-Tech"", ""userName_s"": ""339347"", ""refNum_s"": ""615366""",TRUE,
"""386221 AND shipLocation_s:15009 AND businessUnit_s:Accu-Tech"", ""userName_s"": ""308831"", ""refNum_s"": ""616820""",TRUE,
"""A_little_change.__I_do_not_need_the_3m_jumpers.__Instead,_I_need:_-\tQty_4_-_LC/UPC_to_LC/UPC_Duplex_Single-mode_jumpers_â€“_10m AND shipLocation_s:15812 AND businessUnit_s:Accu-Tech"", ""userName_s"": ""321886"", ""refNum_s"": ""616827""",TRUE,
"""760257313 * AND businessUnit_s:Accu-Tech AND shipLocation_s:14611 AND advancedPartSearch:Y AND businessUnit_s:Accu-Tech"", ""userName_s"": """", ""refNum_s"": ""100012447""",TRUE,
"""2413d15u100 AND businessUnit_s:Accu-Tech"", ""userName_s"": ""208904"", ""refNum_s"": """"",TRUE,
"""B230HDG AND shipLocation_s:15625 AND businessUnit_s:Accu-Tech"", ""userName_s"": ""329187"", ""refNum_s"": ""616828""",TRUE,
"""utp6ax3 AND shipLocation_s:12304 AND businessUnit_s:Accu-Tech"", ""userName_s"": ""308638"", ""refNum_s"": ""616811""",TRUE,
"""PSAHJU48* AND salesLocation_s:62395 AND shipLocation_s:12702 AND customerAccount_s:AC0158-3148 AND businessUnit_s:Accu-Tech"", ""userName_s"": ""Melissa Saul"", ""refNum_s"": """"",TRUE,
"""BCH32-AB AND shipLocation_s:15009 AND businessUnit_s:Accu-Tech"", ""userName_s"": ""308831"", ""refNum_s"": ""616820""",TRUE,
"""ax1000495* AND salesLocation_s:62397 AND shipLocation_s:14810 AND customerAccount_s:AC0197-1580 AND businessUnit_s:Accu-Tech"", ""userName_s"": ""Cody Farrar"", ""refNum_s"": """"",TRUE,
"""CFFPL2WH* AND salesLocation_s:62401 AND shipLocation_s:12601 AND customerAccount_s:AC0159-9763 AND businessUnit_s:Accu-Tech"", ""userName_s"": ""Randy Schnepel"", ""refNum_s"": """"",TRUE,
"""024EUC-T4100D20 AND shipLocation_s:15812 AND businessUnit_s:Accu-Tech"", ""userName_s"": ""321886"", ""refNum_s"": ""616827""",TRUE,
"""11\""* AND businessUnit_s:Accu-Tech AND shipLocation_s:12114 AND advancedPartSearch:Y AND businessUnit_s:Accu-Tech"", ""userName_s"": """", ""refNum_s"": ""100012447""",TRUE,
"""cable tie* AND businessUnit_s:Accu-Tech AND shipLocation_s:12114 AND advancedPartSearch:Y AND businessUnit_s:Accu-Tech"", ""userName_s"": """", ""refNum_s"": ""100012447""",TRUE,
"""cch-cp12-* AND salesLocation_s:62533 AND shipLocation_s:11102 AND customerAccount_s:AC0186-3068 AND businessUnit_s:Accu-Tech"", ""userName_s"": ""Jarred Henderson"", ""refNum_s"": """"",TRUE,
"""3/8 BEAM CLAMP AND businessUnit_s:Accu-Tech"", ""userName_s"": ""313507"", ""refNum_s"": """"",TRUE,
"""HJU6ABK AND shipLocation_s:16043 AND businessUnit_s:Accu-Tech"", ""userName_s"": ""325146"", ""refNum_s"": ""616779""",TRUE,
"""11 AND shipLocation_s:15625 AND businessUnit_s:Accu-Tech"", ""userName_s"": ""307308"", ""refNum_s"": ""616818""",TRUE,
"""CJ6X88TGy-24 AND shipLocation_s:12908 AND businessUnit_s:Accu-Tech"", ""userName_s"": ""321469"", ""refNum_s"": ""614531""",TRUE,
"""16-004* AND salesLocation_s:60001 AND shipLocation_s:12619 AND customerAccount_s:AC0001-4164 AND dcLocation_s:7302 AND businessUnit_s:WESCO"", ""userName_s"": ""John Allgaier"", ""refNum_s"": """"",FALSE,
"""NK4FWH* AND salesLocation_s:62744 AND shipLocation_s:15416 AND customerAccount_s:AC0159-8225 AND businessUnit_s:Accu-Tech"", ""userName_s"": ""Brandon Gauthier"", ""refNum_s"": """"",TRUE,
"""713 AND businessUnit_s:Accu-Tech"", ""userName_s"": ""216112"", ""refNum_s"": """"",TRUE,
"""ut AND shipLocation_s:12304 AND businessUnit_s:Accu-Tech"", ""userName_s"": ""308638"", ""refNum_s"": ""616811""",TRUE,
"""PN-HC6ABK01 AND shipLocation_s:16043 AND businessUnit_s:Accu-Tech"", ""userName_s"": ""325146"", ""refNum_s"": ""616779""",TRUE,
"""ksj-00005-02* AND salesLocation_s:62746 AND shipLocation_s:15428 AND customerAccount_s:AC0161-6850 AND businessUnit_s:Accu-Tech"", ""userName_s"": ""Peter Newman"", ""refNum_s"": """"",TRUE,
"""NKPP24FMY* AND salesLocation_s:62532 AND shipLocation_s:11726 AND customerAccount_s:AC0158-5491 AND businessUnit_s:Accu-Tech"", ""userName_s"": ""Foster Burch"", ""refNum_s"": """"",TRUE,
"""j8812* AND salesLocation_s:61082 AND shipLocation_s:16009 AND customerAccount_s:AC0155-8143 AND dcLocation_s:5689 AND businessUnit_s:WESCO"", ""userName_s"": ""Christian Valero"", ""refNum_s"": """"",FALSE,
"""38634-703* AND businessUnit_s:Accu-Tech AND shipLocation_s:15428 AND advancedPartSearch:Y AND businessUnit_s:Accu-Tech"", ""userName_s"": """", ""refNum_s"": ""100012447""",TRUE,
"""42080-4WS* AND salesLocation_s:61961 AND shipLocation_s:16011 AND customerAccount_s:AC0158-1756 AND businessUnit_s:Accu-Tech"", ""userName_s"": ""Austin Thielges"", ""refNum_s"": """"",TRUE,
"""006E8P-31131-29 AND shipLocation_s:14509 AND businessUnit_s:Accu-Tech"", ""userName_s"": ""226055"", ""refNum_s"": ""616797""",TRUE,
"""44012PG01* AND businessUnit_s:Accu-Tech AND shipLocation_s:11411 AND advancedPartSearch:Y AND businessUnit_s:Accu-Tech"", ""userName_s"": """", ""refNum_s"": ""100012447""",TRUE,
"""PHC6ALG14 AND shipLocation_s:16043 AND businessUnit_s:Accu-Tech"", ""userName_s"": ""325146"", ""refNum_s"": ""616779""",TRUE,
"""WK-S-2 AND businessUnit_s:Accu-Tech"", ""userName_s"": ""318388"", ""refNum_s"": ""616787""",TRUE,
"""SB-SWS-DCIM-25* AND salesLocation_s:62744 AND shipLocation_s:15416 AND customerAccount_s:AC0162-4681 AND businessUnit_s:Accu-Tech"", ""userName_s"": ""Tony Thompson"", ""refNum_s"": """"",TRUE,
"""*:* AND transPartOrFilter:(transactablePart_s:NQ4CQ2A23 OR transactablePart_s:UMVG62A23 OR transactablePart_s:JBHPM2A23 OR transactablePart_s:7XJMVDV4M OR transactablePart_s:M6FCJ89P8) AND salesLocation_s:60001 AND shipLocation_s:12619 AND dcLocation_s:7302 AND customerAccount_s:AC0043-9016 AND businessUnit_s:WESCO"", ""userName_s"": ""Josephine Trupiano"", ""refNum_s"": ""QU100031283""",FALSE,
"""9C6M4-E3 AND shipLocation_s:15625 AND businessUnit_s:Accu-Tech"", ""userName_s"": ""239937"", ""refNum_s"": ""616741""",TRUE,
"""2806031-01* AND salesLocation_s:62536 AND shipLocation_s:15609 AND customerAccount_s:AC0186-3068 AND businessUnit_s:Accu-Tech"", ""userName_s"": ""Justin LaBanz"", ""refNum_s"": """"",TRUE,
"""cj6x88tgyl AND businessUnit_s:Accu-Tech"", ""userName_s"": ""216112"", ""refNum_s"": """"",TRUE,
"""tj AND shipLocation_s:15642 AND businessUnit_s:Accu-Tech"", ""userName_s"": ""208850"", ""refNum_s"": ""616788""",TRUE,
"""cs34p AND shipLocation_s:12114 AND businessUnit_s:Accu-Tech"", ""userName_s"": ""337344"", ""refNum_s"": ""616793""",TRUE,
"""DEM680E-CA30S-630* AND salesLocation_s:62682 AND shipLocation_s:15819 AND customerAccount_s:AC0161-1308 AND businessUnit_s:Accu-Tech"", ""userName_s"": ""Jeremy Smith"", ""refNum_s"": """"",TRUE,
"""2412 003u1000* AND salesLocation_s:61999 AND shipLocation_s:13603 AND customerAccount_s:AC0200-4998 AND businessUnit_s:Accu-Tech"", ""userName_s"": ""Nick Carney"", ""refNum_s"": """"",TRUE,
"""OR-60900017 AND businessUnit_s:Accu-Tech"", ""userName_s"": ""323615"", ""refNum_s"": """"",TRUE,
"""Pup6c04 AND shipLocation_s:15609 AND businessUnit_s:Accu-Tech"", ""userName_s"": ""226022"", ""refNum_s"": ""616783""",TRUE,
"""ac-a12- AND shipLocation_s:12304 AND businessUnit_s:Accu-Tech"", ""userName_s"": ""308638"", ""refNum_s"": ""616780""",TRUE,
"""ac AND shipLocation_s:12304 AND businessUnit_s:Accu-Tech"", ""userName_s"": ""308638"", ""refNum_s"": ""616780""",TRUE,
"""V-9912M-10 AND businessUnit_s:Accu-Tech"", ""userName_s"": ""226055"", ""refNum_s"": """"",TRUE,
"""*:* AND transPartOrFilter:(transactablePart_s:1012264AT) AND salesLocation_s:62530 AND shipLocation_s:15642 AND customerAccount_s:AC0158-2202 AND businessUnit_s:Accu-Tech"", ""userName_s"": ""Matt Duncan"", ""refNum_s"": ""100084952""",TRUE,
"""658amj AND shipLocation_s:12304 AND businessUnit_s:Accu-Tech"", ""userName_s"": ""308638"", ""refNum_s"": ""616780""",TRUE,
"""165BL4A* AND salesLocation_s:69609 AND shipLocation_s:12702 AND customerAccount_s:AC0162-8026 AND businessUnit_s:Accu-Tech"", ""userName_s"": ""Matthew Zito"", ""refNum_s"": """"",TRUE,
"""Pâ€‘012â€‘LZâ€‘5Gâ€‘F12BK/25D AND businessUnit_s:Accu-Tech"", ""userName_s"": ""328476"", ""refNum_s"": ""616637""",TRUE,
"""AX103115* AND salesLocation_s:62395 AND shipLocation_s:12702 AND customerAccount_s:AC0158-2759 AND businessUnit_s:Accu-Tech"", ""userName_s"": ""Malcolm Verdi"", ""refNum_s"": """"",TRUE,
"""97-0131010* AND salesLocation_s:62395 AND shipLocation_s:12702 AND customerAccount_s:AC0158-2999 AND businessUnit_s:Accu-Tech"", ""userName_s"": ""Melissa Saul"", ""refNum_s"": """"",TRUE,
"""49512* AND salesLocation_s:69609 AND shipLocation_s:12702 AND customerAccount_s:AC0160-5889 AND businessUnit_s:Accu-Tech"", ""userName_s"": ""Jared Ferguson"", ""refNum_s"": """"",TRUE,
"""under min* AND salesLocation_s:62530 AND shipLocation_s:15642 AND customerAccount_s:AC0158-2202 AND businessUnit_s:Accu-Tech"", ""userName_s"": ""Matt Duncan"", ""refNum_s"": """"",TRUE,
"""Panduit_DP486X88TGY AND shipLocation_s:12908 AND businessUnit_s:Accu-Tech"", ""userName_s"": ""233430"", ""refNum_s"": ""616762""",TRUE,
"""under min* AND salesLocation_s:62530 AND shipLocation_s:15642 AND customerAccount_s:AC0158-2202 AND businessUnit_s:Accu-Tech"", ""userName_s"": ""Matt Duncan"", ""refNum_s"": """"",TRUE,
"""UPX-RLNK-2000R-8* AND salesLocation_s:62744 AND shipLocation_s:15416 AND customerAccount_s:AC0162-6297 AND businessUnit_s:Accu-Tech"", ""userName_s"": ""Chanel Cannon"", ""refNum_s"": """"",TRUE,
"""SPH AND shipLocation_s:12304 AND businessUnit_s:Accu-Tech"", ""userName_s"": ""327282"", ""refNum_s"": ""616759""",TRUE,
"""77-240-7b AND shipLocation_s:14802 AND businessUnit_s:Accu-Tech"", ""userName_s"": ""326020"", ""refNum_s"": ""616765""",TRUE,
"""760107201 AND shipLocation_s:12114 AND businessUnit_s:Accu-Tech"", ""userName_s"": ""337344"", ""refNum_s"": ""616763""",TRUE,
"""VP-4124D AND shipLocation_s:14509 AND businessUnit_s:Accu-Tech"", ""userName_s"": ""337372"", ""refNum_s"": ""616760""",TRUE,
"""PUP6C04GR-WZ* AND salesLocation_s:62473 AND shipLocation_s:13429 AND customerAccount_s:AC0161-8291 AND businessUnit_s:Accu-Tech"", ""userName_s"": ""Patrick Saxe"", ""refNum_s"": """"",TRUE,
"""012Zu4- AND shipLocation_s:12304 AND businessUnit_s:Accu-Tech"", ""userName_s"": ""327282"", ""refNum_s"": ""616759""",TRUE,
"""54-246-2b AND shipLocation_s:14112 AND businessUnit_s:Accu-Tech"", ""userName_s"": ""230714"", ""refNum_s"": ""616756""",TRUE,
"""OR-KSSS2 AND shipLocation_s:12601 AND businessUnit_s:Accu-Tech"", ""userName_s"": ""334092"", ""refNum_s"": ""616513""",TRUE,
"""90581* AND salesLocation_s:60001 AND shipLocation_s:12619 AND customerAccount_s:AC0001-4164 AND dcLocation_s:7302 AND businessUnit_s:WESCO"", ""userName_s"": ""John Allgaier"", ""refNum_s"": """"",FALSE,
"""CO199K2-08F005 AND shipLocation_s:15642 AND businessUnit_s:Accu-Tech"", ""userName_s"": ""313136"", ""refNum_s"": ""616636""",TRUE,
"""T00020812* AND businessUnit_s:Accu-Tech AND shipLocation_s:13429 AND advancedPartSearch:Y AND businessUnit_s:Accu-Tech"", ""userName_s"": """", ""refNum_s"": ""100012447""",TRUE,
"""*:* AND transPartOrFilter:(transactablePart_s:CE7727Y4Z OR transactablePart_s:BE6229745 OR transactablePart_s:BE6246Z33) AND salesLocation_s:61171 AND shipLocation_s:12402 AND dcLocation_s:7302 AND customerAccount_s:AC0001-5961 AND businessUnit_s:WESCO"", ""userName_s"": ""Aiereona Palmer"", ""refNum_s"": ""QU100030920""",FALSE,
"""5k-06* AND salesLocation_s:62473 AND shipLocation_s:13429 AND customerAccount_s:AC0158-6182 AND businessUnit_s:Accu-Tech"", ""userName_s"": ""Jeremy Prevette"", ""refNum_s"": """"",TRUE,
"""11085-001 AND businessUnit_s:Accu-Tech"", ""userName_s"": ""208907"", ""refNum_s"": """"",TRUE,
"""10608-701* AND businessUnit_s:Accu-Tech AND shipLocation_s:11411 AND advancedPartSearch:Y AND businessUnit_s:Accu-Tech"", ""userName_s"": """", ""refNum_s"": ""100012447""",TRUE,
"""49255-h48* AND salesLocation_s:62472 AND shipLocation_s:14506 AND customerAccount_s:AC0160-8033 AND businessUnit_s:Accu-Tech"", ""userName_s"": ""Steve Shannon"", ""refNum_s"": """"",TRUE,
"""CCH-CS12-D9-P00RE AND shipLocation_s:15609 AND businessUnit_s:Accu-Tech"", ""userName_s"": ""337705"", ""refNum_s"": ""616361""",TRUE,
"""41080-2WP* AND salesLocation_s:62743 AND shipLocation_s:11305 AND customerAccount_s:AC0162-6184 AND businessUnit_s:Accu-Tech"", ""userName_s"": ""Jerod Garcia"", ""refNum_s"": """"",TRUE,
"""760105429 AND shipLocation_s:15642 AND businessUnit_s:Accu-Tech"", ""userName_s"": ""208850"", ""refNum_s"": ""616376""",TRUE,
"""PG2436Z148ZZ9 AND businessUnit_s:Accu-Tech"", ""userName_s"": ""329313"", ""refNum_s"": ""615995""",TRUE,
"""sph-0 AND businessUnit_s:Accu-Tech"", ""userName_s"": ""328500"", ""refNum_s"": ""615704""",TRUE,
"""9670* AND salesLocation_s:60001 AND shipLocation_s:12619 AND customerAccount_s:AC0155-5833 AND dcLocation_s:7302 AND businessUnit_s:WESCO"", ""userName_s"": ""Christopher Stone"", ""refNum_s"": """"",FALSE,
"""P820127HB* AND salesLocation_s:62395 AND shipLocation_s:12702 AND customerAccount_s:AC0158-2938 AND businessUnit_s:Accu-Tech"", ""userName_s"": ""Chris Seeman"", ""refNum_s"": """"",TRUE,
"""1010223AT* AND businessUnit_s:Accu-Tech AND shipLocation_s:13429 AND advancedPartSearch:Y AND businessUnit_s:Accu-Tech"", ""userName_s"": """", ""refNum_s"": ""100012447""",TRUE,
"""TRP11-CM* AND salesLocation_s:62395 AND shipLocation_s:12702 AND customerAccount_s:AC0158-2938 AND businessUnit_s:Accu-Tech"", ""userName_s"": ""Chris Seeman"", ""refNum_s"": """"",TRUE,
"""ZCM1001/4-10* AND salesLocation_s:69609 AND shipLocation_s:12702 AND customerAccount_s:AC0160-5889 AND businessUnit_s:Accu-Tech"", ""userName_s"": ""Jared Ferguson"", ""refNum_s"": """"",TRUE,
"""OR-TRTHR-12B* AND salesLocation_s:62395 AND shipLocation_s:12702 AND customerAccount_s:AC0158-2938 AND businessUnit_s:Accu-Tech"", ""userName_s"": ""Chris Seeman"", ""refNum_s"": """"",TRUE,
"""25293BGY1000* AND businessUnit_s:Accu-Tech AND shipLocation_s:15428 AND advancedPartSearch:Y AND businessUnit_s:Accu-Tech"", ""userName_s"": """", ""refNum_s"": ""100012447""",TRUE,
"""TRTHR-12B AND businessUnit_s:Accu-Tech"", ""userName_s"": ""238367"", ""refNum_s"": """"",TRUE,
"""J240G* AND salesLocation_s:61171 AND shipLocation_s:12402 AND customerAccount_s:AC0155-5833 AND dcLocation_s:7302 AND businessUnit_s:WESCO"", ""userName_s"": ""Mike Albright"", ""refNum_s"": """"",FALSE,
"""mt38c* AND salesLocation_s:60664 AND shipLocation_s:14001 AND customerAccount_s:AC0019-6925 AND dcLocation_s:7305 AND businessUnit_s:WESCO"", ""userName_s"": ""Kelly Waldvogel"", ""refNum_s"": """"",FALSE,
"""CO166S2-0F010 AND shipLocation_s:16011 AND businessUnit_s:Accu-Tech"", ""userName_s"": ""322620"", ""refNum_s"": ""616687""",TRUE,
"""UNC6-GR-10F* AND salesLocation_s:62680 AND shipLocation_s:14205 AND customerAccount_s:AC0158-0647 AND businessUnit_s:Accu-Tech"", ""userName_s"": ""Sean Stazen"", ""refNum_s"": """"",TRUE,
"""cj688tg AND shipLocation_s:15609 AND businessUnit_s:Accu-Tech"", ""userName_s"": ""234627"", ""refNum_s"": ""616521""",TRUE,
"""78006006010* AND salesLocation_s:60001 AND shipLocation_s:12619 AND customerAccount_s:AC0155-5833 AND dcLocation_s:7302 AND businessUnit_s:WESCO"", ""userName_s"": ""Josephine Trupiano"", ""refNum_s"": """"",FALSE,
"""7151822* AND businessUnit_s:Accu-Tech AND shipLocation_s:15642 AND advancedPartSearch:Y AND businessUnit_s:Accu-Tech"", ""userName_s"": """", ""refNum_s"": ""100012447""",TRUE,
"""55 AND shipLocation_s:12702 AND businessUnit_s:Accu-Tech"", ""userName_s"": ""323615"", ""refNum_s"": ""616712""",TRUE,
"""165BK4A* AND salesLocation_s:62395 AND shipLocation_s:12702 AND customerAccount_s:AC0158-2938 AND businessUnit_s:Accu-Tech"", ""userName_s"": ""Chris Seeman"", ""refNum_s"": """"",TRUE,
"""HVS-1523S-W* AND salesLocation_s:60001 AND shipLocation_s:12619 AND customerAccount_s:AC0043-9016 AND dcLocation_s:7302 AND businessUnit_s:WESCO"", ""userName_s"": ""Josephine Trupiano"", ""refNum_s"": """"",FALSE,
"""4462 AND shipLocation_s:12114 AND businessUnit_s:Accu-Tech"", ""userName_s"": ""337344"", ""refNum_s"": ""616686""",TRUE,
"""RVUPPID AND businessUnit_s:Accu-Tech"", ""userName_s"": ""339478"", ""refNum_s"": """"",TRUE,
"""CMS_UC1BBC2-08F010 AND shipLocation_s:16011 AND businessUnit_s:Accu-Tech"", ""userName_s"": ""322620"", ""refNum_s"": ""616687""",TRUE,
"""A6SAY2A23* AND salesLocation_s:60608 AND shipLocation_s:12008 AND customerAccount_s:AC0016-2584 AND dcLocation_s:7305 AND businessUnit_s:WESCO"", ""userName_s"": ""matt trautman"", ""refNum_s"": """"",FALSE,
"""50120-703 AND shipLocation_s:11726 AND businessUnit_s:Accu-Tech"", ""userName_s"": ""327898"", ""refNum_s"": ""614256""",TRUE,
"""PCC6B-BK-55* AND salesLocation_s:62395 AND shipLocation_s:12702 AND customerAccount_s:AC0158-3148 AND businessUnit_s:Accu-Tech"", ""userName_s"": ""Melissa Saul"", ""refNum_s"": """"",TRUE,
"""DC-FR08-ON300C(I)* AND businessUnit_s:Accu-Tech AND shipLocation_s:12702 AND advancedPartSearch:Y AND businessUnit_s:Accu-Tech"", ""userName_s"": """", ""refNum_s"": ""100012447""",TRUE,
"""760092361* AND salesLocation_s:62395 AND shipLocation_s:12702 AND customerAccount_s:AC0194-7020 AND businessUnit_s:Accu-Tech"", ""userName_s"": ""Steve Kurtinitis"", ""refNum_s"": """"",TRUE,
"""CJS688TG AND shipLocation_s:15609 AND businessUnit_s:Accu-Tech"", ""userName_s"": ""234627"", ""refNum_s"": ""616521""",TRUE,
"""1221106* AND salesLocation_s:60001 AND shipLocation_s:12619 AND customerAccount_s:AC0001-4164 AND dcLocation_s:7302 AND businessUnit_s:WESCO"", ""userName_s"": ""John Allgaier"", ""refNum_s"": """"",FALSE,
"""B33-273-427* AND salesLocation_s:62395 AND shipLocation_s:12702 AND customerAccount_s:AC0158-3148 AND businessUnit_s:Accu-Tech"", ""userName_s"": ""Melissa Saul"", ""refNum_s"": """"",TRUE,
"""UTP28SP07 AND shipLocation_s:16011 AND businessUnit_s:Accu-Tech"", ""userName_s"": ""322620"", ""refNum_s"": ""616687""",TRUE,
"""phd66u48* AND businessUnit_s:Accu-Tech AND shipLocation_s:14112 AND advancedPartSearch:Y AND businessUnit_s:Accu-Tech"", ""userName_s"": """", ""refNum_s"": ""100012447""",TRUE,
"""760248521* AND salesLocation_s:62395 AND shipLocation_s:12702 AND customerAccount_s:AC0194-7020 AND businessUnit_s:Accu-Tech"", ""userName_s"": ""Steve Kurtinitis"", ""refNum_s"": """"",TRUE,
"""PCC6B-BK-85* AND salesLocation_s:62395 AND shipLocation_s:12702 AND customerAccount_s:AC0158-3148 AND businessUnit_s:Accu-Tech"", ""userName_s"": ""Melissa Saul"", ""refNum_s"": """"",TRUE,
"""3SU1000-5MP01-0AA0* AND salesLocation_s:60627 AND shipLocation_s:14507 AND customerAccount_s:AC0053-6910 AND dcLocation_s:7303 AND businessUnit_s:WESCO"", ""userName_s"": ""Meaghan Reidy"", ""refNum_s"": """"",FALSE,
"""l3012k401* AND salesLocation_s:62397 AND shipLocation_s:14810 AND customerAccount_s:AC0160-0057 AND businessUnit_s:Accu-Tech"", ""userName_s"": ""Walter Baker"", ""refNum_s"": """"",TRUE,
"""ksb10-88 AND shipLocation_s:12304 AND businessUnit_s:Accu-Tech"", ""userName_s"": ""233642"", ""refNum_s"": ""616685""",TRUE,
"""fs100 AND shipLocation_s:14506 AND businessUnit_s:Accu-Tech"", ""userName_s"": ""209989"", ""refNum_s"": ""616667""",TRUE,
"""21803TSD AND shipLocation_s:16043 AND businessUnit_s:Accu-Tech"", ""userName_s"": ""325146"", ""refNum_s"": ""616684""",TRUE,
"""mx-smz AND shipLocation_s:14611 AND businessUnit_s:Accu-Tech"", ""userName_s"": ""240568"", ""refNum_s"": ""614545""",TRUE,
"""FSR400* AND salesLocation_s:62530 AND shipLocation_s:15642 AND customerAccount_s:AC0158-4229 AND businessUnit_s:Accu-Tech"", ""userName_s"": ""Greg Griffo"", ""refNum_s"": """"",TRUE,
"""WRR-P-E201W2_-32TB AND shipLocation_s:12908 AND businessUnit_s:Accu-Tech"", ""userName_s"": ""321469"", ""refNum_s"": ""616681""",TRUE,
"""6a-2721- AND shipLocation_s:12304 AND businessUnit_s:Accu-Tech"", ""userName_s"": ""233642"", ""refNum_s"": ""616685""",TRUE,
"""cs34p-6w* AND salesLocation_s:62471 AND shipLocation_s:14509 AND customerAccount_s:AC0161-8183 AND businessUnit_s:Accu-Tech"", ""userName_s"": ""Patrick Allen"", ""refNum_s"": """"",TRUE,
"""XND-C6083RV AND shipLocation_s:12908 AND businessUnit_s:Accu-Tech"", ""userName_s"": ""321469"", ""refNum_s"": ""616681""",TRUE,
"""C25DNF2401T* AND salesLocation_s:61171 AND shipLocation_s:12402 AND customerAccount_s:AC0064-5788 AND dcLocation_s:7302 AND businessUnit_s:WESCO"", ""userName_s"": ""Victoria Bozoian"", ""refNum_s"": """"",FALSE,
"""u2mp* AND salesLocation_s:62474 AND shipLocation_s:13417 AND customerAccount_s:AC0158-6304 AND businessUnit_s:Accu-Tech"", ""userName_s"": ""Kelly Szymanski"", ""refNum_s"": """"",TRUE,
"""11959-715* AND salesLocation_s:62744 AND shipLocation_s:15416 AND customerAccount_s:AC0163-4064 AND businessUnit_s:Accu-Tech"", ""userName_s"": ""George Sealey"", ""refNum_s"": """"",TRUE,
"""CABLE RUNWAY CORNER* AND salesLocation_s:62744 AND shipLocation_s:15416 AND customerAccount_s:AC0163-4064 AND businessUnit_s:Accu-Tech"", ""userName_s"": ""George Sealey"", ""refNum_s"": """"",TRUE,
"""CCH AND shipLocation_s:11411 AND businessUnit_s:Accu-Tech"", ""userName_s"": ""337835"", ""refNum_s"": ""616680""",TRUE,
"""TF6-os2- AND shipLocation_s:12304 AND businessUnit_s:Accu-Tech"", ""userName_s"": ""308638"", ""refNum_s"": ""616679""",TRUE,
"""11840 AND shipLocation_s:14112 AND businessUnit_s:Accu-Tech"", ""userName_s"": ""210280"", ""refNum_s"": ""616603""",TRUE,
"""700208093* AND salesLocation_s:62747 AND shipLocation_s:11411 AND customerAccount_s:AC0186-3068 AND businessUnit_s:Accu-Tech"", ""userName_s"": ""Thomas Cousins"", ""refNum_s"": """"",TRUE,
"""TN-GLC-LX-SM-RGD* AND salesLocation_s:61996 AND shipLocation_s:12304 AND customerAccount_s:AC0158-1124 AND businessUnit_s:Accu-Tech"", ""userName_s"": ""Nathan Ward"", ""refNum_s"": """"",TRUE,
"""FI4D012P9* AND businessUnit_s:Accu-Tech AND shipLocation_s:11411 AND advancedPartSearch:Y AND businessUnit_s:Accu-Tech"", ""userName_s"": """", ""refNum_s"": ""100012447""",TRUE,
"""FD5D012A9 AND businessUnit_s:Accu-Tech"", ""userName_s"": ""328476"", ""refNum_s"": ""616637""",TRUE,
"""*:* AND transPartOrFilter:(transactablePart_s:1021147AT) AND salesLocation_s:62399 AND shipLocation_s:15812 AND customerAccount_s:AC0159-6322 AND businessUnit_s:Accu-Tech"", ""userName_s"": ""Patrick Sweeney"", ""refNum_s"": ""100079539""",TRUE,
"""wmp* AND salesLocation_s:62532 AND shipLocation_s:11726 AND customerAccount_s:AC0158-5595 AND businessUnit_s:Accu-Tech"", ""userName_s"": ""Hunter Strickland"", ""refNum_s"": """"",TRUE,
"""PCC6B-BK-50* AND salesLocation_s:62395 AND shipLocation_s:12702 AND customerAccount_s:AC0158-3148 AND businessUnit_s:Accu-Tech"", ""userName_s"": ""Melissa Saul"", ""refNum_s"": """"",TRUE,
"""10136748* AND businessUnit_s:Accu-Tech AND shipLocation_s:14611 AND advancedPartSearch:Y AND businessUnit_s:Accu-Tech"", ""userName_s"": """", ""refNum_s"": ""100012447""",TRUE,
"""10608-701* AND salesLocation_s:62401 AND shipLocation_s:12601 AND customerAccount_s:AC0194-6139 AND businessUnit_s:Accu-Tech"", ""userName_s"": ""Nolan Ostrander"", ""refNum_s"": """"",TRUE,
"""700210263* AND businessUnit_s:Accu-Tech AND shipLocation_s:12114 AND advancedPartSearch:Y AND businessUnit_s:Accu-Tech"", ""userName_s"": """", ""refNum_s"": ""100012447""",TRUE,
"""392301* AND salesLocation_s:62400 AND shipLocation_s:14112 AND customerAccount_s:AC0158-3614 AND businessUnit_s:Accu-Tech"", ""userName_s"": ""Paul Varone"", ""refNum_s"": """"",TRUE,
"""SS361220* AND businessUnit_s:Accu-Tech AND shipLocation_s:12702 AND advancedPartSearch:Y AND businessUnit_s:Accu-Tech"", ""userName_s"": """", ""refNum_s"": ""100012447""",TRUE,
"""V-VCPANEL-BK* AND salesLocation_s:62473 AND shipLocation_s:13429 AND customerAccount_s:AC0158-6202 AND businessUnit_s:Accu-Tech"", ""userName_s"": ""Jeremy Prevette"", ""refNum_s"": """"",TRUE,
"""SPH-DIN-KIT AND shipLocation_s:14611 AND businessUnit_s:Accu-Tech"", ""userName_s"": ""339347"", ""refNum_s"": ""616645""",TRUE,
""":_SS361220 AND businessUnit_s:Accu-Tech"", ""userName_s"": ""324687"", ""refNum_s"": ""616644""",TRUE,
"""760185900* AND businessUnit_s:Accu-Tech AND shipLocation_s:12702 AND advancedPartSearch:Y AND businessUnit_s:Accu-Tech"", ""userName_s"": """", ""refNum_s"": ""100012447""",TRUE,
"""EHWMN1* AND salesLocation_s:62532 AND shipLocation_s:11726 AND customerAccount_s:AC0158-5595 AND businessUnit_s:Accu-Tech"", ""userName_s"": ""Hunter Strickland"", ""refNum_s"": """"",TRUE,
"""dcf3 AND shipLocation_s:16041 AND businessUnit_s:Accu-Tech"", ""userName_s"": ""313089"", ""refNum_s"": ""616630""",TRUE,
"""EDC-12P-NH AND businessUnit_s:Accu-Tech"", ""userName_s"": ""238684"", ""refNum_s"": """"",TRUE,
"""ocfc3wh AND shipLocation_s:16041 AND businessUnit_s:Accu-Tech"", ""userName_s"": ""313089"", ""refNum_s"": ""616630""",TRUE,
"""tfc3 AND shipLocation_s:16041 AND businessUnit_s:Accu-Tech"", ""userName_s"": ""313089"", ""refNum_s"": ""616630""",TRUE,
"""tfc AND shipLocation_s:16041 AND businessUnit_s:Accu-Tech"", ""userName_s"": ""313089"", ""refNum_s"": ""616630""",TRUE,
"""cf3wh AND shipLocation_s:16041 AND businessUnit_s:Accu-Tech"", ""userName_s"": ""313089"", ""refNum_s"": ""616630""",TRUE,
"""QSFP-40G-ER4_QSFP+_OPTICS AND shipLocation_s:12114 AND businessUnit_s:Accu-Tech"", ""userName_s"": ""320729"", ""refNum_s"": ""615115""",TRUE,
"""09-0106-79-03* AND salesLocation_s:60627 AND shipLocation_s:14507 AND customerAccount_s:AC0016-0547 AND dcLocation_s:7303 AND businessUnit_s:WESCO"", ""userName_s"": ""John Van Vactor"", ""refNum_s"": """"",FALSE,
"""869305* AND salesLocation_s:62530 AND shipLocation_s:15642 AND customerAccount_s:AC0160-2612 AND businessUnit_s:Accu-Tech"", ""userName_s"": ""Simon Ruppert"", ""refNum_s"": """"",TRUE,
"""cs44p-5w AND shipLocation_s:16043 AND businessUnit_s:Accu-Tech"", ""userName_s"": ""209739"", ""refNum_s"": ""616019""",TRUE,
"""PUR6004 AND shipLocation_s:12114 AND businessUnit_s:Accu-Tech"", ""userName_s"": ""235882"", ""refNum_s"": ""614628""",TRUE,
"""77-240-3A AND shipLocation_s:16041 AND businessUnit_s:Accu-Tech"", ""userName_s"": ""318654"", ""refNum_s"": ""616562""",TRUE,
"""shsmc2ru* AND salesLocation_s:62395 AND shipLocation_s:12702 AND customerAccount_s:AC0196-5279 AND businessUnit_s:Accu-Tech"", ""userName_s"": ""Amanda Wyckoff"", ""refNum_s"": """"",TRUE,
"""WP1250P/3000 AND shipLocation_s:16043 AND businessUnit_s:Accu-Tech"", ""userName_s"": ""209739"", ""refNum_s"": ""616182""",TRUE,
"""2412_010A AND shipLocation_s:15609 AND businessUnit_s:Accu-Tech"", ""userName_s"": ""337705"", ""refNum_s"": ""616361""",TRUE,
"""wave-pro AND shipLocation_s:15819 AND businessUnit_s:Accu-Tech"", ""userName_s"": ""223220"", ""refNum_s"": ""616620""",TRUE,
"""unc6-wh-5* AND businessUnit_s:Accu-Tech AND shipLocation_s:14506 AND advancedPartSearch:Y AND businessUnit_s:Accu-Tech"", ""userName_s"": """", ""refNum_s"": ""100012447""",TRUE,
"""ACGK* AND salesLocation_s:61999 AND shipLocation_s:13603 AND customerAccount_s:AC0158-0996 AND businessUnit_s:Accu-Tech"", ""userName_s"": ""Zachary Boyd"", ""refNum_s"": """"",TRUE,
"""10136226* AND salesLocation_s:61962 AND shipLocation_s:16023 AND customerAccount_s:AC0162-6791 AND businessUnit_s:Accu-Tech"", ""userName_s"": ""Kyle Singletary"", ""refNum_s"": """"",TRUE,
"""597-140-025 AND shipLocation_s:13603 AND businessUnit_s:Accu-Tech"", ""userName_s"": ""332229"", ""refNum_s"": ""616533""",TRUE,
"""6302UE_877U1000 AND shipLocation_s:14509 AND businessUnit_s:Accu-Tech"", ""userName_s"": ""316066"", ""refNum_s"": ""616601""",TRUE,
"""432ZUC-T4122D20 AND businessUnit_s:Accu-Tech"", ""userName_s"": ""208848"", ""refNum_s"": """"",TRUE,
"""77-240-2b* AND salesLocation_s:62395 AND shipLocation_s:12702 AND customerAccount_s:AC0196-5279 AND businessUnit_s:Accu-Tech"", ""userName_s"": ""Amanda Wyckoff"", ""refNum_s"": """"",TRUE,
"""FISD012A9* AND businessUnit_s:Accu-Tech AND shipLocation_s:12908 AND advancedPartSearch:Y AND businessUnit_s:Accu-Tech"", ""userName_s"": """", ""refNum_s"": ""100012447""",TRUE,
"""49910-SW4* AND salesLocation_s:62399 AND shipLocation_s:15812 AND customerAccount_s:AC0158-4590 AND businessUnit_s:Accu-Tech"", ""userName_s"": ""Dennis Donegan"", ""refNum_s"": """"",TRUE,
"""499LC-BG9* AND businessUnit_s:Accu-Tech AND shipLocation_s:11726 AND advancedPartSearch:Y AND businessUnit_s:Accu-Tech"", ""userName_s"": """", ""refNum_s"": ""100012447""",TRUE,
"""cea* AND businessUnit_s:Accu-Tech AND shipLocation_s:11411 AND advancedPartSearch:Y AND businessUnit_s:Accu-Tech"", ""userName_s"": """", ""refNum_s"": ""100012447""",TRUE,
"""6GK15612AA00* AND salesLocation_s:60627 AND shipLocation_s:14507 AND customerAccount_s:AC0016-0547 AND dcLocation_s:7303 AND businessUnit_s:WESCO"", ""userName_s"": ""John Van Vactor"", ""refNum_s"": """"",FALSE,
"""MCTP6I-7-40 AND businessUnit_s:Accu-Tech"", ""userName_s"": ""323615"", ""refNum_s"": """"",TRUE,
"""PFo6x04BL-Cgz AND shipLocation_s:12304 AND businessUnit_s:Accu-Tech"", ""userName_s"": ""208904"", ""refNum_s"": ""616540""",TRUE,
"""PF06x048BL-Cgz AND shipLocation_s:12304 AND businessUnit_s:Accu-Tech"", ""userName_s"": ""208904"", ""refNum_s"": ""616540""",TRUE,
"""EMT400* AND salesLocation_s:62473 AND shipLocation_s:13429 AND customerAccount_s:AC0158-7190 AND businessUnit_s:Accu-Tech"", ""userName_s"": ""Patrick Saxe"", ""refNum_s"": """"",TRUE,
"""10608-7 AND shipLocation_s:15625 AND businessUnit_s:Accu-Tech"", ""userName_s"": ""307308"", ""refNum_s"": ""616570""",TRUE,
"""FOAS2FSMLCLC-11 AND businessUnit_s:Accu-Tech"", ""userName_s"": ""323615"", ""refNum_s"": """"",TRUE,
"""71336 AND shipLocation_s:12114 AND businessUnit_s:Accu-Tech"", ""userName_s"": ""235882"", ""refNum_s"": ""616579""",TRUE,
"""10250-7 AND shipLocation_s:15625 AND businessUnit_s:Accu-Tech"", ""userName_s"": ""307308"", ""refNum_s"": ""616570""",TRUE,
"""SPP-250-LLP * AND businessUnit_s:Accu-Tech AND shipLocation_s:12702 AND advancedPartSearch:Y AND businessUnit_s:Accu-Tech"", ""userName_s"": """", ""refNum_s"": ""100012447""",TRUE,
"""fs10 AND shipLocation_s:12908 AND businessUnit_s:Accu-Tech"", ""userName_s"": ""233430"", ""refNum_s"": ""616574""",TRUE,
"""C9500-48Y4C-A AND shipLocation_s:12114 AND businessUnit_s:Accu-Tech"", ""userName_s"": ""320729"", ""refNum_s"": ""615115""",TRUE,
"""9PX3K3UNP2G2* AND salesLocation_s:69609 AND shipLocation_s:12702 AND customerAccount_s:AC0160-5889 AND businessUnit_s:Accu-Tech"", ""userName_s"": ""Jared Ferguson"", ""refNum_s"": """"",TRUE,
"""CPCS-6YE-005F* AND salesLocation_s:62530 AND shipLocation_s:15642 AND customerAccount_s:AC0158-2202 AND businessUnit_s:Accu-Tech"", ""userName_s"": ""Matt Duncan"", ""refNum_s"": """"",TRUE,
"""cs44psd AND businessUnit_s:Accu-Tech"", ""userName_s"": ""211557"", ""refNum_s"": """"",TRUE,
"""p2225h AND businessUnit_s:Accu-Tech"", ""userName_s"": ""332869"", ""refNum_s"": ""614388""",TRUE,
"""75N3000BAN0H/55* AND salesLocation_s:61171 AND shipLocation_s:12402 AND customerAccount_s:AC0001-5961 AND dcLocation_s:7302 AND businessUnit_s:WESCO"", ""userName_s"": ""Hannah Shook"", ""refNum_s"": """"",FALSE,
"""unc6-bl; AND shipLocation_s:12114 AND businessUnit_s:Accu-Tech"", ""userName_s"": ""235882"", ""refNum_s"": ""616565""",TRUE,
"""NKBMWH-X-PAN* AND salesLocation_s:61996 AND shipLocation_s:12304 AND customerAccount_s:AC0158-1124 AND businessUnit_s:Accu-Tech"", ""userName_s"": ""Nathan Ward"", ""refNum_s"": """"",TRUE,
"""C88* AND salesLocation_s:61082 AND shipLocation_s:16009 AND customerAccount_s:AC0011-2699 AND dcLocation_s:5689 AND businessUnit_s:WESCO"", ""userName_s"": ""James Janak"", ""refNum_s"": """"",FALSE,
"""C82* AND salesLocation_s:61082 AND shipLocation_s:16009 AND customerAccount_s:AC0011-2699 AND dcLocation_s:5689 AND businessUnit_s:WESCO"", ""userName_s"": ""James Janak"", ""refNum_s"": """"",FALSE,
"""jhook* AND salesLocation_s:61997 AND shipLocation_s:12114 AND customerAccount_s:AC0158-0346 AND businessUnit_s:Accu-Tech"", ""userName_s"": ""Ignacio Torres"", ""refNum_s"": """"",TRUE,
"""FDSD0 AND shipLocation_s:16011 AND businessUnit_s:Accu-Tech"", ""userName_s"": ""322620"", ""refNum_s"": ""616212""",TRUE,
"""110 block* AND businessUnit_s:Accu-Tech AND shipLocation_s:15642 AND advancedPartSearch:Y AND businessUnit_s:Accu-Tech"", ""userName_s"": """", ""refNum_s"": ""100012447""",TRUE,
"""5k- AND shipLocation_s:11726 AND businessUnit_s:Accu-Tech"", ""userName_s"": ""236339"", ""refNum_s"": ""616547""",TRUE,
"""SBE04P12-A9* AND businessUnit_s:Accu-Tech AND shipLocation_s:15812 AND advancedPartSearch:Y AND businessUnit_s:Accu-Tech"", ""userName_s"": """", ""refNum_s"": ""100012447""",TRUE,
"""CCH AND shipLocation_s:14509 AND businessUnit_s:Accu-Tech"", ""userName_s"": ""226055"", ""refNum_s"": ""616542""",TRUE,
"""mctp6i- AND shipLocation_s:11726 AND businessUnit_s:Accu-Tech"", ""userName_s"": ""236339"", ""refNum_s"": ""616547""",TRUE,
"""012t88-33190-a AND shipLocation_s:14611 AND businessUnit_s:Accu-Tech"", ""userName_s"": ""240568"", ""refNum_s"": ""616553""",TRUE,
"""012t88-33190 AND shipLocation_s:14611 AND businessUnit_s:Accu-Tech"", ""userName_s"": ""240568"", ""refNum_s"": ""616553""",TRUE,
"""PDPK006FB3010/F5IOC4* AND salesLocation_s:62681 AND shipLocation_s:14611 AND customerAccount_s:AC0158-2099 AND businessUnit_s:Accu-Tech"", ""userName_s"": ""Joshua Luffman"", ""refNum_s"": """"",TRUE,
"""220840705T4 1MA0632B40* AND salesLocation_s:61082 AND shipLocation_s:16009 AND customerAccount_s:AC0014-5802 AND dcLocation_s:5689 AND businessUnit_s:WESCO"", ""userName_s"": ""Nate Archer"", ""refNum_s"": """"",FALSE,
"""62211BI54K* AND businessUnit_s:WESCO AND shipLocation_s:14507 AND advancedPartSearch:Y AND businessUnit_s:WESCO"", ""userName_s"": """", ""refNum_s"": ""100012447""",FALSE,
"""DC-R10-ON300CXH* AND salesLocation_s:62395 AND shipLocation_s:12702 AND customerAccount_s:AC0163-4912 AND businessUnit_s:Accu-Tech"", ""userName_s"": ""Malcolm Verdi"", ""refNum_s"": """"",TRUE,
"""6100fe* AND salesLocation_s:62536 AND shipLocation_s:15609 AND customerAccount_s:AC0159-0269 AND businessUnit_s:Accu-Tech"", ""userName_s"": ""Marco Bocanegra"", ""refNum_s"": """"",TRUE,
"""PDPK012AB0707-I/O-C4C5(YEL) AND shipLocation_s:16011 AND businessUnit_s:Accu-Tech"", ""userName_s"": ""322620"", ""refNum_s"": ""616544""",TRUE,
"""tx AND shipLocation_s:16041 AND businessUnit_s:Accu-Tech"", ""userName_s"": ""313089"", ""refNum_s"": ""616545""",TRUE,
"""horizontal wire manager p AND shipLocation_s:11102 AND businessUnit_s:Accu-Tech"", ""userName_s"": ""238320"", ""refNum_s"": ""616310""",TRUE,
"""49225* AND salesLocation_s:62530 AND shipLocation_s:15642 AND customerAccount_s:AC0158-5348 AND businessUnit_s:Accu-Tech"", ""userName_s"": ""Simon Ruppert"", ""refNum_s"": """"",TRUE,
"""6110G-RL6 AND shipLocation_s:14506 AND businessUnit_s:Accu-Tech"", ""userName_s"": ""209989"", ""refNum_s"": ""616508""",TRUE,
"""GTC2-09A-SND* AND salesLocation_s:61171 AND shipLocation_s:12402 AND customerAccount_s:AC0001-5961 AND dcLocation_s:7302 AND businessUnit_s:WESCO"", ""userName_s"": ""Hannah Shook"", ""refNum_s"": """"",FALSE,
"""760237052* AND salesLocation_s:62474 AND shipLocation_s:13417 AND customerAccount_s:AC0158-6386 AND businessUnit_s:Accu-Tech"", ""userName_s"": ""Kelly Szymanski"", ""refNum_s"": """"",TRUE,
"""adrnez* AND businessUnit_s:Accu-Tech AND shipLocation_s:15625 AND advancedPartSearch:Y AND businessUnit_s:Accu-Tech"", ""userName_s"": """", ""refNum_s"": ""100012447""",TRUE,
"""SRTL5KRM2UT AND shipLocation_s:15642 AND businessUnit_s:Accu-Tech"", ""userName_s"": ""301951"", ""refNum_s"": ""616532""",TRUE,
"""10GXW13_0121000 AND shipLocation_s:12702 AND businessUnit_s:Accu-Tech"", ""userName_s"": ""323615"", ""refNum_s"": ""616531""",TRUE,
"""cfpl2why* AND salesLocation_s:62473 AND shipLocation_s:13429 AND customerAccount_s:AC0200-0397 AND businessUnit_s:Accu-Tech"", ""userName_s"": ""Brent Campbell"", ""refNum_s"": """"",TRUE,
"""9116 010U1000* AND businessUnit_s:Accu-Tech AND shipLocation_s:12114 AND advancedPartSearch:Y AND businessUnit_s:Accu-Tech"", ""userName_s"": """", ""refNum_s"": ""100012447""",TRUE,
"""PFO6X04BL-C AND businessUnit_s:Accu-Tech"", ""userName_s"": ""208904"", ""refNum_s"": """"",TRUE,
"""7131100* AND salesLocation_s:62395 AND shipLocation_s:12702 AND customerAccount_s:AC0186-3068 AND businessUnit_s:Accu-Tech"", ""userName_s"": ""Melissa Saul"", ""refNum_s"": """"",TRUE,
"""*:* AND transPartOrFilter:(transactablePart_s:1044592AT OR transactablePart_s:1060662AT) AND salesLocation_s:62395 AND shipLocation_s:12702 AND customerAccount_s:AC0163-4945 AND businessUnit_s:Accu-Tech"", ""userName_s"": ""Zach Kahn"", ""refNum_s"": ""100086145""",TRUE,
"""FOAS2FSMLCSC-3M* AND salesLocation_s:62473 AND shipLocation_s:13429 AND customerAccount_s:AC0159-1950 AND businessUnit_s:Accu-Tech"", ""userName_s"": ""Patrick Saxe"", ""refNum_s"": """"",TRUE,
"""PDPK006FB3010/F5IOC4* AND businessUnit_s:Accu-Tech AND shipLocation_s:14611 AND advancedPartSearch:Y AND businessUnit_s:Accu-Tech"", ""userName_s"": """", ""refNum_s"": ""100012447""",TRUE,
"""1880ECA1-25 AND shipLocation_s:11726 AND businessUnit_s:Accu-Tech"", ""userName_s"": ""327898"", ""refNum_s"": ""615313""",TRUE,
"""1000 AND shipLocation_s:16041 AND businessUnit_s:Accu-Tech"", ""userName_s"": ""318654"", ""refNum_s"": ""616494""",TRUE,
"""OR-KT2J6A-36 AND shipLocation_s:14509 AND businessUnit_s:Accu-Tech"", ""userName_s"": ""316066"", ""refNum_s"": ""615489""",TRUE,
"""13930-702 AND shipLocation_s:12601 AND businessUnit_s:Accu-Tech"", ""userName_s"": ""224014"", ""refNum_s"": ""616503""",TRUE,
"""bch AND businessUnit_s:Accu-Tech"", ""userName_s"": ""235327"", ""refNum_s"": ""616261""",TRUE,
"""10506-702 AND shipLocation_s:11726 AND businessUnit_s:Accu-Tech"", ""userName_s"": ""327898"", ""refNum_s"": ""615313""",TRUE,
"""OSP AND shipLocation_s:15609 AND businessUnit_s:Accu-Tech"", ""userName_s"": ""337705"", ""refNum_s"": ""616361""",TRUE,
"""NK2BXWH-A* AND salesLocation_s:62532 AND shipLocation_s:11726 AND customerAccount_s:AC0186-3068 AND businessUnit_s:Accu-Tech"", ""userName_s"": ""Hunter Strickland"", ""refNum_s"": """"",TRUE,
"""WFVT15-5853* AND salesLocation_s:61171 AND shipLocation_s:12402 AND customerAccount_s:AC0001-5961 AND dcLocation_s:7302 AND businessUnit_s:WESCO"", ""userName_s"": ""Hannah Shook"", ""refNum_s"": """"",FALSE,
"""UKG-4052* AND salesLocation_s:61171 AND shipLocation_s:12402 AND customerAccount_s:AC0001-5961 AND dcLocation_s:7302 AND businessUnit_s:WESCO"", ""userName_s"": ""Hannah Shook"", ""refNum_s"": """"",FALSE,
"""LD-7A-60HB24-18 AND shipLocation_s:11726 AND businessUnit_s:Accu-Tech"", ""userName_s"": ""329125"", ""refNum_s"": ""616478""",TRUE,
"""FISD024P9 AND shipLocation_s:16041 AND businessUnit_s:Accu-Tech"", ""userName_s"": ""318654"", ""refNum_s"": ""616494""",TRUE,
"""SMT1500RM2UC AND businessUnit_s:Accu-Tech"", ""userName_s"": ""323615"", ""refNum_s"": """"",TRUE,
"""77-2 AND shipLocation_s:12908 AND businessUnit_s:Accu-Tech"", ""userName_s"": ""321469"", ""refNum_s"": ""616493""",TRUE,
"""40800019-ORT* AND salesLocation_s:62473 AND shipLocation_s:13429 AND customerAccount_s:AC0158-6202 AND businessUnit_s:Accu-Tech"", ""userName_s"": ""Jeremy Prevette"", ""refNum_s"": """"",TRUE,
"""AP9640 AND businessUnit_s:Accu-Tech"", ""userName_s"": ""323615"", ""refNum_s"": """"",TRUE,
"""DW-BJDX1116T-LX AND businessUnit_s:Accu-Tech"", ""userName_s"": ""329313"", ""refNum_s"": ""616487""",TRUE,
"""1035651AT* AND salesLocation_s:62397 AND shipLocation_s:14810 AND customerAccount_s:AC0186-3068 AND businessUnit_s:Accu-Tech"", ""userName_s"": ""Walter Baker"", ""refNum_s"": """"",TRUE,
"""TF6-OS2-RIO* AND salesLocation_s:62395 AND shipLocation_s:12702 AND customerAccount_s:AC0162-3731 AND businessUnit_s:Accu-Tech"", ""userName_s"": ""Parker Mitchell"", ""refNum_s"": """"",TRUE,
"""48111881X* AND businessUnit_s:Accu-Tech AND shipLocation_s:11726 AND advancedPartSearch:Y AND businessUnit_s:Accu-Tech"", ""userName_s"": """", ""refNum_s"": ""100012447""",TRUE,
"""*:* AND transPartOrFilter:(transactablePart_s:1020704AT OR transactablePart_s:1057053AT OR transactablePart_s:1053913AT) AND salesLocation_s:62395 AND shipLocation_s:12702 AND customerAccount_s:AC0158-2999 AND businessUnit_s:Accu-Tech"", ""userName_s"": ""Melissa Saul"", ""refNum_s"": ""100080872""",TRUE,
"""49223-CBC* AND salesLocation_s:62746 AND shipLocation_s:15428 AND customerAccount_s:AC0159-4533 AND businessUnit_s:Accu-Tech"", ""userName_s"": ""Garrett Harding"", ""refNum_s"": """"",TRUE,
"""FNCT-34-4A* AND salesLocation_s:61171 AND shipLocation_s:12402 AND customerAccount_s:AC0001-5961 AND dcLocation_s:7302 AND businessUnit_s:WESCO"", ""userName_s"": ""Hannah Shook"", ""refNum_s"": """"",FALSE,
"""6B-272-2B * AND businessUnit_s:Accu-Tech AND shipLocation_s:15625 AND advancedPartSearch:Y AND businessUnit_s:Accu-Tech"", ""userName_s"": """", ""refNum_s"": ""100012447""",TRUE,
"""760248527* AND salesLocation_s:62395 AND shipLocation_s:12702 AND customerAccount_s:AC0158-2992 AND businessUnit_s:Accu-Tech"", ""userName_s"": ""Steve Kurtinitis"", ""refNum_s"": """"",TRUE,
"""UFS150* AND salesLocation_s:62530 AND shipLocation_s:15642 AND customerAccount_s:AC0158-1585 AND businessUnit_s:Accu-Tech"", ""userName_s"": ""Simon Ruppert"", ""refNum_s"": """"",TRUE,
"""VCM-6 AND shipLocation_s:12908 AND businessUnit_s:Accu-Tech"", ""userName_s"": ""233430"", ""refNum_s"": ""616476""",TRUE,
"""CJ688TGRD AND shipLocation_s:11726 AND businessUnit_s:Accu-Tech"", ""userName_s"": ""302568"", ""refNum_s"": ""616479""",TRUE,
"""*:* AND transPartOrFilter:(transactablePart_s:VHK97FMXV) AND salesLocation_s:60001 AND shipLocation_s:12619 AND dcLocation_s:7302 AND customerAccount_s:AC0001-4164 AND businessUnit_s:WESCO"", ""userName_s"": ""John Allgaier"", ""refNum_s"": ""QU100030948""",FALSE,
"""T00032508* AND businessUnit_s:WESCO AND shipLocation_s:12619 AND transactablePartFilter:Y AND advancedPartSearch:Y AND businessUnit_s:WESCO"", ""userName_s"": """", ""refNum_s"": ""100012447""",FALSE,
"""6502UE 877U1000 AND businessUnit_s:Accu-Tech"", ""userName_s"": ""323615"", ""refNum_s"": """"",TRUE,
"""IC6-8A-15- AND shipLocation_s:14112 AND businessUnit_s:Accu-Tech"", ""userName_s"": ""221887"", ""refNum_s"": ""616456""",TRUE,
"""*:* AND transPartOrFilter:(transactablePart_s:1057564AT) AND salesLocation_s:62399 AND shipLocation_s:15812 AND customerAccount_s:AC0158-4571 AND businessUnit_s:Accu-Tech"", ""userName_s"": ""Patrick Sweeney"", ""refNum_s"": ""100082365""",TRUE,
"""*:* AND transPartOrFilter:(transactablePart_s:1057311AT OR transactablePart_s:1057311AT OR transactablePart_s:1057311AT OR transactablePart_s:1057328AT OR transactablePart_s:1057311AT OR transactablePart_s:1057311AT OR transactablePart_s:1057311AT) AND salesLocation_s:62681 AND shipLocation_s:14611 AND customerAccount_s:AC0158-1180 AND businessUnit_s:Accu-Tech"", ""userName_s"": ""Jay Mong"", ""refNum_s"": ""100044451""",TRUE,
"""st650* AND salesLocation_s:62530 AND shipLocation_s:15642 AND customerAccount_s:AC0185-7158 AND businessUnit_s:Accu-Tech"", ""userName_s"": ""Matt Duncan"", ""refNum_s"": """"",TRUE,
"""024T88-33190-A3* AND salesLocation_s:62400 AND shipLocation_s:14112 AND customerAccount_s:AC0197-2764 AND businessUnit_s:Accu-Tech"", ""userName_s"": ""Ewan Pessoa"", ""refNum_s"": """"",TRUE,
"""11141650* AND salesLocation_s:62397 AND shipLocation_s:14810 AND customerAccount_s:AC0186-3068 AND businessUnit_s:Accu-Tech"", ""userName_s"": ""Cody Farrar"", ""refNum_s"": """"",TRUE,
"""KVXLC AND shipLocation_s:13417 AND businessUnit_s:Accu-Tech"", ""userName_s"": ""234589"", ""refNum_s"": ""616463""",TRUE,
"""U6-H01NS AND shipLocation_s:15625 AND businessUnit_s:Accu-Tech"", ""userName_s"": ""329187"", ""refNum_s"": ""616459""",TRUE,
"""MX-PNLA-24 AND shipLocation_s:15625 AND businessUnit_s:Accu-Tech"", ""userName_s"": ""329187"", ""refNum_s"": ""616459""",TRUE,
"""TJ600* AND businessUnit_s:Accu-Tech AND shipLocation_s:12702 AND shipLocationOnlyFlag:Y AND advancedPartSearch:Y AND businessUnit_s:Accu-Tech"", ""userName_s"": """", ""refNum_s"": ""100012447""",TRUE,
"""461075 AND shipLocation_s:13429 AND businessUnit_s:Accu-Tech"", ""userName_s"": ""324609"", ""refNum_s"": ""616460""",TRUE,
"""tj600* AND businessUnit_s:Accu-Tech AND shipLocation_s:12702 AND advancedPartSearch:Y AND businessUnit_s:Accu-Tech"", ""userName_s"": """", ""refNum_s"": ""100012447""",TRUE,
"""4460-d* AND businessUnit_s:Accu-Tech AND shipLocation_s:12702 AND advancedPartSearch:Y AND businessUnit_s:Accu-Tech"", ""userName_s"": """", ""refNum_s"": ""100012447""",TRUE,
"""760248227 AND shipLocation_s:14112 AND businessUnit_s:Accu-Tech"", ""userName_s"": ""221887"", ""refNum_s"": ""616456""",TRUE,
"""faspch3 AND shipLocation_s:12304 AND businessUnit_s:Accu-Tech"", ""userName_s"": ""208904"", ""refNum_s"": ""616434""",TRUE,
"""fa AND shipLocation_s:12304 AND businessUnit_s:Accu-Tech"", ""userName_s"": ""208904"", ""refNum_s"": ""616434""",TRUE,
"""CCH-CS12-A9-P00RE* AND salesLocation_s:62530 AND shipLocation_s:15642 AND customerAccount_s:AC0158-2313 AND businessUnit_s:Accu-Tech"", ""userName_s"": ""Greg Griffo"", ""refNum_s"": """"",TRUE,
"""430 AND shipLocation_s:14802 AND businessUnit_s:Accu-Tech"", ""userName_s"": ""208873"", ""refNum_s"": ""614819""",TRUE,
"""cf105/450 AND shipLocation_s:12304 AND businessUnit_s:Accu-Tech"", ""userName_s"": ""208904"", ""refNum_s"": ""568847""",TRUE,
"""cf105/300 AND shipLocation_s:12304 AND businessUnit_s:Accu-Tech"", ""userName_s"": ""208904"", ""refNum_s"": ""568847""",TRUE,
"""11142235* AND salesLocation_s:62399 AND shipLocation_s:15812 AND customerAccount_s:AC0194-6020 AND businessUnit_s:Accu-Tech"", ""userName_s"": ""Shawn Whittingham"", ""refNum_s"": """"",TRUE,
"""5507D-WH* AND salesLocation_s:62473 AND shipLocation_s:13429 AND customerAccount_s:AC0158-6317 AND businessUnit_s:Accu-Tech"", ""userName_s"": ""John-Riley Hathcock"", ""refNum_s"": """"",TRUE,
"""RVAFFPUBK18-S1* AND salesLocation_s:62473 AND shipLocation_s:13429 AND customerAccount_s:AC0158-6317 AND businessUnit_s:Accu-Tech"", ""userName_s"": ""John-Riley Hathcock"", ""refNum_s"": """"",TRUE,
"""PDPK024AB0707* AND salesLocation_s:62473 AND shipLocation_s:13429 AND customerAccount_s:AC0158-6133 AND businessUnit_s:Accu-Tech"", ""userName_s"": ""Jeremy Prevette"", ""refNum_s"": """"",TRUE,
"""760230946* AND salesLocation_s:62532 AND shipLocation_s:11726 AND customerAccount_s:AC0197-1510 AND businessUnit_s:Accu-Tech"", ""userName_s"": ""Christian Anderson"", ""refNum_s"": """"",TRUE,
"""SMB-2P-262* AND salesLocation_s:62532 AND shipLocation_s:11726 AND customerAccount_s:AC0197-1510 AND businessUnit_s:Accu-Tech"", ""userName_s"": ""Christian Anderson"", ""refNum_s"": """"",TRUE,
"""760128017* AND salesLocation_s:62532 AND shipLocation_s:11726 AND customerAccount_s:AC0197-1510 AND businessUnit_s:Accu-Tech"", ""userName_s"": ""Christian Anderson"", ""refNum_s"": """"",TRUE,
"""2019-J-030 AND shipLocation_s:13002 AND businessUnit_s:Accu-Tech"", ""userName_s"": ""233601"", ""refNum_s"": ""616447""",TRUE,
"""760248226* AND businessUnit_s:Accu-Tech AND shipLocation_s:12702 AND advancedPartSearch:Y AND businessUnit_s:Accu-Tech"", ""userName_s"": """", ""refNum_s"": ""100012447""",TRUE,
"""L4024PK1Q* AND businessUnit_s:Accu-Tech AND shipLocation_s:12702 AND advancedPartSearch:Y AND businessUnit_s:Accu-Tech"", ""userName_s"": """", ""refNum_s"": ""100012447""",TRUE,
"""L4024PK1Q* AND salesLocation_s:62395 AND shipLocation_s:12702 AND customerAccount_s:AC0158-3117 AND businessUnit_s:Accu-Tech"", ""userName_s"": ""Amanda Wyckoff"", ""refNum_s"": """"",TRUE,
"""Washer_Supt_Plus AND shipLocation_s:15812 AND businessUnit_s:Accu-Tech"", ""userName_s"": ""216856"", ""refNum_s"": ""616438""",TRUE,
"""AX101731 AND shipLocation_s:12304 AND businessUnit_s:Accu-Tech"", ""userName_s"": ""208904"", ""refNum_s"": ""616437""",TRUE,
"""lt AND shipLocation_s:12304 AND businessUnit_s:Accu-Tech"", ""userName_s"": ""208904"", ""refNum_s"": ""616435""",TRUE,
"""87NWSAZ* AND salesLocation_s:61171 AND shipLocation_s:12402 AND customerAccount_s:AC0001-5961 AND dcLocation_s:7302 AND businessUnit_s:WESCO"", ""userName_s"": ""Danny Jenkins"", ""refNum_s"": """"",FALSE,
"""87CNFH5Z* AND salesLocation_s:61171 AND shipLocation_s:12402 AND customerAccount_s:AC0001-5961 AND dcLocation_s:7302 AND businessUnit_s:WESCO"", ""userName_s"": ""Danny Jenkins"", ""refNum_s"": """"",FALSE,
"""10250-712* AND salesLocation_s:62395 AND shipLocation_s:12702 AND customerAccount_s:AC0158-1821 AND businessUnit_s:Accu-Tech"", ""userName_s"": ""Melissa Saul"", ""refNum_s"": """"",TRUE,
"""77-240-2b* AND salesLocation_s:62395 AND shipLocation_s:12702 AND customerAccount_s:AC0158-1821 AND businessUnit_s:Accu-Tech"", ""userName_s"": ""Melissa Saul"", ""refNum_s"": """"",TRUE,
"""87NWSAZ* AND salesLocation_s:61171 AND shipLocation_s:12402 AND customerAccount_s:AC0001-5961 AND dcLocation_s:7302 AND businessUnit_s:WESCO"", ""userName_s"": ""Danny Jenkins"", ""refNum_s"": """"",FALSE,
"""JBLW14* AND salesLocation_s:62395 AND shipLocation_s:12702 AND customerAccount_s:AC0158-1499 AND businessUnit_s:Accu-Tech"", ""userName_s"": ""Theresa Mills"", ""refNum_s"": """"",TRUE,
"""JBLW14* AND salesLocation_s:62395 AND shipLocation_s:12702 AND customerAccount_s:AC0158-1499 AND businessUnit_s:Accu-Tech"", ""userName_s"": ""Theresa Mills"", ""refNum_s"": """"",TRUE,
"""7R100PCOS* AND salesLocation_s:61171 AND shipLocation_s:12402 AND customerAccount_s:AC0001-5961 AND dcLocation_s:7302 AND businessUnit_s:WESCO"", ""userName_s"": ""Danny Jenkins"", ""refNum_s"": """"",FALSE,
"""JBLW38* AND salesLocation_s:62395 AND shipLocation_s:12702 AND customerAccount_s:AC0158-1499 AND businessUnit_s:Accu-Tech"", ""userName_s"": ""Theresa Mills"", ""refNum_s"": """"",TRUE,
"""PT-GND* AND salesLocation_s:62395 AND shipLocation_s:12702 AND customerAccount_s:AC0158-1499 AND businessUnit_s:Accu-Tech"", ""userName_s"": ""Theresa Mills"", ""refNum_s"": """"",TRUE,
"""75C250HCS8Y* AND salesLocation_s:61171 AND shipLocation_s:12402 AND customerAccount_s:AC0001-5961 AND dcLocation_s:7302 AND businessUnit_s:WESCO"", ""userName_s"": ""Danny Jenkins"", ""refNum_s"": """"",FALSE,
"""/DAN14661* AND salesLocation_s:61171 AND shipLocation_s:12402 AND customerAccount_s:AC0001-5961 AND dcLocation_s:7302 AND businessUnit_s:WESCO"", ""userName_s"": ""Danny Jenkins"", ""refNum_s"": """"",FALSE,
"""/26-1061* AND salesLocation_s:61171 AND shipLocation_s:12402 AND customerAccount_s:AC0001-5961 AND dcLocation_s:7302 AND businessUnit_s:WESCO"", ""userName_s"": ""Danny Jenkins"", ""refNum_s"": """"",FALSE,
"""/M655P* AND salesLocation_s:61171 AND shipLocation_s:12402 AND customerAccount_s:AC0001-5961 AND dcLocation_s:7302 AND businessUnit_s:WESCO"", ""userName_s"": ""Danny Jenkins"", ""refNum_s"": """"",FALSE,
"""BEYZ39444* AND salesLocation_s:61171 AND shipLocation_s:12402 AND customerAccount_s:AC0069-5645 AND dcLocation_s:7302 AND businessUnit_s:WESCO"", ""userName_s"": ""Danny Jenkins"", ""refNum_s"": """"",FALSE,
"""ERIN* AND salesLocation_s:61171 AND shipLocation_s:12402 AND customerAccount_s:AC0069-5645 AND dcLocation_s:7302 AND businessUnit_s:WESCO"", ""userName_s"": ""Danny Jenkins"", ""refNum_s"": """"",FALSE,
"""ax101321* AND salesLocation_s:62395 AND shipLocation_s:12702 AND customerAccount_s:AC0186-0120 AND businessUnit_s:Accu-Tech"", ""userName_s"": ""Amanda Wyckoff"", ""refNum_s"": """"",TRUE,
"""7151825* AND salesLocation_s:62532 AND shipLocation_s:11726 AND customerAccount_s:AC0163-5285 AND businessUnit_s:Accu-Tech"", ""userName_s"": ""Christian Anderson"", ""refNum_s"": """"",TRUE,
"""P30B25M* AND salesLocation_s:61998 AND shipLocation_s:13002 AND customerAccount_s:AC0158-3434 AND businessUnit_s:Accu-Tech"", ""userName_s"": ""Ben Silliman"", ""refNum_s"": """"",TRUE,
"""1116412-4* AND salesLocation_s:62471 AND shipLocation_s:14509 AND customerAccount_s:AC0161-9597 AND businessUnit_s:Accu-Tech"", ""userName_s"": ""Henry Frailey"", ""refNum_s"": """"",TRUE,
"""474223* AND salesLocation_s:60181 AND shipLocation_s:12004 AND customerAccount_s:AC0002-6653 AND businessUnit_s:WESCO"", ""userName_s"": ""Bobbi Lewis"", ""refNum_s"": """"",FALSE,
"""tr20USBAC6* AND salesLocation_s:60682 AND shipLocation_s:15408 AND customerAccount_s:AC0045-5338 AND dcLocation_s:7305 AND businessUnit_s:WESCO"", ""userName_s"": ""Roberto Gonzalez"", ""refNum_s"": """"",FALSE,
"""1070B* AND salesLocation_s:60682 AND shipLocation_s:15408 AND customerAccount_s:AC0045-5338 AND dcLocation_s:7305 AND businessUnit_s:WESCO"", ""userName_s"": ""Roberto Gonzalez"", ""refNum_s"": """"",FALSE,
"""327w* AND salesLocation_s:60682 AND shipLocation_s:15408 AND customerAccount_s:AC0045-5338 AND dcLocation_s:7305 AND businessUnit_s:WESCO"", ""userName_s"": ""Roberto Gonzalez"", ""refNum_s"": """"",FALSE,
"""77-240-2B AND shipLocation_s:16043 AND businessUnit_s:Accu-Tech"", ""userName_s"": ""304249"", ""refNum_s"": ""616366""",TRUE,
"""40 AND shipLocation_s:11305 AND businessUnit_s:Accu-Tech"", ""userName_s"": ""337844"", ""refNum_s"": ""616406""",TRUE,
"""576-110-010 AND shipLocation_s:16041 AND businessUnit_s:Accu-Tech"", ""userName_s"": ""318654"", ""refNum_s"": ""608256""",TRUE,
"""048TU4-T4190D20* AND salesLocation_s:62473 AND shipLocation_s:13429 AND customerAccount_s:AC0158-6194 AND businessUnit_s:Accu-Tech"", ""userName_s"": ""John-Riley Hathcock"", ""refNum_s"": """"",TRUE,
"""BERKTEK_FIBE AND businessUnit_s:Accu-Tech"", ""userName_s"": ""313507"", ""refNum_s"": """"",TRUE,
"""mctp6i-6-54* AND businessUnit_s:Accu-Tech AND shipLocation_s:12114 AND advancedPartSearch:Y AND businessUnit_s:Accu-Tech"", ""userName_s"": """", ""refNum_s"": ""100012447""",TRUE,
"""760004333 AND businessUnit_s:Accu-Tech"", ""userName_s"": ""337844"", ""refNum_s"": """"",TRUE,
"""bch12* AND businessUnit_s:Accu-Tech AND shipLocation_s:12304 AND advancedPartSearch:Y AND businessUnit_s:Accu-Tech"", ""userName_s"": """", ""refNum_s"": ""100012447""",TRUE,
"""2HB12-50JPLR* AND salesLocation_s:61963 AND shipLocation_s:16041 AND customerAccount_s:AC0160-7700 AND businessUnit_s:Accu-Tech"", ""userName_s"": ""Austin Cook"", ""refNum_s"": """"",TRUE,
"""UPX-RLINK-2000R-8 AND shipLocation_s:15416 AND businessUnit_s:Accu-Tech"", ""userName_s"": ""233831"", ""refNum_s"": ""616394""",TRUE,
"""c6-bl-10-s AND shipLocation_s:15416 AND businessUnit_s:Accu-Tech"", ""userName_s"": ""233831"", ""refNum_s"": ""616389""",TRUE,
"""*:* AND transPartOrFilter:(transactablePart_s:1037588AT) AND salesLocation_s:61963 AND shipLocation_s:16041 AND customerAccount_s:AC0158-0377 AND businessUnit_s:Accu-Tech"", ""userName_s"": ""Nina Olson"", ""refNum_s"": ""100085912""",TRUE,
"""4 Square box, 4X4, Deep Box AND businessUnit_s:Accu-Tech"", ""userName_s"": ""331970"", ""refNum_s"": """"",TRUE,
"""2413_d15u1000 AND businessUnit_s:Accu-Tech"", ""userName_s"": ""228593"", ""refNum_s"": ""616377""",TRUE,
"""760072207 AND shipLocation_s:12304 AND businessUnit_s:Accu-Tech"", ""userName_s"": ""308638"", ""refNum_s"": ""595535""",TRUE,
"""F6W1.00WH AND shipLocation_s:15414 AND businessUnit_s:Accu-Tech"", ""userName_s"": ""206565"", ""refNum_s"": ""596020""",TRUE,
"""m14 AND shipLocation_s:15642 AND businessUnit_s:Accu-Tech"", ""userName_s"": ""208850"", ""refNum_s"": ""616376""",TRUE,
"""G757524QPNDDP060F AND shipLocation_s:13603 AND businessUnit_s:Accu-Tech"", ""userName_s"": ""227835"", ""refNum_s"": ""616369""",TRUE,
"""OR-OFP-LCD12AC AND businessUnit_s:Accu-Tech"", ""userName_s"": ""211557"", ""refNum_s"": """"",TRUE,
"""EQ01U-CHC AND businessUnit_s:Accu-Tech"", ""userName_s"": ""211557"", ""refNum_s"": """"",TRUE,
"""co199k2 AND shipLocation_s:15642 AND businessUnit_s:Accu-Tech"", ""userName_s"": ""208850"", ""refNum_s"": ""616376""",TRUE,
"""Commscope_|_UNP-6-DM-2U-48_|_Cat_|_6_|_48_|_Port AND shipLocation_s:15642 AND businessUnit_s:Accu-Tech"", ""userName_s"": ""208850"", ""refNum_s"": ""616376""",TRUE,
"""conduit* AND businessUnit_s:Accu-Tech AND shipLocation_s:16011 AND taxonomy_level_1_s:(\""B17-Network Connectivity\"") AND advancedPartSearch:Y AND businessUnit_s:Accu-Tech"", ""userName_s"": """", ""refNum_s"": ""100012447""",TRUE,
"""PLT3S-M AND shipLocation_s:13603 AND businessUnit_s:Accu-Tech"", ""userName_s"": ""236163"", ""refNum_s"": ""615989""",TRUE,
"""cs44p AND shipLocation_s:15642 AND businessUnit_s:Accu-Tech"", ""userName_s"": ""208850"", ""refNum_s"": ""616376""",TRUE,
"""048EWP-T4101DA3 AND shipLocation_s:15609 AND businessUnit_s:Accu-Tech"", ""userName_s"": ""337705"", ""refNum_s"": ""616361""",TRUE,
"""AR3340B2* AND salesLocation_s:62530 AND shipLocation_s:15642 AND customerAccount_s:AC0160-8672 AND businessUnit_s:Accu-Tech"", ""userName_s"": ""Greg Griffo"", ""refNum_s"": """"",TRUE,
"""B077959TD2 AND shipLocation_s:12601 AND businessUnit_s:Accu-Tech"", ""userName_s"": ""224014"", ""refNum_s"": ""616316""",TRUE,
"""jacks* AND businessUnit_s:Accu-Tech AND shipLocation_s:16011 AND taxonomy_level_1_s:(\""B17-Network Connectivity\"") AND advancedPartSearch:Y AND businessUnit_s:Accu-Tech"", ""userName_s"": """", ""refNum_s"": ""100012447""",TRUE,
"""GACBJ68U AND shipLocation_s:11726 AND businessUnit_s:Accu-Tech"", ""userName_s"": ""236339"", ""refNum_s"": ""615317""",TRUE,
"""760238121 AND shipLocation_s:13603 AND businessUnit_s:Accu-Tech"", ""userName_s"": ""236163"", ""refNum_s"": ""615989""",TRUE,
"""66-240-2a* AND salesLocation_s:62531 AND shipLocation_s:15625 AND customerAccount_s:AC0194-0534 AND businessUnit_s:Accu-Tech"", ""userName_s"": ""Dean Laden"", ""refNum_s"": """"",TRUE,
"""FHS9N-12* AND salesLocation_s:62746 AND shipLocation_s:15428 AND customerAccount_s:AC0159-1428 AND businessUnit_s:Accu-Tech"", ""userName_s"": ""Robert Bodnar"", ""refNum_s"": """"",TRUE,
"""LEK12B AND shipLocation_s:11726 AND businessUnit_s:Accu-Tech"", ""userName_s"": ""236339"", ""refNum_s"": ""615317""",TRUE,
"""1034128AT* AND businessUnit_s:Accu-Tech AND shipLocation_s:16043 AND advancedPartSearch:Y AND businessUnit_s:Accu-Tech"", ""userName_s"": """", ""refNum_s"": ""100012447""",TRUE,
"""11791-718* AND salesLocation_s:61960 AND shipLocation_s:16043 AND customerAccount_s:AC0158-1660 AND businessUnit_s:Accu-Tech"", ""userName_s"": ""Alton Balentine"", ""refNum_s"": """"",TRUE,
"""flex4u06* AND salesLocation_s:62746 AND shipLocation_s:15428 AND customerAccount_s:AC0159-1428 AND businessUnit_s:Accu-Tech"", ""userName_s"": ""Robert Bodnar"", ""refNum_s"": """"",TRUE,
"""CCH-CS24-A9-P00RE AND shipLocation_s:16041 AND businessUnit_s:Accu-Tech"", ""userName_s"": ""331970"", ""refNum_s"": ""614270""",TRUE,
"""B0D2ML37CR AND shipLocation_s:12601 AND businessUnit_s:Accu-Tech"", ""userName_s"": ""224014"", ""refNum_s"": ""616316""",TRUE,
"""ax103 AND businessUnit_s:Accu-Tech"", ""userName_s"": ""329125"", ""refNum_s"": """"",TRUE,
"""125-0990 AND shipLocation_s:11726 AND businessUnit_s:Accu-Tech"", ""userName_s"": ""236339"", ""refNum_s"": ""615317""",TRUE,
"""TSC-101-G3* AND salesLocation_s:60181 AND shipLocation_s:12004 AND customerAccount_s:AC0200-5700 AND businessUnit_s:WESCO"", ""userName_s"": ""Olaf Morledge"", ""refNum_s"": """"",FALSE,
"""CF_54/150_EZ AND shipLocation_s:16043 AND businessUnit_s:Accu-Tech"", ""userName_s"": ""227199"", ""refNum_s"": ""616250""",TRUE,
"""42 AND shipLocation_s:15609 AND businessUnit_s:Accu-Tech"", ""userName_s"": ""337705"", ""refNum_s"": ""616361""",TRUE,
"""DPLN AND shipLocation_s:15609 AND businessUnit_s:Accu-Tech"", ""userName_s"": ""337705"", ""refNum_s"": ""616361""",TRUE,
"""012 AND shipLocation_s:11726 AND businessUnit_s:Accu-Tech"", ""userName_s"": ""331169"", ""refNum_s"": ""616362""",TRUE,
"""mv105* AND salesLocation_s:60608 AND shipLocation_s:12008 AND customerAccount_s:AC0155-5833 AND dcLocation_s:7305 AND businessUnit_s:WESCO"", ""userName_s"": ""Noah Gelman"", ""refNum_s"": """"",FALSE,
"""TOP_WASHERSS AND shipLocation_s:11305 AND businessUnit_s:Accu-Tech"", ""userName_s"": ""337844"", ""refNum_s"": ""616356""",TRUE,
"""41089-1WP AND shipLocation_s:14506 AND businessUnit_s:Accu-Tech"", ""userName_s"": ""320529"", ""refNum_s"": ""616321""",TRUE,
"""5500-192* AND salesLocation_s:62399 AND shipLocation_s:15812 AND customerAccount_s:AC0158-4442 AND businessUnit_s:Accu-Tech"", ""userName_s"": ""Dennis Donegan"", ""refNum_s"": """"",TRUE,
"""BC850R AND shipLocation_s:13002 AND businessUnit_s:Accu-Tech"", ""userName_s"": ""233601"", ""refNum_s"": ""616252""",TRUE,
"""W4012K101* AND businessUnit_s:Accu-Tech AND shipLocation_s:16011 AND advancedPartSearch:Y AND businessUnit_s:Accu-Tech"", ""userName_s"": """", ""refNum_s"": ""100012447""",TRUE,
"""725116yl AND shipLocation_s:11102 AND businessUnit_s:Accu-Tech"", ""userName_s"": ""208786"", ""refNum_s"": ""616348""",TRUE,
"""blue_cat6 AND shipLocation_s:12114 AND businessUnit_s:Accu-Tech"", ""userName_s"": ""228102"", ""refNum_s"": ""607219""",TRUE,
"""RVUTT01 AND shipLocation_s:12601 AND businessUnit_s:Accu-Tech"", ""userName_s"": ""224014"", ""refNum_s"": ""616316""",TRUE,
"""E19SEMM12U24 AND shipLocation_s:11305 AND businessUnit_s:Accu-Tech"", ""userName_s"": ""337844"", ""refNum_s"": ""615563""",TRUE,
"""cat6 blue AND businessUnit_s:Accu-Tech"", ""userName_s"": ""228102"", ""refNum_s"": """"",TRUE,
"""HLS-75RO AND shipLocation_s:11726 AND businessUnit_s:Accu-Tech"", ""userName_s"": ""236339"", ""refNum_s"": ""616216""",TRUE,
"""14 AND shipLocation_s:15812 AND businessUnit_s:Accu-Tech"", ""userName_s"": ""216856"", ""refNum_s"": ""616319""",TRUE,
"""6AS10-7W AND shipLocation_s:15009 AND businessUnit_s:Accu-Tech"", ""userName_s"": ""231421"", ""refNum_s"": ""616338""",TRUE,
"""MV-RR44 AND businessUnit_s:Accu-Tech"", ""userName_s"": ""328995"", ""refNum_s"": ""616179""",TRUE,
"""OR-HDJ6A-88 AND shipLocation_s:11726 AND businessUnit_s:Accu-Tech"", ""userName_s"": ""236339"", ""refNum_s"": ""616216""",TRUE,
"""sp AND shipLocation_s:16043 AND businessUnit_s:Accu-Tech"", ""userName_s"": ""227199"", ""refNum_s"": ""616340""",TRUE,
"""cch-03u AND shipLocation_s:15812 AND businessUnit_s:Accu-Tech"", ""userName_s"": ""321886"", ""refNum_s"": ""616335""",TRUE,
"""M9B511 AND shipLocation_s:14611 AND businessUnit_s:Accu-Tech"", ""userName_s"": ""339347"", ""refNum_s"": ""615366""",TRUE,
"""DWR-RR18 AND businessUnit_s:Accu-Tech"", ""userName_s"": ""328995"", ""refNum_s"": ""616179""",TRUE,
"""11143100 AND shipLocation_s:11411 AND businessUnit_s:Accu-Tech"", ""userName_s"": ""336136"", ""refNum_s"": ""605987""",TRUE,
"""8006 AND shipLocation_s:14611 AND businessUnit_s:Accu-Tech"", ""userName_s"": ""339347"", ""refNum_s"": ""615366""",TRUE,
"""012E88- AND shipLocation_s:11726 AND businessUnit_s:Accu-Tech"", ""userName_s"": ""236339"", ""refNum_s"": ""616216""",TRUE,
"""OR-MC6A05-06 AND shipLocation_s:11726 AND businessUnit_s:Accu-Tech"", ""userName_s"": ""236339"", ""refNum_s"": ""616216""",TRUE,
"""95-000-40* AND businessUnit_s:Accu-Tech AND shipLocation_s:12702 AND advancedPartSearch:Y AND businessUnit_s:Accu-Tech"", ""userName_s"": """", ""refNum_s"": ""100012447""",TRUE,
"""78052100200* AND salesLocation_s:60001 AND shipLocation_s:12619 AND customerAccount_s:AC0155-5833 AND dcLocation_s:7302 AND businessUnit_s:WESCO"", ""userName_s"": ""Christopher Stone"", ""refNum_s"": """"",FALSE,
"""R_1038 AND shipLocation_s:16041 AND businessUnit_s:Accu-Tech"", ""userName_s"": ""331970"", ""refNum_s"": ""614270""",TRUE,
"""5k-14-01 AND shipLocation_s:12702 AND businessUnit_s:Accu-Tech"", ""userName_s"": ""238367"", ""refNum_s"": ""612582""",TRUE,
"""122883D01* AND businessUnit_s:Accu-Tech AND shipLocation_s:15625 AND advancedPartSearch:Y AND businessUnit_s:Accu-Tech"", ""userName_s"": """", ""refNum_s"": ""100012447""",TRUE,
"""6A-272-4B AND shipLocation_s:11726 AND businessUnit_s:Accu-Tech"", ""userName_s"": ""236339"", ""refNum_s"": ""616216""",TRUE,
"""10608-X01 AND shipLocation_s:16043 AND businessUnit_s:Accu-Tech"", ""userName_s"": ""227199"", ""refNum_s"": ""616272""",TRUE,
"""97085a833 AND shipLocation_s:13603 AND businessUnit_s:Accu-Tech"", ""userName_s"": ""236163"", ""refNum_s"": ""615989""",TRUE,
"""*:* AND transPartOrFilter:(transactablePart_s:BE6337255 OR transactablePart_s:BEY37Y265 OR transactablePart_s:BE7392432 OR transactablePart_s:BEZ947824 OR transactablePart_s:BEZ947347 OR transactablePart_s:BEZ989594 OR transactablePart_s:BEYZ345Y6 OR transactablePart_s:WXATM2A23 OR transactablePart_s:RMMJ62A23 OR transactablePart_s:BE294YZZ3 OR transactablePart_s:BE2929722 OR transactablePart_s:BE29Y54ZZ OR transactablePart_s:BE28584YY OR transactablePart_s:BE28646Z2 OR transactablePart_s:BE2774962 OR transactablePart_s:DH43Y6762 OR transactablePart_s:EE66Z42Y8 OR transactablePart_s:DH43Y924Z OR transactablePart_s:BE4Y34Y88 OR transactablePart_s:BE3Z32584) AND salesLocation_s:60682 AND shipLocation_s:15408 AND dcLocation_s:7305 AND customerAccount_s:AC0067-2995 AND businessUnit_s:WESCO"", ""userName_s"": ""Brian Wortmann"", ""refNum_s"": ""QU100030120""",FALSE,
"""gec* AND salesLocation_s:62530 AND shipLocation_s:15642 AND customerAccount_s:AC0197-3668 AND businessUnit_s:Accu-Tech"", ""userName_s"": ""Greg Griffo"", ""refNum_s"": """"",TRUE,
"""J8747* AND salesLocation_s:60001 AND shipLocation_s:12619 AND customerAccount_s:AC0000-5694 AND dcLocation_s:7302 AND businessUnit_s:WESCO"", ""userName_s"": ""Josephine Trupiano"", ""refNum_s"": """"",FALSE,
"""H500-(NUMBER)* AND salesLocation_s:60001 AND shipLocation_s:12619 AND customerAccount_s:AC0155-5833 AND dcLocation_s:7302 AND businessUnit_s:WESCO"", ""userName_s"": ""Christopher Stone"", ""refNum_s"": """"",FALSE,
"""95-200-99 AND businessUnit_s:Accu-Tech"", ""userName_s"": ""228102"", ""refNum_s"": """"",TRUE,
"""7214E* AND businessUnit_s:WESCO AND shipLocation_s:12402 AND advancedPartSearch:Y AND businessUnit_s:WESCO"", ""userName_s"": """", ""refNum_s"": ""100012447""",FALSE,
"""P-024-OD-8W-FSUBK AND shipLocation_s:16041 AND businessUnit_s:Accu-Tech"", ""userName_s"": ""331970"", ""refNum_s"": ""614270""",TRUE,
"""PFP6X04BU-UGZ AND shipLocation_s:13002 AND businessUnit_s:Accu-Tech"", ""userName_s"": ""233601"", ""refNum_s"": ""616252""",TRUE,
"""MM10VMD710-B* AND businessUnit_s:Accu-Tech AND shipLocation_s:11411 AND advancedPartSearch:Y AND businessUnit_s:Accu-Tech"", ""userName_s"": """", ""refNum_s"": ""100012447""",TRUE,
"""3613 010* AND salesLocation_s:62744 AND shipLocation_s:15416 AND customerAccount_s:AC0158-8013 AND businessUnit_s:Accu-Tech"", ""userName_s"": ""Chanel Cannon"", ""refNum_s"": """"",TRUE,
"""SRcableduct1u AND shipLocation_s:12702 AND businessUnit_s:Accu-Tech"", ""userName_s"": ""339478"", ""refNum_s"": ""614799""",TRUE,
"""1007524AT* AND businessUnit_s:Accu-Tech AND shipLocation_s:11411 AND advancedPartSearch:Y AND businessUnit_s:Accu-Tech"", ""userName_s"": """", ""refNum_s"": ""100012447""",TRUE,
"""LD5 AND shipLocation_s:12702 AND businessUnit_s:Accu-Tech"", ""userName_s"": ""323615"", ""refNum_s"": ""616274""",TRUE,
"""55053-703* AND salesLocation_s:62401 AND shipLocation_s:12601 AND customerAccount_s:AC0199-3161 AND businessUnit_s:Accu-Tech"", ""userName_s"": ""Russell Walsh"", ""refNum_s"": """"",TRUE,
"""FRE1UBL AND shipLocation_s:13002 AND businessUnit_s:Accu-Tech"", ""userName_s"": ""233601"", ""refNum_s"": ""616252""",TRUE,
"""ukj10g AND businessUnit_s:Accu-Tech"", ""userName_s"": ""329187"", ""refNum_s"": """"",TRUE,
"""*:* AND transPartOrFilter:(transactablePart_s:1055564AT) AND salesLocation_s:62401 AND shipLocation_s:12601 AND customerAccount_s:AC0194-6139 AND businessUnit_s:Accu-Tech"", ""userName_s"": ""Nolan Ostrander"", ""refNum_s"": ""100085763""",TRUE,
"""760241176 AND shipLocation_s:15625 AND businessUnit_s:Accu-Tech"", ""userName_s"": ""239937"", ""refNum_s"": ""616256""",TRUE,
"""cch-01u AND shipLocation_s:12908 AND businessUnit_s:Accu-Tech"", ""userName_s"": ""233430"", ""refNum_s"": ""616226""",TRUE,
"""760110981 AND shipLocation_s:15625 AND businessUnit_s:Accu-Tech"", ""userName_s"": ""239937"", ""refNum_s"": ""616256""",TRUE,
"""113 AND shipLocation_s:12114 AND businessUnit_s:Accu-Tech"", ""userName_s"": ""235882"", ""refNum_s"": ""616242""",TRUE,
"""048zu4-t4f22d20 AND shipLocation_s:14802 AND businessUnit_s:Accu-Tech"", ""userName_s"": ""208873"", ""refNum_s"": ""616258""",TRUE,
"""SPKS AND shipLocation_s:12114 AND businessUnit_s:Accu-Tech"", ""userName_s"": ""235882"", ""refNum_s"": ""616242""",TRUE,
"""GST-400A* AND salesLocation_s:69609 AND shipLocation_s:12702 AND customerAccount_s:AC0158-2845 AND businessUnit_s:Accu-Tech"", ""userName_s"": ""Tyler Sauer"", ""refNum_s"": """"",TRUE,
"""ksb10 AND shipLocation_s:12114 AND businessUnit_s:Accu-Tech"", ""userName_s"": ""235882"", ""refNum_s"": ""616242""",TRUE,
"""048zu4* AND salesLocation_s:62396 AND shipLocation_s:14802 AND customerAccount_s:AC0186-3068 AND businessUnit_s:Accu-Tech"", ""userName_s"": ""Andrew Holman"", ""refNum_s"": """"",TRUE,
"""2412 0081000* AND businessUnit_s:Accu-Tech AND shipLocation_s:12702 AND mfgPartNumberFilter:Y AND advancedPartSearch:Y AND businessUnit_s:Accu-Tech"", ""userName_s"": """", ""refNum_s"": ""100012447""",TRUE,
"""VTN-TN-PRO* AND salesLocation_s:69609 AND shipLocation_s:12702 AND customerAccount_s:AC0161-4250 AND businessUnit_s:Accu-Tech"", ""userName_s"": ""Ryan Punsalan"", ""refNum_s"": """"",TRUE,
"""usl10g-or* AND salesLocation_s:62472 AND shipLocation_s:14506 AND customerAccount_s:AC0158-6783 AND businessUnit_s:Accu-Tech"", ""userName_s"": ""Brian Hughes"", ""refNum_s"": """"",TRUE,
"""RV6MJKUBL-S1* AND salesLocation_s:62395 AND shipLocation_s:12702 AND customerAccount_s:AC0186-0120 AND businessUnit_s:Accu-Tech"", ""userName_s"": ""Amanda Wyckoff"", ""refNum_s"": """"",TRUE,
"""JBP1DWH AND shipLocation_s:12304 AND businessUnit_s:Accu-Tech"", ""userName_s"": ""208904"", ""refNum_s"": ""616234""",TRUE,
"""bch21-w2 AND shipLocation_s:12304 AND businessUnit_s:Accu-Tech"", ""userName_s"": ""208904"", ""refNum_s"": ""616234""",TRUE,
"""unc10g* AND salesLocation_s:62530 AND shipLocation_s:15642 AND customerAccount_s:AC0197-3668 AND businessUnit_s:Accu-Tech"", ""userName_s"": ""Greg Griffo"", ""refNum_s"": """"",TRUE,
"""2HB12-50JPLR AND shipLocation_s:12908 AND businessUnit_s:Accu-Tech"", ""userName_s"": ""321469"", ""refNum_s"": ""603652""",TRUE,
"""ICA12-50JPLLR-ARMR AND shipLocation_s:12908 AND businessUnit_s:Accu-Tech"", ""userName_s"": ""321469"", ""refNum_s"": ""603652""",TRUE,
"""30130-719* AND salesLocation_s:62401 AND shipLocation_s:12601 AND customerAccount_s:AC0159-8146 AND businessUnit_s:Accu-Tech"", ""userName_s"": ""Leesette Bengar"", ""refNum_s"": """"",TRUE,
"""6110g-ry6* AND salesLocation_s:62531 AND shipLocation_s:15625 AND customerAccount_s:AC0158-5084 AND businessUnit_s:Accu-Tech"", ""userName_s"": ""Christian Beaudet"", ""refNum_s"": """"",TRUE,
"""*:* AND transPartOrFilter:(transactablePart_s:1004291AT OR transactablePart_s:1002710AT OR transactablePart_s:1028507AT OR transactablePart_s:1008007AT) AND salesLocation_s:62530 AND shipLocation_s:15642 AND customerAccount_s:AC0162-4866 AND businessUnit_s:Accu-Tech"", ""userName_s"": ""Billy Caine"", ""refNum_s"": ""100085688""",TRUE,
"""30530-719* AND salesLocation_s:62536 AND shipLocation_s:15609 AND customerAccount_s:AC0159-0269 AND businessUnit_s:Accu-Tech"", ""userName_s"": ""Jason Jarvis"", ""refNum_s"": """"",TRUE,
"""fcsx12ldfp* AND salesLocation_s:62395 AND shipLocation_s:12702 AND customerAccount_s:AC0186-3068 AND businessUnit_s:Accu-Tech"", ""userName_s"": ""Melissa Saul"", ""refNum_s"": """"",TRUE,
"""wrr-p-e201w-32tb AND businessUnit_s:Accu-Tech"", ""userName_s"": ""328995"", ""refNum_s"": ""616179""",TRUE,
"""PHA66U48* AND salesLocation_s:62401 AND shipLocation_s:12601 AND customerAccount_s:AC0194-6139 AND businessUnit_s:Accu-Tech"", ""userName_s"": ""Nolan Ostrander"", ""refNum_s"": """"",TRUE,
"""FTSLC900PR12* AND salesLocation_s:61961 AND shipLocation_s:16011 AND customerAccount_s:AC0161-0766 AND businessUnit_s:Accu-Tech"", ""userName_s"": ""Marlon Doppe"", ""refNum_s"": """"",TRUE,
"""1008095AT* AND businessUnit_s:Accu-Tech AND shipLocation_s:16023 AND advancedPartSearch:Y AND businessUnit_s:Accu-Tech"", ""userName_s"": """", ""refNum_s"": ""100012447""",TRUE,
"""7131100* AND salesLocation_s:62532 AND shipLocation_s:11726 AND customerAccount_s:AC0163-5285 AND businessUnit_s:Accu-Tech"", ""userName_s"": ""Christian Anderson"", ""refNum_s"": """"",TRUE,
"""42080-4IS AND businessUnit_s:Accu-Tech"", ""userName_s"": ""323615"", ""refNum_s"": """"",TRUE,
"""kssmb2* AND salesLocation_s:62395 AND shipLocation_s:12702 AND customerAccount_s:AC0186-0120 AND businessUnit_s:Accu-Tech"", ""userName_s"": ""Amanda Wyckoff"", ""refNum_s"": """"",TRUE,
"""AX104156* AND salesLocation_s:61997 AND shipLocation_s:12114 AND customerAccount_s:AC0158-9264 AND businessUnit_s:Accu-Tech"", ""userName_s"": ""Melisha Savage"", ""refNum_s"": """"",TRUE,
"""2412009* AND salesLocation_s:62399 AND shipLocation_s:15812 AND customerAccount_s:AC0197-2231 AND businessUnit_s:Accu-Tech"", ""userName_s"": ""Patrick Sweeney"", ""refNum_s"": """"",TRUE,
"""TF1010WH-X AND shipLocation_s:15416 AND businessUnit_s:Accu-Tech"", ""userName_s"": ""233831"", ""refNum_s"": ""616201""",TRUE,
"""sskf4* AND salesLocation_s:61960 AND shipLocation_s:16043 AND customerAccount_s:AC0158-0368 AND businessUnit_s:Accu-Tech"", ""userName_s"": ""Alton Balentine"", ""refNum_s"": """"",TRUE,
"""T00033020* AND salesLocation_s:60682 AND shipLocation_s:15408 AND customerAccount_s:AC0087-7485 AND dcLocation_s:7305 AND businessUnit_s:WESCO"", ""userName_s"": ""Nicholas Garets"", ""refNum_s"": """"",FALSE,
"""B077FYJTDL* AND salesLocation_s:62396 AND shipLocation_s:14802 AND customerAccount_s:AC0158-2467 AND businessUnit_s:Accu-Tech"", ""userName_s"": ""Andrew Holman"", ""refNum_s"": """"",TRUE,
"""CFP2WHY AND shipLocation_s:15416 AND businessUnit_s:Accu-Tech"", ""userName_s"": ""233831"", ""refNum_s"": ""616201""",TRUE,
"""PNM-9000QB AND businessUnit_s:Accu-Tech"", ""userName_s"": ""328995"", ""refNum_s"": ""616179""",TRUE,
"""6A-272-4B* AND salesLocation_s:62395 AND shipLocation_s:12702 AND customerAccount_s:AC0186-0120 AND businessUnit_s:Accu-Tech"", ""userName_s"": ""Amanda Wyckoff"", ""refNum_s"": """"",TRUE,
"""30987 AND shipLocation_s:12908 AND businessUnit_s:Accu-Tech"", ""userName_s"": ""233430"", ""refNum_s"": ""616189""",TRUE,
"""FDC3328PGB* AND salesLocation_s:60001 AND shipLocation_s:12619 AND customerAccount_s:AC0155-5833 AND dcLocation_s:7302 AND businessUnit_s:WESCO"", ""userName_s"": ""Christopher Stone"", ""refNum_s"": """"",FALSE,
"""GLL424D9P035F AND shipLocation_s:15812 AND businessUnit_s:Accu-Tech"", ""userName_s"": ""216856"", ""refNum_s"": ""616190""",TRUE,
"""nk688 AND shipLocation_s:16043 AND businessUnit_s:Accu-Tech"", ""userName_s"": ""227199"", ""refNum_s"": ""616191""",TRUE,
"""10610-019* AND salesLocation_s:62533 AND shipLocation_s:11102 AND customerAccount_s:AC0163-4656 AND businessUnit_s:Accu-Tech"", ""userName_s"": ""Steven King"", ""refNum_s"": """"",TRUE,
"""CFP-Q-ADD* AND salesLocation_s:62395 AND shipLocation_s:12702 AND customerAccount_s:AC0197-2428 AND businessUnit_s:Accu-Tech"", ""userName_s"": ""Parker Mitchell"", ""refNum_s"": """"",TRUE,
"""nk2 AND shipLocation_s:16043 AND businessUnit_s:Accu-Tech"", ""userName_s"": ""227199"", ""refNum_s"": ""616191""",TRUE,
"""nk AND shipLocation_s:16043 AND businessUnit_s:Accu-Tech"", ""userName_s"": ""227199"", ""refNum_s"": ""616191""",TRUE,
"""10607- AND shipLocation_s:11726 AND businessUnit_s:Accu-Tech"", ""userName_s"": ""331169"", ""refNum_s"": ""616188""",TRUE,
"""10487-701 AND shipLocation_s:11726 AND businessUnit_s:Accu-Tech"", ""userName_s"": ""331169"", ""refNum_s"": ""616188""",TRUE,
"""46F09-12-240* AND salesLocation_s:60682 AND shipLocation_s:15408 AND customerAccount_s:AC0087-7485 AND dcLocation_s:7305 AND businessUnit_s:WESCO"", ""userName_s"": ""Nicholas Garets"", ""refNum_s"": """"",FALSE,
"""QNV-6024RM AND businessUnit_s:Accu-Tech"", ""userName_s"": ""328995"", ""refNum_s"": ""616179""",TRUE,
"""1X4WPG6* AND salesLocation_s:60682 AND shipLocation_s:15408 AND customerAccount_s:AC0045-0214 AND dcLocation_s:7305 AND businessUnit_s:WESCO"", ""userName_s"": ""Aidee Gonzalez"", ""refNum_s"": """"",FALSE,
"""sb2133 AND shipLocation_s:11726 AND businessUnit_s:Accu-Tech"", ""userName_s"": ""236339"", ""refNum_s"": ""616129""",TRUE,
"""CJ688TGYL* AND salesLocation_s:69609 AND shipLocation_s:12702 AND customerAccount_s:AC0159-4533 AND businessUnit_s:Accu-Tech"", ""userName_s"": ""Garrett Harding"", ""refNum_s"": """"",TRUE,
"""MM20724-B* AND salesLocation_s:62401 AND shipLocation_s:12601 AND customerAccount_s:AC0158-3959 AND businessUnit_s:Accu-Tech"", ""userName_s"": ""Brenna Greene"", ""refNum_s"": """"",TRUE,
"""T00033013* AND salesLocation_s:62681 AND shipLocation_s:14611 AND customerAccount_s:AC0185-7153 AND businessUnit_s:Accu-Tech"", ""userName_s"": ""Peter Weidman-Keneagy"", ""refNum_s"": """"",TRUE,
"""11142628* AND salesLocation_s:62473 AND shipLocation_s:13429 AND customerAccount_s:AC0158-6580 AND businessUnit_s:Accu-Tech"", ""userName_s"": ""Sean Robinson"", ""refNum_s"": """"",TRUE,
"""ix-mv7-HW-JP AND shipLocation_s:15428 AND businessUnit_s:Accu-Tech"", ""userName_s"": ""239908"", ""refNum_s"": ""616174""",TRUE,
"""iw AND shipLocation_s:15428 AND businessUnit_s:Accu-Tech"", ""userName_s"": ""239908"", ""refNum_s"": ""616174""",TRUE,
"""cat124z34* AND salesLocation_s:61996 AND shipLocation_s:12304 AND customerAccount_s:AC0163-3998 AND businessUnit_s:Accu-Tech"", ""userName_s"": ""Nathan Ward"", ""refNum_s"": """"",TRUE,
"""HGBL750DB1 AND shipLocation_s:15812 AND businessUnit_s:Accu-Tech"", ""userName_s"": ""321886"", ""refNum_s"": ""616010""",TRUE,
"""2412FS_006 AND businessUnit_s:Accu-Tech"", ""userName_s"": ""328842"", ""refNum_s"": ""616173""",TRUE,
"""144EC8-14101 AND shipLocation_s:14112 AND businessUnit_s:Accu-Tech"", ""userName_s"": ""221887"", ""refNum_s"": ""615252""",TRUE,
"""sb AND shipLocation_s:11726 AND businessUnit_s:Accu-Tech"", ""userName_s"": ""236339"", ""refNum_s"": ""616129""",TRUE,
"""RGB19B AND shipLocation_s:13603 AND businessUnit_s:Accu-Tech"", ""userName_s"": ""227835"", ""refNum_s"": ""616162""",TRUE,
"""STTLOC-203-2500-010* AND salesLocation_s:61963 AND shipLocation_s:16041 AND customerAccount_s:AC0162-5728 AND businessUnit_s:Accu-Tech"", ""userName_s"": ""Daine King"", ""refNum_s"": """"",TRUE,
"""WP805-1.5OL* AND salesLocation_s:62680 AND shipLocation_s:14205 AND customerAccount_s:AC0163-3763 AND businessUnit_s:Accu-Tech"", ""userName_s"": ""Sean Stazen"", ""refNum_s"": """"",TRUE,
"""cppl AND shipLocation_s:13603 AND businessUnit_s:Accu-Tech"", ""userName_s"": ""236163"", ""refNum_s"": ""616097""",TRUE,
"""PGEM* AND salesLocation_s:60001 AND shipLocation_s:12619 AND customerAccount_s:AC0000-5694 AND dcLocation_s:7302 AND businessUnit_s:WESCO"", ""userName_s"": ""Josephine Trupiano"", ""refNum_s"": """"",FALSE,
"""RY-1824L AND shipLocation_s:15812 AND businessUnit_s:Accu-Tech"", ""userName_s"": ""321886"", ""refNum_s"": ""616010""",TRUE,
"""ifp16ow AND shipLocation_s:11305 AND businessUnit_s:Accu-Tech"", ""userName_s"": ""337844"", ""refNum_s"": ""616166""",TRUE,
"""78227451450* AND salesLocation_s:60682 AND shipLocation_s:15408 AND customerAccount_s:AC0015-4621 AND dcLocation_s:7305 AND businessUnit_s:WESCO"", ""userName_s"": ""Nicholas Garets"", ""refNum_s"": """"",FALSE,
"""CCH-BLNK AND shipLocation_s:16041 AND businessUnit_s:Accu-Tech"", ""userName_s"": ""331970"", ""refNum_s"": ""616102""",TRUE,
"""MXE64284BK5300* AND salesLocation_s:62681 AND shipLocation_s:14611 AND customerAccount_s:AC0185-7153 AND businessUnit_s:Accu-Tech"", ""userName_s"": ""Peter Weidman-Keneagy"", ""refNum_s"": """"",TRUE,
"""haz drm 00020* AND salesLocation_s:60001 AND shipLocation_s:12619 AND customerAccount_s:AC0013-3669 AND dcLocation_s:7302 AND businessUnit_s:WESCO"", ""userName_s"": ""Alisa Gelinas"", ""refNum_s"": """"",FALSE,
"""AX-084C AND shipLocation_s:15812 AND businessUnit_s:Accu-Tech"", ""userName_s"": ""321886"", ""refNum_s"": ""616010""",TRUE,
"""1880ena1/nsc AND shipLocation_s:11726 AND businessUnit_s:Accu-Tech"", ""userName_s"": ""236339"", ""refNum_s"": ""616129""",TRUE,
"""1880ena1/ AND shipLocation_s:11726 AND businessUnit_s:Accu-Tech"", ""userName_s"": ""236339"", ""refNum_s"": ""616129""",TRUE,
"""1880eca1 AND shipLocation_s:11726 AND businessUnit_s:Accu-Tech"", ""userName_s"": ""236339"", ""refNum_s"": ""616129""",TRUE,
"""I99993-1B AND shipLocation_s:15428 AND businessUnit_s:Accu-Tech"", ""userName_s"": ""239908"", ""refNum_s"": ""616120""",TRUE,
"""760180059* AND businessUnit_s:Accu-Tech AND shipLocation_s:12702 AND advancedPartSearch:Y AND businessUnit_s:Accu-Tech"", ""userName_s"": """", ""refNum_s"": ""100012447""",TRUE,
"""AFP14BK* AND salesLocation_s:62536 AND shipLocation_s:15609 AND customerAccount_s:AC0158-1970 AND businessUnit_s:Accu-Tech"", ""userName_s"": ""Jason Jarvis"", ""refNum_s"": """"",TRUE,
"""CMFIW AND businessUnit_s:Accu-Tech"", ""userName_s"": ""236157"", ""refNum_s"": ""616117""",TRUE,
"""5344* AND salesLocation_s:60682 AND shipLocation_s:15408 AND customerAccount_s:AC0005-9619 AND dcLocation_s:7305 AND businessUnit_s:WESCO"", ""userName_s"": ""Roberto Gonzalez"", ""refNum_s"": """"",FALSE,
"""694667-000* AND salesLocation_s:62401 AND shipLocation_s:12601 AND customerAccount_s:AC0159-5061 AND businessUnit_s:Accu-Tech"", ""userName_s"": ""Russell Walsh"", ""refNum_s"": """"",TRUE,
"""USL10G-SHLD* AND salesLocation_s:62471 AND shipLocation_s:14509 AND customerAccount_s:AC0186-3068 AND businessUnit_s:Accu-Tech"", ""userName_s"": ""Henry Frailey"", ""refNum_s"": """"",TRUE,
"""xc6as- AND shipLocation_s:15642 AND businessUnit_s:Accu-Tech"", ""userName_s"": ""208850"", ""refNum_s"": ""616155""",TRUE,
"""93175122* AND salesLocation_s:62401 AND shipLocation_s:12601 AND customerAccount_s:AC0158-3959 AND businessUnit_s:Accu-Tech"", ""userName_s"": ""Brenna Greene"", ""refNum_s"": """"",TRUE,
"""SC15HG116-BM* AND salesLocation_s:60001 AND shipLocation_s:12619 AND customerAccount_s:AC0062-8178 AND dcLocation_s:7302 AND businessUnit_s:WESCO"", ""userName_s"": ""Josephine Trupiano"", ""refNum_s"": """"",FALSE,
"""m AND shipLocation_s:16041 AND businessUnit_s:Accu-Tech"", ""userName_s"": ""318654"", ""refNum_s"": ""616128""",TRUE,
"""mule AND shipLocation_s:16041 AND businessUnit_s:Accu-Tech"", ""userName_s"": ""318654"", ""refNum_s"": ""616128""",TRUE,
"""60 AND shipLocation_s:12702 AND businessUnit_s:Accu-Tech"", ""userName_s"": ""238367"", ""refNum_s"": ""616015""",TRUE,
"""RB-A4848-NP AND businessUnit_s:Accu-Tech"", ""userName_s"": ""238367"", ""refNum_s"": """"",TRUE,
"""PG3048BA24 AND shipLocation_s:11411 AND businessUnit_s:Accu-Tech"", ""userName_s"": ""335646"", ""refNum_s"": ""612324""",TRUE,
"""6304UE_8771000 AND businessUnit_s:Accu-Tech"", ""userName_s"": ""233642"", ""refNum_s"": """"",TRUE,
"""p223001-sw1* AND businessUnit_s:Accu-Tech AND shipLocation_s:15416 AND advancedPartSearch:Y AND businessUnit_s:Accu-Tech"", ""userName_s"": """", ""refNum_s"": ""100012447""",TRUE,
"""11140634 AND shipLocation_s:15414 AND businessUnit_s:Accu-Tech"", ""userName_s"": ""216112"", ""refNum_s"": ""616141""",TRUE,
"""cppl24wb AND shipLocation_s:13603 AND businessUnit_s:Accu-Tech"", ""userName_s"": ""227835"", ""refNum_s"": ""585705""",TRUE,
"""RV6MJKUBK-S1* AND salesLocation_s:61961 AND shipLocation_s:16011 AND customerAccount_s:AC0161-0766 AND businessUnit_s:Accu-Tech"", ""userName_s"": ""Marlon Doppe"", ""refNum_s"": """"",TRUE,
"""bch64-w2* AND salesLocation_s:61996 AND shipLocation_s:12304 AND customerAccount_s:AC0163-3998 AND businessUnit_s:Accu-Tech"", ""userName_s"": ""Nathan Ward"", ""refNum_s"": """"",TRUE,
"""jb1dwh-a* AND salesLocation_s:62744 AND shipLocation_s:15416 AND customerAccount_s:AC0158-8044 AND businessUnit_s:Accu-Tech"", ""userName_s"": ""Chanel Cannon"", ""refNum_s"": """"",TRUE,
"""diw12 AND shipLocation_s:11726 AND businessUnit_s:Accu-Tech"", ""userName_s"": ""236339"", ""refNum_s"": ""616129""",TRUE,
"""30994* AND salesLocation_s:62399 AND shipLocation_s:15812 AND customerAccount_s:AC0158-4571 AND businessUnit_s:Accu-Tech"", ""userName_s"": ""Patrick Sweeney"", ""refNum_s"": """"",TRUE,
"""dtk-wm4nets* AND salesLocation_s:62397 AND shipLocation_s:14810 AND customerAccount_s:AC0194-7020 AND businessUnit_s:Accu-Tech"", ""userName_s"": ""Cody Farrar"", ""refNum_s"": """"",TRUE,
"""lv1 AND shipLocation_s:15642 AND businessUnit_s:Accu-Tech"", ""userName_s"": ""208850"", ""refNum_s"": ""616113""",TRUE,
"""TZE355* AND salesLocation_s:62474 AND shipLocation_s:13417 AND customerAccount_s:AC0158-6363 AND businessUnit_s:Accu-Tech"", ""userName_s"": ""Kelly Szymanski"", ""refNum_s"": """"",TRUE,
"""49255- AND shipLocation_s:15609 AND businessUnit_s:Accu-Tech"", ""userName_s"": ""226022"", ""refNum_s"": ""616115""",TRUE,
"""BIDA 86B AND shipLocation_s:13429 AND businessUnit_s:Accu-Tech"", ""userName_s"": ""231024"", ""refNum_s"": ""615957""",TRUE,
"""048ZU4-T4F22D20 AND businessUnit_s:Accu-Tech"", ""userName_s"": ""328841"", ""refNum_s"": ""616087""",TRUE,
"""10136339* AND businessUnit_s:Accu-Tech AND shipLocation_s:15642 AND advancedPartSearch:Y AND businessUnit_s:Accu-Tech"", ""userName_s"": """", ""refNum_s"": ""100012447""",TRUE,
"""31 AND shipLocation_s:15416 AND businessUnit_s:Accu-Tech"", ""userName_s"": ""328811"", ""refNum_s"": ""601768""",TRUE,
"""11911- AND shipLocation_s:13417 AND businessUnit_s:Accu-Tech"", ""userName_s"": ""234589"", ""refNum_s"": ""616105""",TRUE,
"""ax104156 AND businessUnit_s:Accu-Tech"", ""userName_s"": ""206565"", ""refNum_s"": """"",TRUE,
"""61110-RO6* AND businessUnit_s:Accu-Tech AND shipLocation_s:15642 AND advancedPartSearch:Y AND businessUnit_s:Accu-Tech"", ""userName_s"": """", ""refNum_s"": ""100012447""",TRUE,
"""cj6x88tgbu AND shipLocation_s:13603 AND businessUnit_s:Accu-Tech"", ""userName_s"": ""236163"", ""refNum_s"": ""616097""",TRUE,
"""174043* AND salesLocation_s:61999 AND shipLocation_s:13603 AND customerAccount_s:AC0159-0777 AND businessUnit_s:Accu-Tech"", ""userName_s"": ""John Hug"", ""refNum_s"": """"",TRUE,
"""M12L-262 AND businessUnit_s:Accu-Tech"", ""userName_s"": ""216112"", ""refNum_s"": """"",TRUE,
"""S100X125VAFY* AND salesLocation_s:61999 AND shipLocation_s:13603 AND customerAccount_s:AC0159-0777 AND businessUnit_s:Accu-Tech"", ""userName_s"": ""John Hug"", ""refNum_s"": """"",TRUE,
"""ld10w AND shipLocation_s:16043 AND businessUnit_s:Accu-Tech"", ""userName_s"": ""227199"", ""refNum_s"": ""616058""",TRUE,
"""HM24C AND shipLocation_s:15812 AND businessUnit_s:Accu-Tech"", ""userName_s"": ""321886"", ""refNum_s"": ""616010""",TRUE,
"""11900-736 AND shipLocation_s:16041 AND businessUnit_s:Accu-Tech"", ""userName_s"": ""331970"", ""refNum_s"": ""616086""",TRUE,
"""ax104189* AND salesLocation_s:62681 AND shipLocation_s:14611 AND customerAccount_s:AC0161-1959 AND businessUnit_s:Accu-Tech"", ""userName_s"": ""Joshua Luffman"", ""refNum_s"": """"",TRUE,
"""01ZU4-T4F22D20 AND businessUnit_s:Accu-Tech"", ""userName_s"": ""328841"", ""refNum_s"": ""616094""",TRUE,
"""mctp6bi-6-14 AND shipLocation_s:16043 AND businessUnit_s:Accu-Tech"", ""userName_s"": ""227199"", ""refNum_s"": ""616058""",TRUE,
"""41AB2-1FS AND shipLocation_s:15416 AND businessUnit_s:Accu-Tech"", ""userName_s"": ""328811"", ""refNum_s"": ""601768""",TRUE,
"""700A-66-B1-25* AND businessUnit_s:Accu-Tech AND shipLocation_s:12702 AND advancedPartSearch:Y AND businessUnit_s:Accu-Tech"", ""userName_s"": """", ""refNum_s"": ""100012447""",TRUE,
"""6100UE 877500* AND salesLocation_s:62401 AND shipLocation_s:12601 AND customerAccount_s:AC0158-3959 AND businessUnit_s:Accu-Tech"", ""userName_s"": ""Brenna Greene"", ""refNum_s"": """"",TRUE,
"""760127803 AND shipLocation_s:13429 AND businessUnit_s:Accu-Tech"", ""userName_s"": ""231024"", ""refNum_s"": ""615957""",TRUE,
"""V2444-2 AND shipLocation_s:15819 AND businessUnit_s:Accu-Tech"", ""userName_s"": ""237306"", ""refNum_s"": ""616065""",TRUE,
"""6300fe 877u1000 AND businessUnit_s:Accu-Tech"", ""userName_s"": ""226022"", ""refNum_s"": """"",TRUE,
"""3/8 guy* AND salesLocation_s:60001 AND shipLocation_s:12619 AND customerAccount_s:AC0066-4129 AND dcLocation_s:7302 AND businessUnit_s:WESCO"", ""userName_s"": ""Matthew Quigley"", ""refNum_s"": """"",FALSE,
"""760244779 AND shipLocation_s:12114 AND businessUnit_s:Accu-Tech"", ""userName_s"": ""320729"", ""refNum_s"": ""612826""",TRUE,
"""1FM-262-AMP-LAB AND shipLocation_s:13429 AND businessUnit_s:Accu-Tech"", ""userName_s"": ""231024"", ""refNum_s"": ""615957""",TRUE,
"""1026-14126-00 AND shipLocation_s:15416 AND businessUnit_s:Accu-Tech"", ""userName_s"": ""233831"", ""refNum_s"": ""615306""",TRUE,
"""95-050-99-X-Z* AND salesLocation_s:62682 AND shipLocation_s:15819 AND customerAccount_s:AC0159-6405 AND businessUnit_s:Accu-Tech"", ""userName_s"": ""Jeremy Smith"", ""refNum_s"": """"",TRUE,
"""MCTP6BI-6-6 AND shipLocation_s:16043 AND businessUnit_s:Accu-Tech"", ""userName_s"": ""227199"", ""refNum_s"": ""616058""",TRUE,
"""mctp6bi-6-1 AND shipLocation_s:16043 AND businessUnit_s:Accu-Tech"", ""userName_s"": ""227199"", ""refNum_s"": ""616058""",TRUE,
"""mctp6 AND shipLocation_s:16043 AND businessUnit_s:Accu-Tech"", ""userName_s"": ""227199"", ""refNum_s"": ""616058""",TRUE,
"""ax102652 AND shipLocation_s:12601 AND businessUnit_s:Accu-Tech"", ""userName_s"": ""224014"", ""refNum_s"": ""616062""",TRUE,
"""ss AND shipLocation_s:16041 AND businessUnit_s:Accu-Tech"", ""userName_s"": ""212564"", ""refNum_s"": ""615910""",TRUE,
"""ZB9X41-6M003 AND shipLocation_s:12908 AND businessUnit_s:Accu-Tech"", ""userName_s"": ""321602"", ""refNum_s"": ""616063""",TRUE,
"""13911-703 AND shipLocation_s:15642 AND businessUnit_s:Accu-Tech"", ""userName_s"": ""313136"", ""refNum_s"": ""616050""",TRUE,
"""492ru- AND shipLocation_s:16043 AND businessUnit_s:Accu-Tech"", ""userName_s"": ""227199"", ""refNum_s"": ""616058""",TRUE,
"""NSAV62M AND shipLocation_s:15812 AND businessUnit_s:Accu-Tech"", ""userName_s"": ""321886"", ""refNum_s"": ""616010""",TRUE,
"""6110g-RP6 AND shipLocation_s:16011 AND businessUnit_s:Accu-Tech"", ""userName_s"": ""322620"", ""refNum_s"": ""616042""",TRUE,
"""12D1-6-03 AND shipLocation_s:16041 AND businessUnit_s:Accu-Tech"", ""userName_s"": ""337765"", ""refNum_s"": ""616055""",TRUE,
"""DTK-MRJPOEx AND businessUnit_s:Accu-Tech"", ""userName_s"": ""227658"", ""refNum_s"": ""615963""",TRUE,
"""10136226 AND shipLocation_s:15642 AND businessUnit_s:Accu-Tech"", ""userName_s"": ""313136"", ""refNum_s"": ""616050""",TRUE,
"""6083312 AND shipLocation_s:12702 AND businessUnit_s:Accu-Tech"", ""userName_s"": ""238367"", ""refNum_s"": ""616015""",TRUE,
"""18-499-46* AND businessUnit_s:Accu-Tech"", ""userName_s"": """", ""refNum_s"": ""900000332""",TRUE,
"""2-7* AND salesLocation_s:60001 AND shipLocation_s:12619 AND customerAccount_s:AC0155-5833 AND dcLocation_s:7302 AND businessUnit_s:WESCO"", ""userName_s"": ""Daniel Chase"", ""refNum_s"": """"",FALSE,
"""21498109* AND businessUnit_s:Accu-Tech AND shipLocation_s:12702 AND advancedPartSearch:Y AND businessUnit_s:Accu-Tech"", ""userName_s"": """", ""refNum_s"": ""100012447""",TRUE,
"""PDR012-AB0707 AND shipLocation_s:15009 AND businessUnit_s:Accu-Tech"", ""userName_s"": ""308831"", ""refNum_s"": ""616043""",TRUE,
"""1189ap877* AND salesLocation_s:62395 AND shipLocation_s:12702 AND customerAccount_s:AC0158-3012 AND businessUnit_s:Accu-Tech"", ""userName_s"": ""Steve Kurtinitis"", ""refNum_s"": """"",TRUE,
"""6-7GTHW2 AND shipLocation_s:11411 AND businessUnit_s:Accu-Tech"", ""userName_s"": ""336274"", ""refNum_s"": ""611812""",TRUE,
"""700210263 AND shipLocation_s:15416 AND businessUnit_s:Accu-Tech"", ""userName_s"": ""328811"", ""refNum_s"": ""616038""",TRUE,
"""MXE64283BK10000* AND salesLocation_s:62395 AND shipLocation_s:12702 AND customerAccount_s:AC0162-7492 AND businessUnit_s:Accu-Tech"", ""userName_s"": ""Theresa Mills"", ""refNum_s"": """"",TRUE,
"""nf AND shipLocation_s:12114 AND businessUnit_s:Accu-Tech"", ""userName_s"": ""320729"", ""refNum_s"": ""616001""",TRUE,
"""6b-2 AND shipLocation_s:14112 AND businessUnit_s:Accu-Tech"", ""userName_s"": ""221887"", ""refNum_s"": ""616034""",TRUE,
"""760162818* AND businessUnit_s:Accu-Tech AND shipLocation_s:11411 AND advancedPartSearch:Y AND businessUnit_s:Accu-Tech"", ""userName_s"": """", ""refNum_s"": ""100012447""",TRUE,
"""CCHCS126TP00RE AND shipLocation_s:12702 AND businessUnit_s:Accu-Tech"", ""userName_s"": ""323615"", ""refNum_s"": ""614164""",TRUE,
"""1053586AT AND shipLocation_s:16023 AND businessUnit_s:Accu-Tech"", ""userName_s"": """", ""refNum_s"": ""616016""",TRUE,
"""pup6afo4wh-gz* AND businessUnit_s:Accu-Tech AND shipLocation_s:12908 AND advancedPartSearch:Y AND businessUnit_s:Accu-Tech"", ""userName_s"": """", ""refNum_s"": ""100012447""",TRUE,
"""DPC1324* AND businessUnit_s:Accu-Tech AND shipLocation_s:11411 AND advancedPartSearch:Y AND businessUnit_s:Accu-Tech"", ""userName_s"": """", ""refNum_s"": ""100012447""",TRUE,
"""F6W AND shipLocation_s:14802 AND businessUnit_s:Accu-Tech"", ""userName_s"": ""326020"", ""refNum_s"": ""616024""",TRUE,
"""1008028AT AND shipLocation_s:16023 AND businessUnit_s:Accu-Tech"", ""userName_s"": """", ""refNum_s"": ""616016""",TRUE,
"""FRM-11 AND shipLocation_s:12702 AND businessUnit_s:Accu-Tech"", ""userName_s"": ""339478"", ""refNum_s"": ""616017""",TRUE,
"""C62962 AND shipLocation_s:15416 AND businessUnit_s:Accu-Tech"", ""userName_s"": ""339129"", ""refNum_s"": ""615141""",TRUE,
"""C62 AND shipLocation_s:15416 AND businessUnit_s:Accu-Tech"", ""userName_s"": ""339129"", ""refNum_s"": ""615141""",TRUE,
"""1053322AT AND shipLocation_s:16023 AND businessUnit_s:Accu-Tech"", ""userName_s"": """", ""refNum_s"": ""616016""",TRUE,
"""6GK1901-1BB10-2AE0* AND salesLocation_s:66708 AND shipLocation_s:12008 AND customerAccount_s:AC0010-8928 AND dcLocation_s:7305 AND businessUnit_s:WESCO"", ""userName_s"": ""Doug Lindsay"", ""refNum_s"": """"",FALSE,
"""FS100* AND salesLocation_s:62395 AND shipLocation_s:12702 AND customerAccount_s:AC0158-1821 AND businessUnit_s:Accu-Tech"", ""userName_s"": ""Melissa Saul"", ""refNum_s"": """"",TRUE,
"""3-MW-24A* AND salesLocation_s:60001 AND shipLocation_s:12619 AND customerAccount_s:AC0155-5833 AND dcLocation_s:7302 AND businessUnit_s:WESCO"", ""userName_s"": ""Christopher Stone"", ""refNum_s"": """"",FALSE,
"""HBXW2* AND salesLocation_s:60664 AND shipLocation_s:14001 AND customerAccount_s:AC0001-4341 AND dcLocation_s:7305 AND businessUnit_s:WESCO"", ""userName_s"": ""Garrett Rucker"", ""refNum_s"": """"",FALSE,
"""A1212CHNFSS AND businessUnit_s:Accu-Tech"", ""userName_s"": ""329313"", ""refNum_s"": ""615995""",TRUE,
"""CM-EPLA-WH* AND salesLocation_s:61960 AND shipLocation_s:16043 AND customerAccount_s:AC0161-7232 AND businessUnit_s:Accu-Tech"", ""userName_s"": ""Cruz Hernandez"", ""refNum_s"": """"",TRUE,
"""*:* AND transPartOrFilter:(transactablePart_s:V99YA2A23 OR transactablePart_s:NYJM22A23) AND salesLocation_s:60001 AND shipLocation_s:12619 AND dcLocation_s:7302 AND customerAccount_s:AC0016-3892 AND businessUnit_s:WESCO"", ""userName_s"": ""Josephine Trupiano"", ""refNum_s"": ""QU100031162""",FALSE,
"""18-799-46* AND businessUnit_s:Accu-Tech"", ""userName_s"": """", ""refNum_s"": ""900000329""",TRUE,
"""TLP606USBBTAA AND businessUnit_s:Accu-Tech"", ""userName_s"": ""235307"", ""refNum_s"": ""615979""",TRUE,
"""110B-SOUNDSPHER* AND salesLocation_s:62474 AND shipLocation_s:13417 AND customerAccount_s:AC0158-6304 AND businessUnit_s:Accu-Tech"", ""userName_s"": ""Kelly Szymanski"", ""refNum_s"": """"",TRUE,
"""mxe86 AND shipLocation_s:14506 AND businessUnit_s:Accu-Tech"", ""userName_s"": ""209989"", ""refNum_s"": ""615837""",TRUE,
"""VISIFAULT-FIBERLRT AND shipLocation_s:12114 AND businessUnit_s:Accu-Tech"", ""userName_s"": ""320729"", ""refNum_s"": ""616001""",TRUE,
"""FRMMAT AND businessUnit_s:Accu-Tech"", ""userName_s"": ""333361"", ""refNum_s"": ""615965""",TRUE,
"""DCF3w AND shipLocation_s:16023 AND businessUnit_s:Accu-Tech"", ""userName_s"": ""339483"", ""refNum_s"": ""614615""",TRUE,
"""37461 AND businessUnit_s:Accu-Tech"", ""userName_s"": ""329313"", ""refNum_s"": ""615995""",TRUE,
"""4WT60* AND salesLocation_s:60001 AND shipLocation_s:12619 AND customerAccount_s:AC0155-5833 AND dcLocation_s:7302 AND businessUnit_s:WESCO"", ""userName_s"": ""Christopher Stone"", ""refNum_s"": """"",FALSE,
"""IM1911 AND shipLocation_s:15625 AND businessUnit_s:Accu-Tech"", ""userName_s"": ""329187"", ""refNum_s"": ""615991""",TRUE,
"""DCF3IW-X* AND businessUnit_s:Accu-Tech AND shipLocation_s:16043 AND advancedPartSearch:Y AND businessUnit_s:Accu-Tech"", ""userName_s"": """", ""refNum_s"": ""100012447""",TRUE,
"""JBX3510EI-A AND shipLocation_s:16043 AND businessUnit_s:Accu-Tech"", ""userName_s"": ""227199"", ""refNum_s"": ""615875""",TRUE,
"""foas2fsmlclc-2m AND shipLocation_s:14506 AND businessUnit_s:Accu-Tech"", ""userName_s"": ""209989"", ""refNum_s"": ""615837""",TRUE,
"""mctp6abi- AND shipLocation_s:14506 AND businessUnit_s:Accu-Tech"", ""userName_s"": ""209989"", ""refNum_s"": ""615837""",TRUE,
"""RDC610-0 AND shipLocation_s:16043 AND businessUnit_s:Accu-Tech"", ""userName_s"": ""227199"", ""refNum_s"": ""615875""",TRUE,
"""mc AND shipLocation_s:14506 AND businessUnit_s:Accu-Tech"", ""userName_s"": ""209989"", ""refNum_s"": ""615837""",TRUE,
"""RAFC3* AND businessUnit_s:Accu-Tech AND shipLocation_s:16043 AND advancedPartSearch:Y AND businessUnit_s:Accu-Tech"", ""userName_s"": """", ""refNum_s"": ""100012447""",TRUE,
"""1061 AND shipLocation_s:14506 AND businessUnit_s:Accu-Tech"", ""userName_s"": ""209989"", ""refNum_s"": ""615837""",TRUE,
"""RAFC3IW-X* AND businessUnit_s:Accu-Tech AND shipLocation_s:16043 AND advancedPartSearch:Y AND businessUnit_s:Accu-Tech"", ""userName_s"": """", ""refNum_s"": ""100012447""",TRUE,
"""CPPA48 AND shipLocation_s:15414 AND businessUnit_s:Accu-Tech"", ""userName_s"": ""216112"", ""refNum_s"": ""615980""",TRUE,
"""UTP28X7BU AND shipLocation_s:15414 AND businessUnit_s:Accu-Tech"", ""userName_s"": ""216112"", ""refNum_s"": ""615980""",TRUE,
"""J8818* AND salesLocation_s:60001 AND shipLocation_s:12619 AND customerAccount_s:AC0000-5694 AND dcLocation_s:7302 AND businessUnit_s:WESCO"", ""userName_s"": ""Josephine Trupiano"", ""refNum_s"": """"",FALSE,
"""flcs2/9socu9bu AND shipLocation_s:11102 AND businessUnit_s:Accu-Tech"", ""userName_s"": ""224559"", ""refNum_s"": ""615927""",TRUE,
"""flcs2/9s0cu9bu AND shipLocation_s:11102 AND businessUnit_s:Accu-Tech"", ""userName_s"": ""224559"", ""refNum_s"": ""615927""",TRUE,
"""6H460-07Y AND shipLocation_s:11726 AND businessUnit_s:Accu-Tech"", ""userName_s"": ""302568"", ""refNum_s"": ""615966""",TRUE,
"""fap6wbudl AND shipLocation_s:11102 AND businessUnit_s:Accu-Tech"", ""userName_s"": ""224559"", ""refNum_s"": ""615927""",TRUE,
"""fap6 AND shipLocation_s:11102 AND businessUnit_s:Accu-Tech"", ""userName_s"": ""224559"", ""refNum_s"": ""615927""",TRUE,
"""CAT AND shipLocation_s:16041 AND businessUnit_s:Accu-Tech"", ""userName_s"": ""331970"", ""refNum_s"": ""598367""",TRUE,
"""ks6a-36* AND salesLocation_s:62473 AND shipLocation_s:13429 AND customerAccount_s:AC0158-6194 AND businessUnit_s:Accu-Tech"", ""userName_s"": ""John-Riley Hathcock"", ""refNum_s"": """"",TRUE,
"""61110-RW6* AND salesLocation_s:62395 AND shipLocation_s:12702 AND customerAccount_s:AC0197-2428 AND businessUnit_s:Accu-Tech"", ""userName_s"": ""Parker Mitchell"", ""refNum_s"": """"",TRUE,
"""fsc AND shipLocation_s:11102 AND businessUnit_s:Accu-Tech"", ""userName_s"": ""224559"", ""refNum_s"": ""615927""",TRUE,
"""LJ235C2U* AND salesLocation_s:60001 AND shipLocation_s:12619 AND customerAccount_s:AC0155-5833 AND dcLocation_s:7302 AND businessUnit_s:WESCO"", ""userName_s"": ""Daniel Chase"", ""refNum_s"": """"",FALSE,
"""760 AND shipLocation_s:16041 AND businessUnit_s:Accu-Tech"", ""userName_s"": ""331970"", ""refNum_s"": ""598367""",TRUE,
"""41089 AND shipLocation_s:11726 AND businessUnit_s:Accu-Tech"", ""userName_s"": ""302568"", ""refNum_s"": ""615966""",TRUE,
"""CP48WSBLY* AND businessUnit_s:Accu-Tech AND shipLocation_s:12304 AND advancedPartSearch:Y AND businessUnit_s:Accu-Tech"", ""userName_s"": """", ""refNum_s"": ""100012447""",TRUE,
"""UC1BBC2-0ZF007 AND shipLocation_s:13603 AND businessUnit_s:Accu-Tech"", ""userName_s"": ""236163"", ""refNum_s"": ""615905""",TRUE,
"""FWME1BL AND shipLocation_s:12304 AND businessUnit_s:Accu-Tech"", ""userName_s"": ""208904"", ""refNum_s"": ""615968""",TRUE,
"""900-625WT-US* AND salesLocation_s:62396 AND shipLocation_s:14802 AND customerAccount_s:AC0158-2455 AND businessUnit_s:Accu-Tech"", ""userName_s"": ""Lauren Givens"", ""refNum_s"": """"",TRUE,
"""vd3000b AND shipLocation_s:14506 AND businessUnit_s:Accu-Tech"", ""userName_s"": ""209989"", ""refNum_s"": ""615837""",TRUE,
"""CPPL48WBLY* AND salesLocation_s:62401 AND shipLocation_s:12601 AND customerAccount_s:AC0163-1829 AND businessUnit_s:Accu-Tech"", ""userName_s"": ""Randy Schnepel"", ""refNum_s"": """"",TRUE,
"""RVAMJKUBL-S1 AND businessUnit_s:Accu-Tech"", ""userName_s"": ""313507"", ""refNum_s"": """"",TRUE,
"""40970-711 AND shipLocation_s:14506 AND businessUnit_s:Accu-Tech"", ""userName_s"": ""209989"", ""refNum_s"": ""615837""",TRUE,
"""012EU4-T4701D20* AND salesLocation_s:62474 AND shipLocation_s:13417 AND customerAccount_s:AC0159-4346 AND businessUnit_s:Accu-Tech"", ""userName_s"": ""Hank Smitherman"", ""refNum_s"": """"",TRUE,
"""trt10-12b* AND salesLocation_s:62401 AND shipLocation_s:12601 AND customerAccount_s:AC0158-3959 AND businessUnit_s:Accu-Tech"", ""userName_s"": ""Brenna Greene"", ""refNum_s"": """"",TRUE,
"""3B1E AND shipLocation_s:12908 AND businessUnit_s:Accu-Tech"", ""userName_s"": ""233430"", ""refNum_s"": ""615916""",TRUE,
"""78621081084* AND salesLocation_s:60829 AND shipLocation_s:14507 AND customerAccount_s:AC0015-6613 AND dcLocation_s:7303 AND businessUnit_s:WESCO"", ""userName_s"": ""Beth Weaver"", ""refNum_s"": """"",FALSE,
"""PR2VD08* AND salesLocation_s:62473 AND shipLocation_s:13429 AND customerAccount_s:AC0160-7961 AND businessUnit_s:Accu-Tech"", ""userName_s"": ""Davis Puckey"", ""refNum_s"": """"",TRUE,
"""MAPA AF-18* AND salesLocation_s:60001 AND shipLocation_s:12619 AND customerAccount_s:AC0051-5771 AND dcLocation_s:7302 AND businessUnit_s:WESCO"", ""userName_s"": ""John Allgaier"", ""refNum_s"": """"",FALSE,
"""040402G5120001M AND shipLocation_s:12908 AND businessUnit_s:Accu-Tech"", ""userName_s"": ""233430"", ""refNum_s"": ""615916""",TRUE,
"""11302-701* AND salesLocation_s:62395 AND shipLocation_s:12702 AND customerAccount_s:AC0197-0384 AND businessUnit_s:Accu-Tech"", ""userName_s"": ""Melissa Saul"", ""refNum_s"": """"",TRUE,
"""kj10g- AND shipLocation_s:14810 AND businessUnit_s:Accu-Tech"", ""userName_s"": ""324409"", ""refNum_s"": ""615877""",TRUE,
"""cs34 AND shipLocation_s:13429 AND businessUnit_s:Accu-Tech"", ""userName_s"": ""322566"", ""refNum_s"": ""615948""",TRUE,
"""mct AND shipLocation_s:14509 AND businessUnit_s:Accu-Tech"", ""userName_s"": ""316066"", ""refNum_s"": ""615752""",TRUE,
"""mm20716-b* AND salesLocation_s:62530 AND shipLocation_s:15642 AND customerAccount_s:AC0196-9504 AND businessUnit_s:Accu-Tech"", ""userName_s"": ""Billy Caine"", ""refNum_s"": """"",TRUE,
"""11312-718* AND salesLocation_s:62747 AND shipLocation_s:11411 AND customerAccount_s:AC0159-6443 AND businessUnit_s:Accu-Tech"", ""userName_s"": ""Shane Linden"", ""refNum_s"": """"",TRUE,
"""2091* AND salesLocation_s:62473 AND shipLocation_s:13429 AND customerAccount_s:AC0158-6133 AND businessUnit_s:Accu-Tech"", ""userName_s"": ""Jeremy Prevette"", ""refNum_s"": """"",TRUE,
"""AX102011 AND shipLocation_s:12908 AND businessUnit_s:Accu-Tech"", ""userName_s"": ""233430"", ""refNum_s"": ""615916""",TRUE,
"""cs34p* AND salesLocation_s:62473 AND shipLocation_s:13429 AND customerAccount_s:AC0158-1371 AND businessUnit_s:Accu-Tech"", ""userName_s"": ""Ben Leonard"", ""refNum_s"": """"",TRUE,
"""CA21100000 AND shipLocation_s:12908 AND businessUnit_s:Accu-Tech"", ""userName_s"": ""233430"", ""refNum_s"": ""615916""",TRUE,
"""FF1X06SD* AND salesLocation_s:62530 AND shipLocation_s:15642 AND customerAccount_s:AC0186-3068 AND businessUnit_s:Accu-Tech"", ""userName_s"": ""Greg Griffo"", ""refNum_s"": """"",TRUE,
"""H6A10-15e* AND salesLocation_s:62530 AND shipLocation_s:15642 AND customerAccount_s:AC0196-9504 AND businessUnit_s:Accu-Tech"", ""userName_s"": ""Billy Caine"", ""refNum_s"": """"",TRUE,
"""9N400S* AND salesLocation_s:60627 AND shipLocation_s:14507 AND customerAccount_s:AC0016-0547 AND dcLocation_s:7303 AND businessUnit_s:WESCO"", ""userName_s"": ""John Van Vactor"", ""refNum_s"": """"",FALSE,
"""576-a10-003* AND salesLocation_s:62680 AND shipLocation_s:14205 AND customerAccount_s:AC0158-0610 AND businessUnit_s:Accu-Tech"", ""userName_s"": ""Todd Reigle"", ""refNum_s"": """"",TRUE,
"""760241378 AND shipLocation_s:13603 AND businessUnit_s:Accu-Tech"", ""userName_s"": ""236163"", ""refNum_s"": ""615905""",TRUE,
"""cbx2i AND shipLocation_s:11102 AND businessUnit_s:Accu-Tech"", ""userName_s"": ""224559"", ""refNum_s"": ""615927""",TRUE,
"""11302-001* AND salesLocation_s:62395 AND shipLocation_s:12702 AND customerAccount_s:AC0186-3068 AND businessUnit_s:Accu-Tech"", ""userName_s"": ""Melissa Saul"", ""refNum_s"": """"",TRUE,
"""sbp-276hmw* AND salesLocation_s:62681 AND shipLocation_s:14611 AND customerAccount_s:AC0158-3578 AND businessUnit_s:Accu-Tech"", ""userName_s"": ""Jay Mong"", ""refNum_s"": """"",TRUE,
"""Shel AND shipLocation_s:15625 AND businessUnit_s:Accu-Tech"", ""userName_s"": ""239937"", ""refNum_s"": ""615794""",TRUE,
"""Sh AND shipLocation_s:15625 AND businessUnit_s:Accu-Tech"", ""userName_s"": ""239937"", ""refNum_s"": ""615794""",TRUE,
"""7000028933* AND businessUnit_s:WESCO AND shipLocation_s:14507 AND advancedPartSearch:Y AND businessUnit_s:WESCO"", ""userName_s"": """", ""refNum_s"": ""100012447""",FALSE,
"""H6A10-9N4-15O* AND salesLocation_s:62530 AND shipLocation_s:15642 AND customerAccount_s:AC0196-9504 AND businessUnit_s:Accu-Tech"", ""userName_s"": ""Billy Caine"", ""refNum_s"": """"",TRUE,
"""LDF4-50A AND shipLocation_s:11726 AND businessUnit_s:Accu-Tech"", ""userName_s"": ""236339"", ""refNum_s"": ""615908""",TRUE,
"""CAT6NP4DBFBK1S * AND businessUnit_s:Accu-Tech AND shipLocation_s:12601 AND advancedPartSearch:Y AND businessUnit_s:Accu-Tech"", ""userName_s"": """", ""refNum_s"": ""100012447""",TRUE,
"""02040-2151* AND salesLocation_s:60627 AND shipLocation_s:14507 AND customerAccount_s:AC0016-0547 AND dcLocation_s:7303 AND businessUnit_s:WESCO"", ""userName_s"": ""John Van Vactor"", ""refNum_s"": """"",FALSE,
"""K2C20B1* AND salesLocation_s:60001 AND shipLocation_s:12619 AND customerAccount_s:AC0000-5694 AND dcLocation_s:7302 AND businessUnit_s:WESCO"", ""userName_s"": ""Josephine Trupiano"", ""refNum_s"": """"",FALSE,
"""EF9Y74768* AND businessUnit_s:WESCO AND shipLocation_s:12619 AND advancedPartSearch:Y AND businessUnit_s:WESCO"", ""userName_s"": """", ""refNum_s"": ""100012447""",FALSE,
"""10506-706* AND salesLocation_s:62747 AND shipLocation_s:11411 AND customerAccount_s:AC0159-6443 AND businessUnit_s:Accu-Tech"", ""userName_s"": ""Shane Linden"", ""refNum_s"": """"",TRUE,
"""15-340-014 AND shipLocation_s:16011 AND businessUnit_s:Accu-Tech"", ""userName_s"": ""235565"", ""refNum_s"": ""615696""",TRUE,
"""4G2404/6w-6-n AND shipLocation_s:15609 AND businessUnit_s:Accu-Tech"", ""userName_s"": ""226022"", ""refNum_s"": ""602417""",TRUE,
"""CS40-734834-00D-AR AND shipLocation_s:11726 AND businessUnit_s:Accu-Tech"", ""userName_s"": ""236339"", ""refNum_s"": ""615893""",TRUE,
"""700206725* AND salesLocation_s:62473 AND shipLocation_s:13429 AND customerAccount_s:AC0159-5834 AND businessUnit_s:Accu-Tech"", ""userName_s"": ""Jeremy Prevette"", ""refNum_s"": """"",TRUE,
"""al4rpv-50 AND shipLocation_s:11726 AND businessUnit_s:Accu-Tech"", ""userName_s"": ""236339"", ""refNum_s"": ""615893""",TRUE,
"""FDSD12A9 AND shipLocation_s:16011 AND businessUnit_s:Accu-Tech"", ""userName_s"": ""235565"", ""refNum_s"": ""615696""",TRUE,
"""D670K-2S2 AND shipLocation_s:13417 AND businessUnit_s:Accu-Tech"", ""userName_s"": ""310311"", ""refNum_s"": ""615361""",TRUE,
"""bc AND businessUnit_s:Accu-Tech"", ""userName_s"": ""208904"", ""refNum_s"": """"",TRUE,
"""pup6as AND businessUnit_s:Accu-Tech"", ""userName_s"": ""224622"", ""refNum_s"": """"",TRUE,
"""ks6a-43 AND shipLocation_s:12601 AND businessUnit_s:Accu-Tech"", ""userName_s"": ""224014"", ""refNum_s"": ""615885""",TRUE,
"""NK2RMFWH* AND businessUnit_s:Accu-Tech AND shipLocation_s:12908 AND advancedPartSearch:Y AND businessUnit_s:Accu-Tech"", ""userName_s"": """", ""refNum_s"": ""100012447""",TRUE,
"""CO199K2-08F AND shipLocation_s:14112 AND businessUnit_s:Accu-Tech"", ""userName_s"": ""230714"", ""refNum_s"": ""615884""",TRUE,
"""1079 AND shipLocation_s:14112 AND businessUnit_s:Accu-Tech"", ""userName_s"": ""230714"", ""refNum_s"": ""615884""",TRUE,
"""4714-1.* AND salesLocation_s:62530 AND shipLocation_s:15642 AND customerAccount_s:AC0197-3668 AND businessUnit_s:Accu-Tech"", ""userName_s"": ""Greg Griffo"", ""refNum_s"": """"",TRUE,
""" 43115-015* AND businessUnit_s:Accu-Tech AND shipLocation_s:12702 AND advancedPartSearch:Y AND businessUnit_s:Accu-Tech"", ""userName_s"": """", ""refNum_s"": ""100012447""",TRUE,
"""CF105/300BL AND shipLocation_s:15625 AND businessUnit_s:Accu-Tech"", ""userName_s"": ""307308"", ""refNum_s"": ""615847""",TRUE,
"""J8874* AND salesLocation_s:60001 AND shipLocation_s:12619 AND customerAccount_s:AC0040-5895 AND dcLocation_s:7302 AND businessUnit_s:WESCO"", ""userName_s"": ""Josephine Trupiano"", ""refNum_s"": """"",FALSE,
"""VOR-OS-90-US AND shipLocation_s:11726 AND businessUnit_s:Accu-Tech"", ""userName_s"": ""331169"", ""refNum_s"": ""613175""",TRUE,
"""8-9171-rib* AND salesLocation_s:62474 AND shipLocation_s:13417 AND customerAccount_s:AC0158-6304 AND businessUnit_s:Accu-Tech"", ""userName_s"": ""Kelly Szymanski"", ""refNum_s"": """"",TRUE,
"""024eu4* AND salesLocation_s:62532 AND shipLocation_s:11726 AND customerAccount_s:AC0158-5595 AND businessUnit_s:Accu-Tech"", ""userName_s"": ""Austin Collins"", ""refNum_s"": """"",TRUE,
"""mm20pdumb1d22 AND shipLocation_s:14506 AND businessUnit_s:Accu-Tech"", ""userName_s"": ""209989"", ""refNum_s"": ""615837""",TRUE,
"""OLG20PBLC-013 AND businessUnit_s:Accu-Tech"", ""userName_s"": ""227658"", ""refNum_s"": ""615869""",TRUE,
"""cch-02u* AND salesLocation_s:62532 AND shipLocation_s:11726 AND customerAccount_s:AC0158-5595 AND businessUnit_s:Accu-Tech"", ""userName_s"": ""Austin Collins"", ""refNum_s"": """"",TRUE,
"""AX101309* AND salesLocation_s:62533 AND shipLocation_s:11102 AND customerAccount_s:AC0159-6011 AND businessUnit_s:Accu-Tech"", ""userName_s"": ""Steven King"", ""refNum_s"": """"",TRUE,
"""DPFP4* AND businessUnit_s:Accu-Tech AND shipLocation_s:13603 AND advancedPartSearch:Y AND businessUnit_s:Accu-Tech"", ""userName_s"": """", ""refNum_s"": ""100012447""",TRUE,
"""mx-fp-d-06-02 AND shipLocation_s:14611 AND businessUnit_s:Accu-Tech"", ""userName_s"": ""240568"", ""refNum_s"": ""615838""",TRUE,
"""41084-0BW AND shipLocation_s:12304 AND businessUnit_s:Accu-Tech"", ""userName_s"": ""308638"", ""refNum_s"": ""615866""",TRUE,
"""ax102292* AND salesLocation_s:62395 AND shipLocation_s:12702 AND customerAccount_s:AC0159-6393 AND businessUnit_s:Accu-Tech"", ""userName_s"": ""Chris Seeman"", ""refNum_s"": """"",TRUE,
"""77so AND shipLocation_s:11726 AND businessUnit_s:Accu-Tech"", ""userName_s"": ""337167"", ""refNum_s"": ""615853""",TRUE,
"""050502 AND shipLocation_s:16023 AND businessUnit_s:Accu-Tech"", ""userName_s"": ""339483"", ""refNum_s"": ""615856""",TRUE,
"""658AFS_0001000 AND shipLocation_s:12114 AND businessUnit_s:Accu-Tech"", ""userName_s"": ""320729"", ""refNum_s"": ""612826""",TRUE,
"""kmja6-04* AND salesLocation_s:62395 AND shipLocation_s:12702 AND customerAccount_s:AC0158-3117 AND businessUnit_s:Accu-Tech"", ""userName_s"": ""Amanda Wyckoff"", ""refNum_s"": """"",TRUE,
"""1902* AND salesLocation_s:60608 AND shipLocation_s:12008 AND customerAccount_s:AC0016-2584 AND dcLocation_s:7305 AND businessUnit_s:WESCO"", ""userName_s"": ""Noah Gelman"", ""refNum_s"": """"",FALSE,
"""9PX5K AND shipLocation_s:14509 AND businessUnit_s:Accu-Tech"", ""userName_s"": ""316066"", ""refNum_s"": ""615489""",TRUE,
"""DPFP8* AND businessUnit_s:Accu-Tech AND shipLocation_s:13603 AND advancedPartSearch:Y AND businessUnit_s:Accu-Tech"", ""userName_s"": """", ""refNum_s"": ""100012447""",TRUE,
"""55053-703 AND shipLocation_s:15812 AND businessUnit_s:Accu-Tech"", ""userName_s"": ""321886"", ""refNum_s"": ""615855""",TRUE,
"""065-1196SFPDR AND shipLocation_s:14509 AND businessUnit_s:Accu-Tech"", ""userName_s"": ""316066"", ""refNum_s"": ""615489""",TRUE,
"""mx AND shipLocation_s:14611 AND businessUnit_s:Accu-Tech"", ""userName_s"": ""240568"", ""refNum_s"": ""615838""",TRUE,
"""2412FS-008100 AND shipLocation_s:16023 AND businessUnit_s:Accu-Tech"", ""userName_s"": ""339483"", ""refNum_s"": ""615834""",TRUE,
"""SMB-1P-266 AND businessUnit_s:Accu-Tech"", ""userName_s"": ""323615"", ""refNum_s"": """"",TRUE,
"""SC APC AND businessUnit_s:Accu-Tech"", ""userName_s"": ""235882"", ""refNum_s"": """"",TRUE,
"""RDC607-07 AND shipLocation_s:14112 AND businessUnit_s:Accu-Tech"", ""userName_s"": ""221887"", ""refNum_s"": ""615845""",TRUE,
"""2412FS_008 AND shipLocation_s:16023 AND businessUnit_s:Accu-Tech"", ""userName_s"": ""339483"", ""refNum_s"": ""615834""",TRUE,
"""41089-2wp AND shipLocation_s:14506 AND businessUnit_s:Accu-Tech"", ""userName_s"": ""209989"", ""refNum_s"": ""615837""",TRUE,
"""065-1185 AND shipLocation_s:14509 AND businessUnit_s:Accu-Tech"", ""userName_s"": ""316066"", ""refNum_s"": ""615489""",TRUE,
"""undermin* AND salesLocation_s:62530 AND shipLocation_s:15642 AND customerAccount_s:AC0161-3567 AND businessUnit_s:Accu-Tech"", ""userName_s"": ""Greg Griffo"", ""refNum_s"": """"",TRUE,
"""10822-712 AND shipLocation_s:15625 AND businessUnit_s:Accu-Tech"", ""userName_s"": ""329187"", ""refNum_s"": ""615840""",TRUE,
"""6100ue 877500* AND salesLocation_s:62401 AND shipLocation_s:12601 AND customerAccount_s:AC0158-3959 AND businessUnit_s:Accu-Tech"", ""userName_s"": ""Brenna Greene"", ""refNum_s"": """"",TRUE,
"""760235592* AND businessUnit_s:Accu-Tech AND shipLocation_s:13429 AND advancedPartSearch:Y AND businessUnit_s:Accu-Tech"", ""userName_s"": """", ""refNum_s"": ""100012447""",TRUE,
"""ezdp144rs2* AND businessUnit_s:Accu-Tech AND shipLocation_s:12601 AND advancedPartSearch:Y AND businessUnit_s:Accu-Tech"", ""userName_s"": """", ""refNum_s"": ""100012447""",TRUE,
"""ES1224B* AND businessUnit_s:Accu-Tech AND shipLocation_s:11726 AND advancedPartSearch:Y AND businessUnit_s:Accu-Tech"", ""userName_s"": """", ""refNum_s"": ""100012447""",TRUE,
"""5009* AND salesLocation_s:60001 AND shipLocation_s:12619 AND customerAccount_s:AC0029-8945 AND dcLocation_s:7302 AND businessUnit_s:WESCO"", ""userName_s"": ""Alisa Gelinas"", ""refNum_s"": """"",FALSE,
"""DUCT* AND salesLocation_s:61138 AND shipLocation_s:11204 AND customerAccount_s:AC0009-8650 AND dcLocation_s:7302 AND businessUnit_s:WESCO"", ""userName_s"": ""Jarod Hart"", ""refNum_s"": """"",FALSE,
"""LJBK* AND businessUnit_s:Accu-Tech AND shipLocation_s:11726 AND advancedPartSearch:Y AND businessUnit_s:Accu-Tech"", ""userName_s"": """", ""refNum_s"": ""100012447""",TRUE,
"""6300UE 877U1000* AND salesLocation_s:61996 AND shipLocation_s:12304 AND customerAccount_s:AC0163-8431 AND businessUnit_s:Accu-Tech"", ""userName_s"": ""Matt Daly"", ""refNum_s"": """"",TRUE,
"""ax101437* AND businessUnit_s:Accu-Tech AND shipLocation_s:12601 AND advancedPartSearch:Y AND businessUnit_s:Accu-Tech"", ""userName_s"": """", ""refNum_s"": ""100012447""",TRUE,
"""LCA1/0-56-X* AND salesLocation_s:60627 AND shipLocation_s:14507 AND customerAccount_s:AC0012-9557 AND dcLocation_s:7303 AND businessUnit_s:WESCO"", ""userName_s"": ""Meaghan Reidy"", ""refNum_s"": """"",FALSE,
"""LCA8-56-L* AND salesLocation_s:60627 AND shipLocation_s:14507 AND customerAccount_s:AC0012-9557 AND dcLocation_s:7303 AND businessUnit_s:WESCO"", ""userName_s"": ""Meaghan Reidy"", ""refNum_s"": """"",FALSE,
"""SPK AND shipLocation_s:12601 AND businessUnit_s:Accu-Tech"", ""userName_s"": ""224014"", ""refNum_s"": ""615827""",TRUE,
"""10595-712 AND shipLocation_s:13429 AND businessUnit_s:Accu-Tech"", ""userName_s"": ""334120"", ""refNum_s"": ""615234""",TRUE,
"""77-240-6b* AND salesLocation_s:62396 AND shipLocation_s:14802 AND customerAccount_s:AC0158-2487 AND businessUnit_s:Accu-Tech"", ""userName_s"": ""Andrew Holman"", ""refNum_s"": """"",TRUE,
"""mm20vm AND businessUnit_s:Accu-Tech"", ""userName_s"": ""328476"", ""refNum_s"": ""614937""",TRUE,
"""M4LCQ24-09S1A1* AND businessUnit_s:Accu-Tech AND shipLocation_s:12702 AND advancedPartSearch:Y AND businessUnit_s:Accu-Tech"", ""userName_s"": """", ""refNum_s"": ""100012447""",TRUE,
"""576-135-001 AND shipLocation_s:15625 AND businessUnit_s:Accu-Tech"", ""userName_s"": ""239937"", ""refNum_s"": ""615794""",TRUE,
"""MM20724- AND businessUnit_s:Accu-Tech"", ""userName_s"": ""328476"", ""refNum_s"": ""614937""",TRUE,
"""cch AND shipLocation_s:12908 AND businessUnit_s:Accu-Tech"", ""userName_s"": ""321602"", ""refNum_s"": ""615816""",TRUE,
"""FDWL4LC42-CXM006* AND salesLocation_s:62473 AND shipLocation_s:13429 AND customerAccount_s:AC0158-7190 AND businessUnit_s:Accu-Tech"", ""userName_s"": ""Patrick Saxe"", ""refNum_s"": """"",TRUE,
"""1649* AND salesLocation_s:60001 AND shipLocation_s:12619 AND customerAccount_s:AC0029-8945 AND dcLocation_s:7302 AND businessUnit_s:WESCO"", ""userName_s"": ""Alisa Gelinas"", ""refNum_s"": """"",FALSE,
"""576-110-001 AND shipLocation_s:15625 AND businessUnit_s:Accu-Tech"", ""userName_s"": ""239937"", ""refNum_s"": ""615794""",TRUE,
"""Blo24 AND businessUnit_s:Accu-Tech"", ""userName_s"": ""329313"", ""refNum_s"": ""615492""",TRUE,
"""f2 AND shipLocation_s:12908 AND businessUnit_s:Accu-Tech"", ""userName_s"": ""321602"", ""refNum_s"": ""615816""",TRUE,
"""TKT-UNICAM-PFC* AND businessUnit_s:Accu-Tech AND shipLocation_s:12702 AND advancedPartSearch:Y AND businessUnit_s:Accu-Tech"", ""userName_s"": """", ""refNum_s"": ""100012447""",TRUE,
"""P-006-OD-5K-FSUBK AND shipLocation_s:12702 AND businessUnit_s:Accu-Tech"", ""userName_s"": ""323615"", ""refNum_s"": ""615820""",TRUE,
"""40300548 AND shipLocation_s:15642 AND businessUnit_s:Accu-Tech"", ""userName_s"": ""208850"", ""refNum_s"": ""615818""",TRUE,
"""760257178* AND salesLocation_s:62474 AND shipLocation_s:13417 AND customerAccount_s:AC0158-6317 AND businessUnit_s:Accu-Tech"", ""userName_s"": ""Kelly Szymanski"", ""refNum_s"": """"",TRUE,
"""tj AND shipLocation_s:15642 AND businessUnit_s:Accu-Tech"", ""userName_s"": ""208850"", ""refNum_s"": ""615818""",TRUE,
"""C953#0103 AND shipLocation_s:14506 AND businessUnit_s:Accu-Tech"", ""userName_s"": ""320529"", ""refNum_s"": ""615796""",TRUE,
"""11911-712 AND shipLocation_s:12908 AND businessUnit_s:Accu-Tech"", ""userName_s"": ""233430"", ""refNum_s"": ""615802""",TRUE,
"""27916A AND businessUnit_s:Accu-Tech"", ""userName_s"": ""329313"", ""refNum_s"": ""614847""",TRUE,
"""41084-0bw* AND salesLocation_s:62530 AND shipLocation_s:15642 AND customerAccount_s:AC0158-6015 AND businessUnit_s:Accu-Tech"", ""userName_s"": ""Billy Caine"", ""refNum_s"": """"",TRUE,
"""cfpl4 AND shipLocation_s:11726 AND businessUnit_s:Accu-Tech"", ""userName_s"": ""327898"", ""refNum_s"": ""615362""",TRUE,
"""A12TB1R9F4-BM003* AND salesLocation_s:62473 AND shipLocation_s:13429 AND customerAccount_s:AC0158-6133 AND businessUnit_s:Accu-Tech"", ""userName_s"": ""Jeremy Prevette"", ""refNum_s"": """"",TRUE,
"""9451P_0101000 AND shipLocation_s:13429 AND businessUnit_s:Accu-Tech"", ""userName_s"": ""324609"", ""refNum_s"": ""615793""",TRUE,
"""glr421ld-en* AND salesLocation_s:69609 AND shipLocation_s:12702 AND customerAccount_s:AC0162-6674 AND businessUnit_s:Accu-Tech"", ""userName_s"": ""Peter Weidman-Keneagy"", ""refNum_s"": """"",TRUE,
"""rg6 plenum cable* AND businessUnit_s:Accu-Tech AND shipLocation_s:12304 AND advancedPartSearch:Y AND businessUnit_s:Accu-Tech"", ""userName_s"": """", ""refNum_s"": ""100012447""",TRUE,
"""FSCS-CCH AND shipLocation_s:11726 AND businessUnit_s:Accu-Tech"", ""userName_s"": ""331169"", ""refNum_s"": ""615799""",TRUE,
"""cj6x88 AND shipLocation_s:11726 AND businessUnit_s:Accu-Tech"", ""userName_s"": ""327898"", ""refNum_s"": ""615362""",TRUE,
"""WMP1E AND shipLocation_s:12908 AND businessUnit_s:Accu-Tech"", ""userName_s"": ""321469"", ""refNum_s"": ""614531""",TRUE,
"""ax102652* AND salesLocation_s:62474 AND shipLocation_s:13417 AND customerAccount_s:AC0158-6317 AND businessUnit_s:Accu-Tech"", ""userName_s"": ""Kelly Szymanski"", ""refNum_s"": """"",TRUE,
"""LYNX3LCPCOM3250900* AND businessUnit_s:Accu-Tech AND shipLocation_s:11726 AND advancedPartSearch:Y AND businessUnit_s:Accu-Tech"", ""userName_s"": """", ""refNum_s"": ""100012447""",TRUE,
"""dx048dwls9kr AND shipLocation_s:15642 AND businessUnit_s:Accu-Tech"", ""userName_s"": ""233931"", ""refNum_s"": ""615785""",TRUE,
"""CCH-04U AND shipLocation_s:11726 AND businessUnit_s:Accu-Tech"", ""userName_s"": ""337167"", ""refNum_s"": ""615783""",TRUE,
"""UPL-NM-12 AND shipLocation_s:12908 AND businessUnit_s:Accu-Tech"", ""userName_s"": ""233430"", ""refNum_s"": ""615770""",TRUE,
"""M2000-2U AND shipLocation_s:14509 AND businessUnit_s:Accu-Tech"", ""userName_s"": ""316066"", ""refNum_s"": ""615489""",TRUE,
"""782* AND salesLocation_s:60001 AND shipLocation_s:12619 AND customerAccount_s:AC0029-8945 AND dcLocation_s:7302 AND businessUnit_s:WESCO"", ""userName_s"": ""Alisa Gelinas"", ""refNum_s"": """"",FALSE,
"""PDX-920R* AND salesLocation_s:62395 AND shipLocation_s:12702 AND customerAccount_s:AC0158-3408 AND businessUnit_s:Accu-Tech"", ""userName_s"": ""Melissa Saul"", ""refNum_s"": """"",TRUE,
"""MP1250P/3000* AND salesLocation_s:62473 AND shipLocation_s:13429 AND customerAccount_s:AC0158-6194 AND businessUnit_s:Accu-Tech"", ""userName_s"": ""John-Riley Hathcock"", ""refNum_s"": """"",TRUE,
"""unj600- AND businessUnit_s:Accu-Tech"", ""userName_s"": ""208907"", ""refNum_s"": """"",TRUE,
"""wmpfse* AND salesLocation_s:62530 AND shipLocation_s:15642 AND customerAccount_s:AC0158-2202 AND businessUnit_s:Accu-Tech"", ""userName_s"": ""Matt Duncan"", ""refNum_s"": """"",TRUE,
"""760118349 AND shipLocation_s:13429 AND businessUnit_s:Accu-Tech"", ""userName_s"": ""307614"", ""refNum_s"": ""615765""",TRUE,
"""pac7* AND salesLocation_s:60001 AND shipLocation_s:12619 AND customerAccount_s:AC0155-5833 AND dcLocation_s:7302 AND businessUnit_s:WESCO"", ""userName_s"": ""Josephine Trupiano"", ""refNum_s"": """"",FALSE,
"""48-11-1881* AND salesLocation_s:60001 AND shipLocation_s:12619 AND customerAccount_s:AC0005-5212 AND dcLocation_s:7302 AND businessUnit_s:WESCO"", ""userName_s"": ""Josephine Trupiano"", ""refNum_s"": """"",FALSE,
"""PFU-P-C-O-060-02 AND shipLocation_s:15609 AND businessUnit_s:Accu-Tech"", ""userName_s"": ""234627"", ""refNum_s"": ""614299""",TRUE,
"""app-ez AND businessUnit_s:Accu-Tech"", ""userName_s"": ""208739"", ""refNum_s"": ""615759""",TRUE,
"""SALES_TAX_TX1 AND businessUnit_s:Accu-Tech"", ""userName_s"": ""208739"", ""refNum_s"": ""615757""",TRUE,
"""AP AND businessUnit_s:Accu-Tech"", ""userName_s"": ""208739"", ""refNum_s"": ""615756""",TRUE,
"""etp132* AND salesLocation_s:60608 AND shipLocation_s:12008 AND customerAccount_s:AC0190-8590 AND dcLocation_s:7305 AND businessUnit_s:WESCO"", ""userName_s"": ""matt trautman"", ""refNum_s"": """"",FALSE,
"""4075s* AND salesLocation_s:60608 AND shipLocation_s:12008 AND customerAccount_s:AC0190-8590 AND dcLocation_s:7305 AND businessUnit_s:WESCO"", ""userName_s"": ""matt trautman"", ""refNum_s"": """"",FALSE,
"""PDG23G0030TFFL* AND salesLocation_s:60608 AND shipLocation_s:12008 AND customerAccount_s:AC0190-8590 AND dcLocation_s:7305 AND businessUnit_s:WESCO"", ""userName_s"": ""matt trautman"", ""refNum_s"": """"",FALSE,
"""6F-272- AND shipLocation_s:14509 AND businessUnit_s:Accu-Tech"", ""userName_s"": ""316066"", ""refNum_s"": ""615752""",TRUE,
"""ks AND shipLocation_s:14509 AND businessUnit_s:Accu-Tech"", ""userName_s"": ""316066"", ""refNum_s"": ""615752""",TRUE,
"""ICH-CS-02P AND shipLocation_s:11411 AND businessUnit_s:Accu-Tech"", ""userName_s"": ""336274"", ""refNum_s"": ""615731""",TRUE,
"""11302-701 AND shipLocation_s:13429 AND businessUnit_s:Accu-Tech"", ""userName_s"": ""307614"", ""refNum_s"": ""615738""",TRUE,
"""11421-712 AND shipLocation_s:13429 AND businessUnit_s:Accu-Tech"", ""userName_s"": ""307614"", ""refNum_s"": ""615738""",TRUE,
"""shmc2 AND shipLocation_s:12601 AND businessUnit_s:Accu-Tech"", ""userName_s"": ""334092"", ""refNum_s"": ""615733""",TRUE,
"""sp AND shipLocation_s:12601 AND businessUnit_s:Accu-Tech"", ""userName_s"": ""334092"", ""refNum_s"": ""615733""",TRUE,
"""*:* AND transPartOrFilter:(transactablePart_s:BD8396325) AND salesLocation_s:60682 AND shipLocation_s:15408 AND dcLocation_s:7305 AND customerAccount_s:AC0045-0214 AND businessUnit_s:WESCO"", ""userName_s"": ""Aidee Gonzalez"", ""refNum_s"": ""QU100031113""",FALSE,
"""ZS1R26-AM003* AND salesLocation_s:62532 AND shipLocation_s:11726 AND customerAccount_s:AC0163-4802 AND businessUnit_s:Accu-Tech"", ""userName_s"": ""Christian Anderson"", ""refNum_s"": """"",TRUE,
"""658amj0041000 AND shipLocation_s:13429 AND businessUnit_s:Accu-Tech"", ""userName_s"": ""307614"", ""refNum_s"": ""611793""",TRUE,
"""AX102657 AND shipLocation_s:13429 AND businessUnit_s:Accu-Tech"", ""userName_s"": ""307614"", ""refNum_s"": ""611793""",TRUE,
"""10117-001* AND salesLocation_s:62532 AND shipLocation_s:11726 AND customerAccount_s:AC0197-7685 AND businessUnit_s:Accu-Tech"", ""userName_s"": ""Christian Anderson"", ""refNum_s"": """"",TRUE,
"""787802GD820040F AND shipLocation_s:11411 AND businessUnit_s:Accu-Tech"", ""userName_s"": ""336274"", ""refNum_s"": ""615731""",TRUE,
"""11421-718 AND businessUnit_s:Accu-Tech"", ""userName_s"": ""337844"", ""refNum_s"": """"",TRUE,
"""7136100 AND shipLocation_s:15414 AND businessUnit_s:Accu-Tech"", ""userName_s"": ""216112"", ""refNum_s"": ""615721""",TRUE,
"""09-097-02* AND businessUnit_s:Accu-Tech AND shipLocation_s:15428 AND advancedPartSearch:Y AND businessUnit_s:Accu-Tech"", ""userName_s"": """", ""refNum_s"": ""100012447""",TRUE,
"""NKPP24Y AND shipLocation_s:15009 AND businessUnit_s:Accu-Tech"", ""userName_s"": ""231421"", ""refNum_s"": ""615713""",TRUE,
"""SHP AND businessUnit_s:Accu-Tech"", ""userName_s"": ""328500"", ""refNum_s"": ""615704""",TRUE,
"""SCH-01P* AND businessUnit_s:Accu-Tech AND shipLocation_s:11305 AND advancedPartSearch:Y AND businessUnit_s:Accu-Tech"", ""userName_s"": """", ""refNum_s"": ""100012447""",TRUE,
"""netkey_jack_bla AND shipLocation_s:15416 AND businessUnit_s:Accu-Tech"", ""userName_s"": ""339129"", ""refNum_s"": ""615701""",TRUE,
"""FPF91X- AND shipLocation_s:15414 AND businessUnit_s:Accu-Tech"", ""userName_s"": ""216112"", ""refNum_s"": ""615375""",TRUE,
"""SMT3000RM2UC AND shipLocation_s:12304 AND businessUnit_s:Accu-Tech"", ""userName_s"": ""308638"", ""refNum_s"": ""615690""",TRUE,
"""C601108007 AND businessUnit_s:Accu-Tech"", ""userName_s"": ""313507"", ""refNum_s"": """"",TRUE,
"""mctp6bi-6-1 AND shipLocation_s:16043 AND businessUnit_s:Accu-Tech"", ""userName_s"": ""227199"", ""refNum_s"": ""613849""",TRUE,
"""1008634at AND businessUnit_s:Accu-Tech"", ""userName_s"": ""328842"", ""refNum_s"": ""609003""",TRUE,
"""foas2f10glclc-5 AND shipLocation_s:16043 AND businessUnit_s:Accu-Tech"", ""userName_s"": ""227199"", ""refNum_s"": ""613849""",TRUE,
"""BR2* AND businessUnit_s:Accu-Tech AND shipLocation_s:16023 AND transactablePartFilter:Y AND advancedPartSearch:Y AND businessUnit_s:Accu-Tech"", ""userName_s"": """", ""refNum_s"": ""100012447""",TRUE,
"""OFP-LCD12LC AND shipLocation_s:16043 AND businessUnit_s:Accu-Tech"", ""userName_s"": ""227199"", ""refNum_s"": ""613849""",TRUE,
"""ecx-1u AND shipLocation_s:16043 AND businessUnit_s:Accu-Tech"", ""userName_s"": ""227199"", ""refNum_s"": ""613849""",TRUE,
"""MM10VMD710-B* AND businessUnit_s:Accu-Tech AND shipLocation_s:11411 AND advancedPartSearch:Y AND businessUnit_s:Accu-Tech"", ""userName_s"": """", ""refNum_s"": ""100012447""",TRUE,
"""MM20VMD706-B* AND businessUnit_s:Accu-Tech AND shipLocation_s:11411 AND advancedPartSearch:Y AND businessUnit_s:Accu-Tech"", ""userName_s"": """", ""refNum_s"": ""100012447""",TRUE,
"""kramer AND shipLocation_s:12114 AND businessUnit_s:Accu-Tech"", ""userName_s"": ""320729"", ""refNum_s"": ""612826""",TRUE,
"""lvp-1u-ms-a01a AND shipLocation_s:15009 AND businessUnit_s:Accu-Tech"", ""userName_s"": ""218875"", ""refNum_s"": ""615685""",TRUE,
"""OFRBC-8 AND shipLocation_s:15416 AND businessUnit_s:Accu-Tech"", ""userName_s"": ""233831"", ""refNum_s"": ""615680""",TRUE,
"""6AS10-5L AND shipLocation_s:15416 AND businessUnit_s:Accu-Tech"", ""userName_s"": ""233831"", ""refNum_s"": ""615680""",TRUE,
"""V3W243L840-UNV-DIM-LPA* AND salesLocation_s:60682 AND shipLocation_s:15408 AND customerAccount_s:AC0054-1654 AND dcLocation_s:7305 AND businessUnit_s:WESCO"", ""userName_s"": ""Nicholas Garets"", ""refNum_s"": """"",FALSE,
"""CPC3312-04F010 AND shipLocation_s:16011 AND businessUnit_s:Accu-Tech"", ""userName_s"": ""329137"", ""refNum_s"": ""614506""",TRUE,
"""v704 AND shipLocation_s:11411 AND businessUnit_s:Accu-Tech"", ""userName_s"": ""210666"", ""refNum_s"": ""615667""",TRUE,
"""oven-1ki AND shipLocation_s:12304 AND businessUnit_s:Accu-Tech"", ""userName_s"": ""308638"", ""refNum_s"": ""615661""",TRUE,
"""6A-272-DB* AND salesLocation_s:62472 AND shipLocation_s:14506 AND customerAccount_s:AC0158-6808 AND businessUnit_s:Accu-Tech"", ""userName_s"": ""Steve Shannon"", ""refNum_s"": """"",TRUE,
"""5504f AND shipLocation_s:11411 AND businessUnit_s:Accu-Tech"", ""userName_s"": ""210666"", ""refNum_s"": ""615667""",TRUE,
"""FLCS2 AND shipLocation_s:11102 AND businessUnit_s:Accu-Tech"", ""userName_s"": ""224559"", ""refNum_s"": ""615393""",TRUE,
"""072EUC-T4101D20 AND shipLocation_s:16043 AND businessUnit_s:Accu-Tech"", ""userName_s"": ""325146"", ""refNum_s"": ""615670""",TRUE,
"""6504 AND shipLocation_s:11411 AND businessUnit_s:Accu-Tech"", ""userName_s"": ""210666"", ""refNum_s"": ""615667""",TRUE,
"""PXUOR116BBL-UQ AND shipLocation_s:12304 AND businessUnit_s:Accu-Tech"", ""userName_s"": ""308638"", ""refNum_s"": ""615661""",TRUE,
"""PXR1A AND shipLocation_s:12304 AND businessUnit_s:Accu-Tech"", ""userName_s"": ""308638"", ""refNum_s"": ""615661""",TRUE,
"""CFPL1WHY AND shipLocation_s:11102 AND businessUnit_s:Accu-Tech"", ""userName_s"": ""238320"", ""refNum_s"": ""615663""",TRUE,
"""fspp912y AND shipLocation_s:11102 AND businessUnit_s:Accu-Tech"", ""userName_s"": ""224559"", ""refNum_s"": ""615393""",TRUE,
"""fspp912 AND shipLocation_s:11102 AND businessUnit_s:Accu-Tech"", ""userName_s"": ""224559"", ""refNum_s"": ""615393""",TRUE,
"""760092361 AND businessUnit_s:Accu-Tech"", ""userName_s"": ""208850"", ""refNum_s"": """"",TRUE,
"""7600 AND businessUnit_s:Accu-Tech"", ""userName_s"": ""208850"", ""refNum_s"": """"",TRUE,
"""11700 AND shipLocation_s:11411 AND businessUnit_s:Accu-Tech"", ""userName_s"": ""302766"", ""refNum_s"": ""615617""",TRUE,
"""px AND shipLocation_s:12304 AND businessUnit_s:Accu-Tech"", ""userName_s"": ""308638"", ""refNum_s"": ""615661""",TRUE,
"""12101 AND shipLocation_s:11411 AND businessUnit_s:Accu-Tech"", ""userName_s"": ""302766"", ""refNum_s"": ""615617""",TRUE,
"""7602072 AND shipLocation_s:15642 AND businessUnit_s:Accu-Tech"", ""userName_s"": ""208850"", ""refNum_s"": ""615647""",TRUE,
"""40153-012 AND shipLocation_s:14509 AND businessUnit_s:Accu-Tech"", ""userName_s"": ""316066"", ""refNum_s"": ""615489""",TRUE,
"""TDH225-104* AND salesLocation_s:60001 AND shipLocation_s:12619 AND customerAccount_s:AC0087-2796 AND dcLocation_s:7302 AND businessUnit_s:WESCO"", ""userName_s"": ""John Allgaier"", ""refNum_s"": """"",FALSE,
"""200665* AND salesLocation_s:62399 AND shipLocation_s:15812 AND customerAccount_s:AC0158-4410 AND businessUnit_s:Accu-Tech"", ""userName_s"": ""Shawn Whittingham"", ""refNum_s"": """"",TRUE,
"""500253* AND salesLocation_s:62399 AND shipLocation_s:15812 AND customerAccount_s:AC0158-4410 AND businessUnit_s:Accu-Tech"", ""userName_s"": ""Shawn Whittingham"", ""refNum_s"": """"",TRUE,
"""9PXEBM180RT AND shipLocation_s:16043 AND businessUnit_s:Accu-Tech"", ""userName_s"": ""227199"", ""refNum_s"": ""615635""",TRUE,
"""V-9972* AND salesLocation_s:61997 AND shipLocation_s:12114 AND customerAccount_s:AC0160-0361 AND businessUnit_s:Accu-Tech"", ""userName_s"": ""Melisha Savage"", ""refNum_s"": """"",TRUE,
"""F96BN3NNNSZM002* AND salesLocation_s:60608 AND shipLocation_s:14001 AND customerAccount_s:AC0155-5833 AND dcLocation_s:7305 AND businessUnit_s:WESCO"", ""userName_s"": ""Scott Martin"", ""refNum_s"": """"",FALSE,
"""77-240-DB* AND businessUnit_s:Accu-Tech AND shipLocation_s:14611 AND advancedPartSearch:Y AND businessUnit_s:Accu-Tech"", ""userName_s"": """", ""refNum_s"": ""100012447""",TRUE,
"""852-ll2- AND shipLocation_s:12304 AND businessUnit_s:Accu-Tech"", ""userName_s"": ""327282"", ""refNum_s"": ""615628""",TRUE,
"""Cooper Lighting* AND salesLocation_s:60001 AND shipLocation_s:12619 AND customerAccount_s:AC0040-5748 AND dcLocation_s:7302 AND businessUnit_s:WESCO"", ""userName_s"": ""Matthew Quigley"", ""refNum_s"": """"",FALSE,
"""ULTD-PA1-40-740* AND salesLocation_s:60001 AND shipLocation_s:12619 AND customerAccount_s:AC0040-5748 AND dcLocation_s:7302 AND businessUnit_s:WESCO"", ""userName_s"": ""Matthew Quigley"", ""refNum_s"": """"",FALSE,
"""EZDP44S4 AND shipLocation_s:14509 AND businessUnit_s:Accu-Tech"", ""userName_s"": ""316066"", ""refNum_s"": ""615489""",TRUE,
"""10506 AND shipLocation_s:11305 AND businessUnit_s:Accu-Tech"", ""userName_s"": ""337844"", ""refNum_s"": ""615604""",TRUE,
"""cc7-1150-0* AND salesLocation_s:62401 AND shipLocation_s:12601 AND customerAccount_s:AC0158-4062 AND businessUnit_s:Accu-Tech"", ""userName_s"": ""Leesette Bengar"", ""refNum_s"": """"",TRUE,
"""FSPNLC AND shipLocation_s:15609 AND businessUnit_s:Accu-Tech"", ""userName_s"": ""337705"", ""refNum_s"": ""615593""",TRUE,
"""TNV-C7013RC AND shipLocation_s:12304 AND businessUnit_s:Accu-Tech"", ""userName_s"": ""308638"", ""refNum_s"": ""615622""",TRUE,
"""pr2vd AND shipLocation_s:11102 AND businessUnit_s:Accu-Tech"", ""userName_s"": ""224559"", ""refNum_s"": ""615393""",TRUE,
"""FCW4SPTRD AND shipLocation_s:15609 AND businessUnit_s:Accu-Tech"", ""userName_s"": ""337705"", ""refNum_s"": ""615593""",TRUE,
"""C4RR307742SBK1 AND shipLocation_s:16043 AND businessUnit_s:Accu-Tech"", ""userName_s"": ""325146"", ""refNum_s"": ""613396""",TRUE,
"""MXED64283BK10000* AND businessUnit_s:Accu-Tech AND shipLocation_s:15642 AND advancedPartSearch:Y AND businessUnit_s:Accu-Tech"", ""userName_s"": """", ""refNum_s"": ""100012447""",TRUE,
"""nk2bxwh-a AND shipLocation_s:11305 AND businessUnit_s:Accu-Tech"", ""userName_s"": ""337844"", ""refNum_s"": ""615604""",TRUE,
"""MXED64283BK10000 AND shipLocation_s:15642 AND businessUnit_s:Accu-Tech"", ""userName_s"": ""311815"", ""refNum_s"": ""615608""",TRUE,
"""UNC10G-BL-7F AND shipLocation_s:11411 AND businessUnit_s:Accu-Tech"", ""userName_s"": ""302766"", ""refNum_s"": ""615606""",TRUE,
"""PHA66U48-W AND shipLocation_s:15812 AND businessUnit_s:Accu-Tech"", ""userName_s"": ""321886"", ""refNum_s"": ""615518""",TRUE,
"""1LAN-SFP-1GB-LWLH AND businessUnit_s:Accu-Tech"", ""userName_s"": ""215336"", ""refNum_s"": """"",TRUE,
"""AN-SFP10G-SR* AND salesLocation_s:62473 AND shipLocation_s:13429 AND customerAccount_s:AC0162-3920 AND businessUnit_s:Accu-Tech"", ""userName_s"": ""Ben Leonard"", ""refNum_s"": """"",TRUE,
"""UN874049914/10* AND businessUnit_s:Accu-Tech AND shipLocation_s:13429 AND advancedPartSearch:Y AND businessUnit_s:Accu-Tech"", ""userName_s"": """", ""refNum_s"": ""100012447""",TRUE,
"""49255-L48* AND salesLocation_s:62474 AND shipLocation_s:13417 AND customerAccount_s:AC0196-3252 AND businessUnit_s:Accu-Tech"", ""userName_s"": ""Liz Miller"", ""refNum_s"": """"",TRUE,
"""274083* AND salesLocation_s:62395 AND shipLocation_s:12702 AND customerAccount_s:AC0160-6250 AND businessUnit_s:Accu-Tech"", ""userName_s"": ""Ryan Thenell"", ""refNum_s"": """"",TRUE,
"""AN-SFP10G-SR* AND salesLocation_s:62473 AND shipLocation_s:13429 AND customerAccount_s:AC0162-3920 AND businessUnit_s:Accu-Tech"", ""userName_s"": ""Ben Leonard"", ""refNum_s"": """"",TRUE,
"""947-75WH AND shipLocation_s:15009 AND businessUnit_s:Accu-Tech"", ""userName_s"": ""231421"", ""refNum_s"": ""615575""",TRUE,
"""p-006-od-5l-fsu AND businessUnit_s:Accu-Tech"", ""userName_s"": ""235882"", ""refNum_s"": """"",TRUE,
"""mctp AND shipLocation_s:14506 AND businessUnit_s:Accu-Tech"", ""userName_s"": ""209989"", ""refNum_s"": ""615584""",TRUE,
"""006E8P-31131-A3* AND salesLocation_s:62401 AND shipLocation_s:12601 AND customerAccount_s:AC0158-3380 AND businessUnit_s:Accu-Tech"", ""userName_s"": ""Leesette Bengar"", ""refNum_s"": """"",TRUE,
"""11060822* AND salesLocation_s:62396 AND shipLocation_s:14802 AND customerAccount_s:AC0186-3068 AND businessUnit_s:Accu-Tech"", ""userName_s"": ""Andrew Holman"", ""refNum_s"": """"",TRUE,
"""TI-PG62B AND shipLocation_s:15625 AND businessUnit_s:Accu-Tech"", ""userName_s"": ""307308"", ""refNum_s"": ""615550""",TRUE,
"""1418N4K16 AND shipLocation_s:15625 AND businessUnit_s:Accu-Tech"", ""userName_s"": ""307308"", ""refNum_s"": ""615550""",TRUE,
"""87180210C AND shipLocation_s:11411 AND businessUnit_s:Accu-Tech"", ""userName_s"": ""302766"", ""refNum_s"": ""615581""",TRUE,
"""p-006-od-5l* AND salesLocation_s:61997 AND shipLocation_s:12114 AND customerAccount_s:AC0160-2585 AND businessUnit_s:Accu-Tech"", ""userName_s"": ""Melisha Savage"", ""refNum_s"": """"",TRUE,
"""5505 AND shipLocation_s:11411 AND businessUnit_s:Accu-Tech"", ""userName_s"": ""228294"", ""refNum_s"": ""615574""",TRUE,
"""6502UE_877U1000 AND shipLocation_s:12702 AND businessUnit_s:Accu-Tech"", ""userName_s"": ""323615"", ""refNum_s"": ""611514""",TRUE,
"""ADXV-R-3378P- AND shipLocation_s:12114 AND businessUnit_s:Accu-Tech"", ""userName_s"": ""235882"", ""refNum_s"": ""615028""",TRUE,
"""ADXV-H-ODU- AND shipLocation_s:12114 AND businessUnit_s:Accu-Tech"", ""userName_s"": ""235882"", ""refNum_s"": ""615028""",TRUE,
"""614* AND salesLocation_s:61082 AND shipLocation_s:16009 AND customerAccount_s:AC0155-8143 AND dcLocation_s:5689 AND businessUnit_s:WESCO"", ""userName_s"": ""Nate Archer"", ""refNum_s"": """"",FALSE,
"""13050-723 AND shipLocation_s:11305 AND businessUnit_s:Accu-Tech"", ""userName_s"": ""337844"", ""refNum_s"": ""615524""",TRUE,
"""048EUF-T4101D20 AND businessUnit_s:Accu-Tech"", ""userName_s"": ""329187"", ""refNum_s"": """"",TRUE,
"""norton 11402* AND salesLocation_s:61171 AND shipLocation_s:12402 AND customerAccount_s:AC0001-5961 AND dcLocation_s:7302 AND businessUnit_s:WESCO"", ""userName_s"": ""Danny Jenkins"", ""refNum_s"": """"",FALSE,
"""040402G5120001M* AND salesLocation_s:62474 AND shipLocation_s:13417 AND customerAccount_s:AC0158-6317 AND businessUnit_s:Accu-Tech"", ""userName_s"": ""Kelly Szymanski"", ""refNum_s"": """"",TRUE,
"""57 AND shipLocation_s:16011 AND businessUnit_s:Accu-Tech"", ""userName_s"": ""333371"", ""refNum_s"": ""615497""",TRUE,
"""cpp105* AND salesLocation_s:62530 AND shipLocation_s:15642 AND customerAccount_s:AC0158-2202 AND businessUnit_s:Accu-Tech"", ""userName_s"": ""Matt Duncan"", ""refNum_s"": """"",TRUE,
"""s-13966 AND shipLocation_s:16011 AND businessUnit_s:Accu-Tech"", ""userName_s"": ""333371"", ""refNum_s"": ""615497""",TRUE,
"""hss005* AND salesLocation_s:62530 AND shipLocation_s:15642 AND customerAccount_s:AC0158-2202 AND businessUnit_s:Accu-Tech"", ""userName_s"": ""Matt Duncan"", ""refNum_s"": """"",TRUE,
"""RGRB19Y AND shipLocation_s:12114 AND businessUnit_s:Accu-Tech"", ""userName_s"": ""337344"", ""refNum_s"": ""615075""",TRUE,
"""85-363 AND shipLocation_s:11726 AND businessUnit_s:Accu-Tech"", ""userName_s"": ""302568"", ""refNum_s"": ""615490""",TRUE,
"""11301-701* AND salesLocation_s:62474 AND shipLocation_s:13417 AND customerAccount_s:AC0158-6304 AND businessUnit_s:Accu-Tech"", ""userName_s"": ""Kelly Szymanski"", ""refNum_s"": """"",TRUE,
"""unj10g AND shipLocation_s:14509 AND businessUnit_s:Accu-Tech"", ""userName_s"": ""316066"", ""refNum_s"": ""615489""",TRUE,
"""hb-1 AND shipLocation_s:16011 AND businessUnit_s:Accu-Tech"", ""userName_s"": ""333371"", ""refNum_s"": ""615497""",TRUE,
"""slr-80-84-enc AND businessUnit_s:Accu-Tech"", ""userName_s"": ""325146"", ""refNum_s"": """"",TRUE,
"""smb-2p-262 AND shipLocation_s:14509 AND businessUnit_s:Accu-Tech"", ""userName_s"": ""316066"", ""refNum_s"": ""615489""",TRUE,
"""AX102660 AND shipLocation_s:11726 AND businessUnit_s:Accu-Tech"", ""userName_s"": ""327898"", ""refNum_s"": ""615313""",TRUE,
"""11275 AND shipLocation_s:13002 AND businessUnit_s:Accu-Tech"", ""userName_s"": ""316046"", ""refNum_s"": ""615414""",TRUE,
"""PUP6C04BU-WZ AND shipLocation_s:11102 AND businessUnit_s:Accu-Tech"", ""userName_s"": ""224559"", ""refNum_s"": ""615393""",TRUE,
"""cch-cp12-e4* AND salesLocation_s:62530 AND shipLocation_s:15642 AND customerAccount_s:AC0158-2202 AND businessUnit_s:Accu-Tech"", ""userName_s"": ""Matt Duncan"", ""refNum_s"": """"",TRUE,
"""MM2073038-W AND shipLocation_s:13429 AND businessUnit_s:Accu-Tech"", ""userName_s"": ""324609"", ""refNum_s"": ""615494""",TRUE,
"""UN874037414/10 AND shipLocation_s:16041 AND businessUnit_s:Accu-Tech"", ""userName_s"": ""331970"", ""refNum_s"": ""598367""",TRUE,
"""CCH-CP12-E4 AND shipLocation_s:15812 AND businessUnit_s:Accu-Tech"", ""userName_s"": ""321886"", ""refNum_s"": ""615464""",TRUE,
"""C11 AND shipLocation_s:16023 AND businessUnit_s:Accu-Tech"", ""userName_s"": ""339483"", ""refNum_s"": ""615454""",TRUE,
"""181-91507 AND shipLocation_s:12908 AND businessUnit_s:Accu-Tech"", ""userName_s"": ""321469"", ""refNum_s"": ""615265""",TRUE,
"""FRFWCSC6BL AND shipLocation_s:12702 AND businessUnit_s:Accu-Tech"", ""userName_s"": ""238367"", ""refNum_s"": ""612582""",TRUE,
"""19945* AND salesLocation_s:61138 AND shipLocation_s:11204 AND customerAccount_s:AC0065-3000 AND dcLocation_s:7302 AND businessUnit_s:WESCO"", ""userName_s"": ""Karen Perrier"", ""refNum_s"": """"",FALSE,
"""Bl0241pnu-ilpa AND businessUnit_s:Accu-Tech"", ""userName_s"": ""329313"", ""refNum_s"": """"",TRUE,
"""FRHD2KTBL AND businessUnit_s:Accu-Tech"", ""userName_s"": ""238367"", ""refNum_s"": """"",TRUE,
"""DTK-MRJPOES AND shipLocation_s:15642 AND businessUnit_s:Accu-Tech"", ""userName_s"": ""311815"", ""refNum_s"": ""615473""",TRUE,
"""040402r5120001m* AND salesLocation_s:62399 AND shipLocation_s:15812 AND customerAccount_s:AC0194-6020 AND businessUnit_s:Accu-Tech"", ""userName_s"": ""Shawn Whittingham"", ""refNum_s"": """"",TRUE,
"""JBx AND shipLocation_s:15609 AND businessUnit_s:Accu-Tech"", ""userName_s"": ""337705"", ""refNum_s"": ""613213""",TRUE,
"""400941 AND shipLocation_s:16043 AND businessUnit_s:Accu-Tech"", ""userName_s"": ""237291"", ""refNum_s"": ""615440""",TRUE,
"""6AM130-007* AND salesLocation_s:62681 AND shipLocation_s:14611 AND customerAccount_s:AC0158-1612 AND businessUnit_s:Accu-Tech"", ""userName_s"": ""Ryan Van Horn"", ""refNum_s"": """"",TRUE,
"""6A-272-5B* AND salesLocation_s:62471 AND shipLocation_s:14509 AND customerAccount_s:AC0186-3068 AND businessUnit_s:Accu-Tech"", ""userName_s"": ""Henry Frailey"", ""refNum_s"": """"",TRUE,
"""jb AND shipLocation_s:15609 AND businessUnit_s:Accu-Tech"", ""userName_s"": ""337705"", ""refNum_s"": ""613213""",TRUE,
"""IFP14BK AND shipLocation_s:13002 AND businessUnit_s:Accu-Tech"", ""userName_s"": ""316046"", ""refNum_s"": ""615414""",TRUE,
"""PUP6AS04BU-G AND shipLocation_s:13603 AND businessUnit_s:Accu-Tech"", ""userName_s"": ""227835"", ""refNum_s"": ""615446""",TRUE,
"""NM-RG142-NF-36 AND shipLocation_s:11411 AND businessUnit_s:Accu-Tech"", ""userName_s"": ""336274"", ""refNum_s"": ""611812""",TRUE,
"""S09 AND shipLocation_s:15609 AND businessUnit_s:Accu-Tech"", ""userName_s"": ""226022"", ""refNum_s"": ""615461""",TRUE,
"""bch AND shipLocation_s:15819 AND businessUnit_s:Accu-Tech"", ""userName_s"": ""223220"", ""refNum_s"": ""615462""",TRUE,
"""8080 AND shipLocation_s:14802 AND businessUnit_s:Accu-Tech"", ""userName_s"": ""326020"", ""refNum_s"": ""615402""",TRUE,
"""80806033* AND salesLocation_s:62396 AND shipLocation_s:14802 AND customerAccount_s:AC0160-2197 AND businessUnit_s:Accu-Tech"", ""userName_s"": ""Ryan Odom"", ""refNum_s"": """"",TRUE,
"""6SL32105BE137CV0* AND salesLocation_s:60627 AND shipLocation_s:14507 AND customerAccount_s:AC0016-0547 AND dcLocation_s:7303 AND businessUnit_s:WESCO"", ""userName_s"": ""John Van Vactor"", ""refNum_s"": """"",FALSE,
"""SBP-300KMW * AND businessUnit_s:Accu-Tech AND shipLocation_s:11726 AND advancedPartSearch:Y AND businessUnit_s:Accu-Tech"", ""userName_s"": """", ""refNum_s"": ""100012447""",TRUE,
"""6SL31201TE230AD0* AND salesLocation_s:60627 AND shipLocation_s:14507 AND customerAccount_s:AC0016-0547 AND dcLocation_s:7303 AND businessUnit_s:WESCO"", ""userName_s"": ""John Van Vactor"", ""refNum_s"": """"",FALSE,
"""12f lc sm pigtail AND shipLocation_s:11102 AND businessUnit_s:Accu-Tech"", ""userName_s"": ""238320"", ""refNum_s"": ""615045""",TRUE,
"""P3B00882684BL2 AND shipLocation_s:15819 AND businessUnit_s:Accu-Tech"", ""userName_s"": ""223220"", ""refNum_s"": ""615462""",TRUE,
"""613100-v2 AND businessUnit_s:Accu-Tech"", ""userName_s"": ""308831"", ""refNum_s"": """"",TRUE,
"""cch- AND shipLocation_s:11102 AND businessUnit_s:Accu-Tech"", ""userName_s"": ""238320"", ""refNum_s"": ""615045""",TRUE,
"""77-240-2B AND businessUnit_s:Accu-Tech"", ""userName_s"": ""328501"", ""refNum_s"": ""615459""",TRUE,
"""802-LLL2-475* AND salesLocation_s:62533 AND shipLocation_s:11102 AND customerAccount_s:AC0159-6011 AND businessUnit_s:Accu-Tech"", ""userName_s"": ""Steven King"", ""refNum_s"": """"",TRUE,
"""4b1s-300 AND shipLocation_s:15009 AND businessUnit_s:Accu-Tech"", ""userName_s"": ""231421"", ""refNum_s"": ""615385""",TRUE,
"""491RU-HFO* AND businessUnit_s:Accu-Tech AND shipLocation_s:12702 AND advancedPartSearch:Y AND businessUnit_s:Accu-Tech"", ""userName_s"": """", ""refNum_s"": ""100012447""",TRUE,
"""IFP AND shipLocation_s:15812 AND businessUnit_s:Accu-Tech"", ""userName_s"": ""216856"", ""refNum_s"": ""615407""",TRUE,
"""ipl AND shipLocation_s:14802 AND businessUnit_s:Accu-Tech"", ""userName_s"": ""326020"", ""refNum_s"": ""615402""",TRUE,
"""AX103114 AND shipLocation_s:16023 AND businessUnit_s:Accu-Tech"", ""userName_s"": ""339483"", ""refNum_s"": ""615454""",TRUE,
"""28615A AND businessUnit_s:Accu-Tech"", ""userName_s"": ""332229"", ""refNum_s"": """"",TRUE,
"""cpp24fmwbly* AND salesLocation_s:62680 AND shipLocation_s:14205 AND customerAccount_s:AC0159-3928 AND businessUnit_s:Accu-Tech"", ""userName_s"": ""Sean Stazen"", ""refNum_s"": """"",TRUE,
"""cch-01u* AND salesLocation_s:62395 AND shipLocation_s:12702 AND customerAccount_s:AC0158-2717 AND businessUnit_s:Accu-Tech"", ""userName_s"": ""Chris Seeman"", ""refNum_s"": """"",TRUE,
"""T050X000VPM-BK AND shipLocation_s:15642 AND businessUnit_s:Accu-Tech"", ""userName_s"": ""311815"", ""refNum_s"": ""615405""",TRUE,
"""9px AND shipLocation_s:14802 AND businessUnit_s:Accu-Tech"", ""userName_s"": ""208873"", ""refNum_s"": ""615452""",TRUE,
"""tf6-os2-pl* AND salesLocation_s:62395 AND shipLocation_s:12702 AND customerAccount_s:AC0158-2717 AND businessUnit_s:Accu-Tech"", ""userName_s"": ""Chris Seeman"", ""refNum_s"": """"",TRUE,
"""3WA12208AU122BL0-Z U09* AND salesLocation_s:60627 AND shipLocation_s:14507 AND customerAccount_s:AC0016-0547 AND dcLocation_s:7303 AND businessUnit_s:WESCO"", ""userName_s"": ""John Van Vactor"", ""refNum_s"": """"",FALSE,
"""222 AND shipLocation_s:14205 AND businessUnit_s:Accu-Tech"", ""userName_s"": ""317857"", ""refNum_s"": ""615398""",TRUE,
"""cc7-* AND businessUnit_s:Accu-Tech AND shipLocation_s:12702 AND advancedPartSearch:Y AND businessUnit_s:Accu-Tech"", ""userName_s"": """", ""refNum_s"": ""100012447""",TRUE,
"""45830H02* AND businessUnit_s:WESCO AND shipLocation_s:14507 AND advancedPartSearch:Y AND businessUnit_s:WESCO"", ""userName_s"": """", ""refNum_s"": ""100012447""",FALSE,
"""012T AND shipLocation_s:14611 AND businessUnit_s:Accu-Tech"", ""userName_s"": ""240568"", ""refNum_s"": ""615411""",TRUE,
"""yagi* AND businessUnit_s:Accu-Tech AND shipLocation_s:12304 AND advancedPartSearch:Y AND businessUnit_s:Accu-Tech"", ""userName_s"": """", ""refNum_s"": ""100012447""",TRUE,
"""006t8f-31180- AND shipLocation_s:14611 AND businessUnit_s:Accu-Tech"", ""userName_s"": ""240568"", ""refNum_s"": ""615411""",TRUE,
"""006t8f-311 AND shipLocation_s:14611 AND businessUnit_s:Accu-Tech"", ""userName_s"": ""240568"", ""refNum_s"": ""615411""",TRUE,
"""202* AND salesLocation_s:60001 AND shipLocation_s:12619 AND customerAccount_s:AC0029-8945 AND dcLocation_s:7302 AND businessUnit_s:WESCO"", ""userName_s"": ""Alisa Gelinas"", ""refNum_s"": """"",FALSE,
"""CJ688TGbl-24 AND shipLocation_s:12908 AND businessUnit_s:Accu-Tech"", ""userName_s"": ""321469"", ""refNum_s"": ""614531""",TRUE,
"""CJ688TGWH-24 * AND businessUnit_s:Accu-Tech AND shipLocation_s:16023 AND advancedPartSearch:Y AND businessUnit_s:Accu-Tech"", ""userName_s"": """", ""refNum_s"": ""100012447""",TRUE,
"""CCH-CS24- AND shipLocation_s:14611 AND businessUnit_s:Accu-Tech"", ""userName_s"": ""339347"", ""refNum_s"": ""615426""",TRUE,
"""1003665AT* AND businessUnit_s:Accu-Tech AND shipLocation_s:13429 AND advancedPartSearch:Y AND businessUnit_s:Accu-Tech"", ""userName_s"": """", ""refNum_s"": ""100012447""",TRUE,
"""10'_ground AND businessUnit_s:Accu-Tech"", ""userName_s"": ""208760"", ""refNum_s"": """"",TRUE,
"""048FU4-T4101D20 AND shipLocation_s:12304 AND businessUnit_s:Accu-Tech"", ""userName_s"": ""327282"", ""refNum_s"": ""615387""",TRUE,
"""W603-0016 AND shipLocation_s:12601 AND businessUnit_s:Accu-Tech"", ""userName_s"": ""224014"", ""refNum_s"": ""615060""",TRUE,
"""CCH-CS06-E4-P00TE AND shipLocation_s:14611 AND businessUnit_s:Accu-Tech"", ""userName_s"": ""339347"", ""refNum_s"": ""615426""",TRUE,
"""CCH-CS AND shipLocation_s:14611 AND businessUnit_s:Accu-Tech"", ""userName_s"": ""339347"", ""refNum_s"": ""615426""",TRUE,
"""CCH AND shipLocation_s:14611 AND businessUnit_s:Accu-Tech"", ""userName_s"": ""339347"", ""refNum_s"": ""615426""",TRUE,
"""006 AND shipLocation_s:14611 AND businessUnit_s:Accu-Tech"", ""userName_s"": ""240568"", ""refNum_s"": ""615411""",TRUE,
"""10506-706* AND salesLocation_s:61961 AND shipLocation_s:16011 AND customerAccount_s:AC0159-4787 AND businessUnit_s:Accu-Tech"", ""userName_s"": ""Andrew Lane"", ""refNum_s"": """"",TRUE,
"""PDR012-I/O(BLA)* AND businessUnit_s:Accu-Tech AND shipLocation_s:15428 AND advancedPartSearch:Y AND businessUnit_s:Accu-Tech"", ""userName_s"": """", ""refNum_s"": ""100012447""",TRUE,
"""cj6x88 AND shipLocation_s:11102 AND businessUnit_s:Accu-Tech"", ""userName_s"": ""224559"", ""refNum_s"": ""615393""",TRUE,
"""2413010a1000* AND salesLocation_s:62744 AND shipLocation_s:15416 AND customerAccount_s:AC0158-4487 AND businessUnit_s:Accu-Tech"", ""userName_s"": ""Chanel Cannon"", ""refNum_s"": """"",TRUE,
"""cch- AND shipLocation_s:15812 AND businessUnit_s:Accu-Tech"", ""userName_s"": ""216856"", ""refNum_s"": ""615407""",TRUE,
"""LMR-600-FR-PVC AND businessUnit_s:Accu-Tech"", ""userName_s"": ""324687"", ""refNum_s"": ""615418""",TRUE,
"""ewmw242425* AND salesLocation_s:61996 AND shipLocation_s:12304 AND customerAccount_s:AC0160-0026 AND businessUnit_s:Accu-Tech"", ""userName_s"": ""Nathan Ward"", ""refNum_s"": """"",TRUE,
"""78010062797* AND salesLocation_s:60682 AND shipLocation_s:15408 AND customerAccount_s:AC0015-4621 AND dcLocation_s:7305 AND businessUnit_s:WESCO"", ""userName_s"": ""Nicholas Garets"", ""refNum_s"": """"",FALSE,
"""SPT15A AND shipLocation_s:14205 AND businessUnit_s:Accu-Tech"", ""userName_s"": ""230516"", ""refNum_s"": ""615371""",TRUE,
"""FPSK04-SS* AND salesLocation_s:62399 AND shipLocation_s:15812 AND customerAccount_s:AC0160-7835 AND businessUnit_s:Accu-Tech"", ""userName_s"": ""Patrick Sweeney"", ""refNum_s"": """"",TRUE,
"""06491* AND salesLocation_s:61171 AND shipLocation_s:12402 AND customerAccount_s:AC0001-5961 AND dcLocation_s:7302 AND businessUnit_s:WESCO"", ""userName_s"": ""Danny Jenkins"", ""refNum_s"": """"",FALSE,
"""5k-0601-5 AND shipLocation_s:14205 AND businessUnit_s:Accu-Tech"", ""userName_s"": ""230516"", ""refNum_s"": ""615371""",TRUE,
"""THHN-6 AND shipLocation_s:14205 AND businessUnit_s:Accu-Tech"", ""userName_s"": ""230516"", ""refNum_s"": ""615371""",TRUE,
"""T038X000VPM-BK AND shipLocation_s:15642 AND businessUnit_s:Accu-Tech"", ""userName_s"": ""311815"", ""refNum_s"": ""615405""",TRUE,
"""2607016 AND shipLocation_s:13002 AND businessUnit_s:Accu-Tech"", ""userName_s"": ""316046"", ""refNum_s"": ""615414""",TRUE,
"""850050 AND shipLocation_s:12601 AND businessUnit_s:Accu-Tech"", ""userName_s"": ""224014"", ""refNum_s"": ""615060""",TRUE,
"""NKPP48FMY AND shipLocation_s:12908 AND businessUnit_s:Accu-Tech"", ""userName_s"": ""321602"", ""refNum_s"": ""615410""",TRUE,
"""14-6c AND businessUnit_s:Accu-Tech"", ""userName_s"": ""332229"", ""refNum_s"": """"",TRUE,
"""cch-01u* AND salesLocation_s:69609 AND shipLocation_s:12702 AND customerAccount_s:AC0158-2845 AND businessUnit_s:Accu-Tech"", ""userName_s"": ""Tyler Sauer"", ""refNum_s"": """"",TRUE,
"""bch12-c2* AND salesLocation_s:62474 AND shipLocation_s:13417 AND customerAccount_s:AC0158-6321 AND businessUnit_s:Accu-Tech"", ""userName_s"": ""Tyler Ballengee"", ""refNum_s"": """"",TRUE,
"""40655H05* AND businessUnit_s:WESCO AND shipLocation_s:14507 AND advancedPartSearch:Y AND businessUnit_s:WESCO"", ""userName_s"": """", ""refNum_s"": ""100012447""",FALSE,
"""JCM3641* AND salesLocation_s:61171 AND shipLocation_s:12402 AND customerAccount_s:AC0001-5961 AND dcLocation_s:7302 AND businessUnit_s:WESCO"", ""userName_s"": ""Danny Jenkins"", ""refNum_s"": """"",FALSE,
"""cj32h* AND salesLocation_s:62744 AND shipLocation_s:15416 AND customerAccount_s:AC0158-4487 AND businessUnit_s:Accu-Tech"", ""userName_s"": ""Chanel Cannon"", ""refNum_s"": """"",TRUE,
"""mctp6ab AND shipLocation_s:15642 AND businessUnit_s:Accu-Tech"", ""userName_s"": ""208806"", ""refNum_s"": ""615380""",TRUE,
"""CS AND shipLocation_s:14205 AND businessUnit_s:Accu-Tech"", ""userName_s"": ""317857"", ""refNum_s"": ""615398""",TRUE,
"""62194564717* AND salesLocation_s:60682 AND shipLocation_s:15408 AND customerAccount_s:AC0015-4621 AND dcLocation_s:7305 AND businessUnit_s:WESCO"", ""userName_s"": ""Nicholas Garets"", ""refNum_s"": """"",FALSE,
"""mctp6abi-6- AND shipLocation_s:15642 AND businessUnit_s:Accu-Tech"", ""userName_s"": ""208806"", ""refNum_s"": ""615380""",TRUE,
"""phd6 AND shipLocation_s:15642 AND businessUnit_s:Accu-Tech"", ""userName_s"": ""208806"", ""refNum_s"": ""615380""",TRUE,
"""GL-CR-TSB12 AND shipLocation_s:15416 AND businessUnit_s:Accu-Tech"", ""userName_s"": ""339129"", ""refNum_s"": ""615358""",TRUE,
"""1033094AT AND shipLocation_s:16023 AND businessUnit_s:Accu-Tech"", ""userName_s"": """", ""refNum_s"": ""612529""",TRUE,
"""tj6 AND shipLocation_s:15642 AND businessUnit_s:Accu-Tech"", ""userName_s"": ""208806"", ""refNum_s"": ""615380""",TRUE,
"""u2396* AND salesLocation_s:61138 AND shipLocation_s:11204 AND customerAccount_s:AC0001-4025 AND dcLocation_s:7302 AND businessUnit_s:WESCO"", ""userName_s"": ""Karen Perrier"", ""refNum_s"": """"",FALSE,
"""CS34P_BLU AND businessUnit_s:Accu-Tech"", ""userName_s"": ""328501"", ""refNum_s"": ""615389""",TRUE,
"""pdpk00 AND shipLocation_s:12304 AND businessUnit_s:Accu-Tech"", ""userName_s"": ""327282"", ""refNum_s"": ""615387""",TRUE,
"""78010062794* AND salesLocation_s:60682 AND shipLocation_s:15408 AND customerAccount_s:AC0015-4621 AND dcLocation_s:7305 AND businessUnit_s:WESCO"", ""userName_s"": ""Nicholas Garets"", ""refNum_s"": """"",FALSE,
"""002EUC* AND businessUnit_s:Accu-Tech AND shipLocation_s:12702 AND advancedPartSearch:Y AND businessUnit_s:Accu-Tech"", ""userName_s"": """", ""refNum_s"": ""100012447""",TRUE,
"""002EUC-T4101D20 * AND businessUnit_s:Accu-Tech AND shipLocation_s:12702 AND advancedPartSearch:Y AND businessUnit_s:Accu-Tech"", ""userName_s"": """", ""refNum_s"": ""100012447""",TRUE,
"""1/2 velcro AND businessUnit_s:Accu-Tech"", ""userName_s"": ""313507"", ""refNum_s"": """"",TRUE,
"""i.NESA AND shipLocation_s:14112 AND businessUnit_s:Accu-Tech"", ""userName_s"": ""221887"", ""refNum_s"": ""615383""",TRUE,
"""31086 AND businessUnit_s:Accu-Tech"", ""userName_s"": ""313507"", ""refNum_s"": """"",TRUE,
"""MCPL\u0002XPPPLUSD_L AND shipLocation_s:14509 AND businessUnit_s:Accu-Tech"", ""userName_s"": ""316066"", ""refNum_s"": ""615057""",TRUE,
"""006e8f-31131* AND salesLocation_s:62474 AND shipLocation_s:13417 AND customerAccount_s:AC0158-6317 AND businessUnit_s:Accu-Tech"", ""userName_s"": ""Kelly Szymanski"", ""refNum_s"": """"",TRUE,
"""760152595* AND businessUnit_s:Accu-Tech AND shipLocation_s:16011 AND advancedPartSearch:Y AND businessUnit_s:Accu-Tech"", ""userName_s"": """", ""refNum_s"": ""100012447""",TRUE,
"""NK6X88MBL AND shipLocation_s:13603 AND businessUnit_s:Accu-Tech"", ""userName_s"": ""227835"", ""refNum_s"": ""615367""",TRUE,
"""*:* AND transPartOrFilter:(transactablePart_s:1013479AT) AND salesLocation_s:61960 AND shipLocation_s:16043 AND customerAccount_s:AC0158-1655 AND businessUnit_s:Accu-Tech"", ""userName_s"": ""Alton Balentine"", ""refNum_s"": ""100077469""",TRUE,
"""WL9-11744* AND salesLocation_s:61171 AND shipLocation_s:12402 AND customerAccount_s:AC0001-5961 AND dcLocation_s:7302 AND businessUnit_s:WESCO"", ""userName_s"": ""Danny Jenkins"", ""refNum_s"": """"",FALSE,
"""6a-246 AND shipLocation_s:15642 AND businessUnit_s:Accu-Tech"", ""userName_s"": ""208806"", ""refNum_s"": ""615380""",TRUE,
"""https://www.netgear.com/business/wired/switches/unmanaged/gs748pp/ AND shipLocation_s:16023 AND businessUnit_s:Accu-Tech"", ""userName_s"": ""339483"", ""refNum_s"": ""612297""",TRUE,
"""CCH-CP12-6T-P03RH* AND businessUnit_s:Accu-Tech AND shipLocation_s:13429 AND advancedPartSearch:Y AND businessUnit_s:Accu-Tech"", ""userName_s"": """", ""refNum_s"": ""100012447""",TRUE,
"""freight* AND salesLocation_s:62533 AND shipLocation_s:11102 AND customerAccount_s:AC0161-9773 AND businessUnit_s:Accu-Tech"", ""userName_s"": ""Jarred Henderson"", ""refNum_s"": """"",TRUE,
"""misc* AND salesLocation_s:62533 AND shipLocation_s:11102 AND customerAccount_s:AC0161-9773 AND businessUnit_s:Accu-Tech"", ""userName_s"": ""Jarred Henderson"", ""refNum_s"": """"",TRUE,
"""18 AND businessUnit_s:Accu-Tech"", ""userName_s"": ""228374"", ""refNum_s"": """"",TRUE,
"""10610-019 AND shipLocation_s:11726 AND businessUnit_s:Accu-Tech"", ""userName_s"": ""327898"", ""refNum_s"": ""615362""",TRUE,
"""012 AND shipLocation_s:14611 AND businessUnit_s:Accu-Tech"", ""userName_s"": ""339347"", ""refNum_s"": ""615366""",TRUE,
"""bdo* AND businessUnit_s:Accu-Tech AND shipLocation_s:12702 AND advancedPartSearch:Y AND businessUnit_s:Accu-Tech"", ""userName_s"": """", ""refNum_s"": ""100012447""",TRUE,
"""pnm-c3208 AND shipLocation_s:14611 AND businessUnit_s:Accu-Tech"", ""userName_s"": ""303596"", ""refNum_s"": ""615372""",TRUE,
"""fcsh* AND businessUnit_s:Accu-Tech AND shipLocation_s:15642 AND advancedPartSearch:Y AND businessUnit_s:Accu-Tech"", ""userName_s"": """", ""refNum_s"": ""100012447""",TRUE,
"""006e* AND businessUnit_s:Accu-Tech AND shipLocation_s:12702 AND advancedPartSearch:Y AND businessUnit_s:Accu-Tech"", ""userName_s"": """", ""refNum_s"": ""100012447""",TRUE,
"""CFPL4SY* AND salesLocation_s:61999 AND shipLocation_s:13603 AND customerAccount_s:AC0158-0996 AND businessUnit_s:Accu-Tech"", ""userName_s"": ""Zachary Boyd"", ""refNum_s"": """"",TRUE,
"""LD10WH10-A AND shipLocation_s:12702 AND businessUnit_s:Accu-Tech"", ""userName_s"": ""339478"", ""refNum_s"": ""615226""",TRUE,
"""L4012N401 AND businessUnit_s:Accu-Tech"", ""userName_s"": ""224014"", ""refNum_s"": """"",TRUE,
"""012e81 AND shipLocation_s:11726 AND businessUnit_s:Accu-Tech"", ""userName_s"": ""236339"", ""refNum_s"": ""615317""",TRUE,
"""FCSX12LDFS* AND salesLocation_s:62744 AND shipLocation_s:15416 AND customerAccount_s:AC0162-6203 AND businessUnit_s:Accu-Tech"", ""userName_s"": ""Brandon Gauthier"", ""refNum_s"": """"",TRUE,
"""12121-712 AND shipLocation_s:12304 AND businessUnit_s:Accu-Tech"", ""userName_s"": ""327282"", ""refNum_s"": ""615064""",TRUE,
"""DX006KALT9QP* AND salesLocation_s:69609 AND shipLocation_s:12702 AND customerAccount_s:AC0158-2845 AND businessUnit_s:Accu-Tech"", ""userName_s"": ""Jared Ferguson"", ""refNum_s"": """"",TRUE,
"""cch-cp AND shipLocation_s:14802 AND businessUnit_s:Accu-Tech"", ""userName_s"": ""326020"", ""refNum_s"": ""615347""",TRUE,
"""42080-1is* AND salesLocation_s:62472 AND shipLocation_s:14506 AND customerAccount_s:AC0160-8033 AND businessUnit_s:Accu-Tech"", ""userName_s"": ""Steve Shannon"", ""refNum_s"": """"",TRUE,
"""GECLB62A* AND salesLocation_s:61961 AND shipLocation_s:16011 AND customerAccount_s:AC0159-4787 AND businessUnit_s:Accu-Tech"", ""userName_s"": ""Andrew Lane"", ""refNum_s"": """"",TRUE,
"""GRDSPLICE AND shipLocation_s:14611 AND businessUnit_s:Accu-Tech"", ""userName_s"": ""240568"", ""refNum_s"": ""615339""",TRUE,
"""CNY LED ALO SWW2 UVOLT PE PIR DDB* AND salesLocation_s:60682 AND shipLocation_s:15408 AND customerAccount_s:AC0152-6974 AND dcLocation_s:7305 AND businessUnit_s:WESCO"", ""userName_s"": ""Shanell Wade"", ""refNum_s"": """"",FALSE,
"""206800190* AND salesLocation_s:60001 AND shipLocation_s:12619 AND customerAccount_s:AC0069-7525 AND dcLocation_s:7302 AND businessUnit_s:WESCO"", ""userName_s"": ""John Allgaier"", ""refNum_s"": """"",FALSE,
"""T50F-c* AND salesLocation_s:62399 AND shipLocation_s:15812 AND customerAccount_s:AC0158-4410 AND businessUnit_s:Accu-Tech"", ""userName_s"": ""Shawn Whittingham"", ""refNum_s"": """"",TRUE,
"""*:* AND transPartOrFilter:(transactablePart_s:1043724AT OR transactablePart_s:1043177AT OR transactablePart_s:1033210AT OR transactablePart_s:1032158AT OR transactablePart_s:1034387AT OR transactablePart_s:1034302AT OR transactablePart_s:1046903AT OR transactablePart_s:1019630AT OR transactablePart_s:1001662AT OR transactablePart_s:1019828AT OR transactablePart_s:1034021AT OR transactablePart_s:1031898AT OR transactablePart_s:1033553AT OR transactablePart_s:1045128AT OR transactablePart_s:1033426AT OR transactablePart_s:1032170AT OR transactablePart_s:1031511AT OR transactablePart_s:1034685AT OR transactablePart_s:1024604AT OR transactablePart_s:1031862AT OR transactablePart_s:1000323AT OR transactablePart_s:1020099AT OR transactablePart_s:1033510AT OR transactablePart_s:1043482AT OR transactablePart_s:1001456AT OR transactablePart_s:1061061AT OR transactablePart_s:1010599AT OR transactablePart_s:1001162AT OR transactablePart_s:1000917AT OR transactablePart_s:1000594AT OR transactablePart_s:1034488AT OR transactablePart_s:1034306AT OR transactablePart_s:1060643AT OR transactablePart_s:1020167AT OR transactablePart_s:1044017AT) AND salesLocation_s:62530 AND shipLocation_s:15642 AND customerAccount_s:AC0159-0420 AND businessUnit_s:Accu-Tech"", ""userName_s"": ""Matt Duncan"", ""refNum_s"": ""100084733""",TRUE,
"""11746-712 AND shipLocation_s:11726 AND businessUnit_s:Accu-Tech"", ""userName_s"": ""329125"", ""refNum_s"": ""614621""",TRUE,
"""WL-SPKR-RB- AND shipLocation_s:11102 AND businessUnit_s:Accu-Tech"", ""userName_s"": ""226317"", ""refNum_s"": ""615143""",TRUE,
"""V-1061-W AND businessUnit_s:Accu-Tech"", ""userName_s"": ""311205"", ""refNum_s"": """"",TRUE,
"""77-204 AND shipLocation_s:14205 AND businessUnit_s:Accu-Tech"", ""userName_s"": ""230516"", ""refNum_s"": ""615316""",TRUE,
"""blwas421-12b* AND businessUnit_s:Accu-Tech AND shipLocation_s:12702 AND advancedPartSearch:Y AND businessUnit_s:Accu-Tech"", ""userName_s"": """", ""refNum_s"": ""100012447""",TRUE,
"""852-ll2-003* AND businessUnit_s:Accu-Tech AND shipLocation_s:15428 AND advancedPartSearch:Y AND businessUnit_s:Accu-Tech"", ""userName_s"": """", ""refNum_s"": ""100012447""",TRUE,
"""or-6370000 AND shipLocation_s:12601 AND businessUnit_s:Accu-Tech"", ""userName_s"": ""334092"", ""refNum_s"": ""614747""",TRUE,
"""DV6DF7 AND shipLocation_s:11726 AND businessUnit_s:Accu-Tech"", ""userName_s"": ""329125"", ""refNum_s"": ""614621""",TRUE,
"""006T88-31190-A3 AND businessUnit_s:Accu-Tech"", ""userName_s"": ""211557"", ""refNum_s"": """"",TRUE,
"""2806031-01 AND shipLocation_s:11726 AND businessUnit_s:Accu-Tech"", ""userName_s"": ""302568"", ""refNum_s"": ""615312""",TRUE,
"""blrs250-12b* AND businessUnit_s:Accu-Tech AND shipLocation_s:12702 AND advancedPartSearch:Y AND businessUnit_s:Accu-Tech"", ""userName_s"": """", ""refNum_s"": ""100012447""",TRUE,
"""CC7-1150M-9* AND salesLocation_s:62395 AND shipLocation_s:12702 AND customerAccount_s:AC0158-1821 AND businessUnit_s:Accu-Tech"", ""userName_s"": ""Melissa Saul"", ""refNum_s"": """"",TRUE,
"""006E88-31131-29* AND businessUnit_s:Accu-Tech AND shipLocation_s:11102 AND advancedPartSearch:Y AND businessUnit_s:Accu-Tech"", ""userName_s"": """", ""refNum_s"": ""100012447""",TRUE,
"""ax102249* AND businessUnit_s:Accu-Tech AND shipLocation_s:12702 AND advancedPartSearch:Y AND businessUnit_s:Accu-Tech"", ""userName_s"": """", ""refNum_s"": ""100012447""",TRUE,
"""CJ688TGBU-24 AND shipLocation_s:15609 AND businessUnit_s:Accu-Tech"", ""userName_s"": ""337705"", ""refNum_s"": ""597092""",TRUE,
"""ase24x4x4nk* AND salesLocation_s:60608 AND shipLocation_s:12008 AND customerAccount_s:AC0084-1801 AND dcLocation_s:7305 AND businessUnit_s:WESCO"", ""userName_s"": ""Noah Gelman"", ""refNum_s"": """"",FALSE,
"""osp 6 sm* AND salesLocation_s:61963 AND shipLocation_s:16041 AND customerAccount_s:AC0196-8918 AND businessUnit_s:Accu-Tech"", ""userName_s"": ""Von Small"", ""refNum_s"": """"",TRUE,
"""osp* AND salesLocation_s:61963 AND shipLocation_s:16041 AND customerAccount_s:AC0196-8918 AND businessUnit_s:Accu-Tech"", ""userName_s"": ""Von Small"", ""refNum_s"": """"",TRUE,
"""595n005-q41-2u1* AND salesLocation_s:62396 AND shipLocation_s:14802 AND customerAccount_s:AC0158-2440 AND businessUnit_s:Accu-Tech"", ""userName_s"": ""Jacob Lunsford"", ""refNum_s"": """"",TRUE,
"""KSFP6-88* AND salesLocation_s:62681 AND shipLocation_s:14611 AND customerAccount_s:AC0158-1298 AND businessUnit_s:Accu-Tech"", ""userName_s"": ""Ryan Van Horn"", ""refNum_s"": """"",TRUE,
"""mctp6i-6- AND shipLocation_s:14506 AND businessUnit_s:Accu-Tech"", ""userName_s"": ""209989"", ""refNum_s"": ""615255""",TRUE,
"""PS1C21 AND shipLocation_s:16043 AND businessUnit_s:Accu-Tech"", ""userName_s"": ""227199"", ""refNum_s"": ""615272""",TRUE,
"""ts-9t AND shipLocation_s:14506 AND businessUnit_s:Accu-Tech"", ""userName_s"": ""209989"", ""refNum_s"": ""615255""",TRUE,
"""PS1C2178 AND shipLocation_s:16043 AND businessUnit_s:Accu-Tech"", ""userName_s"": ""227199"", ""refNum_s"": ""615272""",TRUE,
"""PS1C217 AND shipLocation_s:16043 AND businessUnit_s:Accu-Tech"", ""userName_s"": ""227199"", ""refNum_s"": ""615272""",TRUE,
"""595n005-q41-2u1* AND salesLocation_s:62396 AND shipLocation_s:14802 AND customerAccount_s:AC0158-2440 AND businessUnit_s:Accu-Tech"", ""userName_s"": ""Jacob Lunsford"", ""refNum_s"": """"",TRUE,
"""DP1N AND shipLocation_s:16043 AND businessUnit_s:Accu-Tech"", ""userName_s"": ""227199"", ""refNum_s"": ""615272""",TRUE,
"""95-2 AND shipLocation_s:14611 AND businessUnit_s:Accu-Tech"", ""userName_s"": ""339347"", ""refNum_s"": ""615278""",TRUE,
"""95-23 AND shipLocation_s:14611 AND businessUnit_s:Accu-Tech"", ""userName_s"": ""339347"", ""refNum_s"": ""615278""",TRUE,
"""774585* AND salesLocation_s:60627 AND shipLocation_s:14507 AND customerAccount_s:AC0050-6945 AND dcLocation_s:7303 AND businessUnit_s:WESCO"", ""userName_s"": ""Dale Cox"", ""refNum_s"": """"",FALSE,
"""GA9041GLSS* AND salesLocation_s:61138 AND shipLocation_s:11204 AND customerAccount_s:AC0012-2994 AND dcLocation_s:7302 AND businessUnit_s:WESCO"", ""userName_s"": ""Karen Perrier"", ""refNum_s"": """"",FALSE,
"""KSFP6* AND salesLocation_s:62395 AND shipLocation_s:12702 AND customerAccount_s:AC0158-3117 AND businessUnit_s:Accu-Tech"", ""userName_s"": ""Amanda Wyckoff"", ""refNum_s"": """"",TRUE,
"""RX08V3-A3327P0-S1 AND shipLocation_s:16041 AND businessUnit_s:Accu-Tech"", ""userName_s"": ""337765"", ""refNum_s"": ""614874""",TRUE,
"""10506-706 AND shipLocation_s:15642 AND businessUnit_s:Accu-Tech"", ""userName_s"": ""233931"", ""refNum_s"": ""614951""",TRUE,
"""11320-701 AND shipLocation_s:15414 AND businessUnit_s:Accu-Tech"", ""userName_s"": ""216112"", ""refNum_s"": ""615266""",TRUE,
"""C6SOPBK* AND salesLocation_s:62473 AND shipLocation_s:13429 AND customerAccount_s:AC0158-6194 AND businessUnit_s:Accu-Tech"", ""userName_s"": ""John-Riley Hathcock"", ""refNum_s"": """"",TRUE,
"""42 AND shipLocation_s:12304 AND businessUnit_s:Accu-Tech"", ""userName_s"": ""233642"", ""refNum_s"": ""615263""",TRUE,
"""HC6RPW* AND salesLocation_s:62473 AND shipLocation_s:13429 AND customerAccount_s:AC0158-6194 AND businessUnit_s:Accu-Tech"", ""userName_s"": ""John-Riley Hathcock"", ""refNum_s"": """"",TRUE,
"""11408-001* AND businessUnit_s:Accu-Tech AND shipLocation_s:12702 AND advancedPartSearch:Y AND businessUnit_s:Accu-Tech"", ""userName_s"": """", ""refNum_s"": ""100012447""",TRUE,
"""4327PX-70* AND salesLocation_s:61171 AND shipLocation_s:12402 AND customerAccount_s:AC0001-2846 AND dcLocation_s:7302 AND businessUnit_s:WESCO"", ""userName_s"": ""Victoria Bozoian"", ""refNum_s"": """"",FALSE,
"""012e88-33131-a3* AND salesLocation_s:62399 AND shipLocation_s:15812 AND customerAccount_s:AC0194-6020 AND businessUnit_s:Accu-Tech"", ""userName_s"": ""Shawn Whittingham"", ""refNum_s"": """"",TRUE,
"""6200UE877U1000 AND shipLocation_s:14506 AND businessUnit_s:Accu-Tech"", ""userName_s"": ""209989"", ""refNum_s"": ""615255""",TRUE,
"""cch=cp- AND shipLocation_s:12601 AND businessUnit_s:Accu-Tech"", ""userName_s"": ""211557"", ""refNum_s"": ""615132""",TRUE,
"""760107110 AND shipLocation_s:13429 AND businessUnit_s:Accu-Tech"", ""userName_s"": ""334120"", ""refNum_s"": ""615234""",TRUE,
"""77-240-2b-vp AND shipLocation_s:14506 AND businessUnit_s:Accu-Tech"", ""userName_s"": ""209989"", ""refNum_s"": ""615255""",TRUE,
"""11301-701 AND shipLocation_s:15428 AND businessUnit_s:Accu-Tech"", ""userName_s"": ""337277"", ""refNum_s"": ""615090""",TRUE,
"""cch-cp12- AND shipLocation_s:12601 AND businessUnit_s:Accu-Tech"", ""userName_s"": ""211557"", ""refNum_s"": ""615132""",TRUE,
"""HCM-6-1U-02 AND businessUnit_s:Accu-Tech"", ""userName_s"": ""208739"", ""refNum_s"": ""615218""",TRUE,
"""soc-lcu-90 AND shipLocation_s:11411 AND businessUnit_s:Accu-Tech"", ""userName_s"": ""336136"", ""refNum_s"": ""615247""",TRUE,
"""or AND shipLocation_s:14810 AND businessUnit_s:Accu-Tech"", ""userName_s"": ""324409"", ""refNum_s"": ""612567""",TRUE,
"""HM27C AND shipLocation_s:14509 AND businessUnit_s:Accu-Tech"", ""userName_s"": ""316066"", ""refNum_s"": ""615057""",TRUE,
"""HLBSK AND shipLocation_s:14509 AND businessUnit_s:Accu-Tech"", ""userName_s"": ""316066"", ""refNum_s"": ""615057""",TRUE,
"""49255-H24 AND shipLocation_s:15416 AND businessUnit_s:Accu-Tech"", ""userName_s"": ""332907"", ""refNum_s"": ""615222""",TRUE,
"""CS44P-5W* AND businessUnit_s:Accu-Tech AND shipLocation_s:12702 AND advancedPartSearch:Y AND businessUnit_s:Accu-Tech"", ""userName_s"": """", ""refNum_s"": ""100012447""",TRUE,
"""ks6a AND shipLocation_s:12601 AND businessUnit_s:Accu-Tech"", ""userName_s"": ""201238"", ""refNum_s"": ""615204""",TRUE,
"""cch-cp06- AND shipLocation_s:12601 AND businessUnit_s:Accu-Tech"", ""userName_s"": ""201238"", ""refNum_s"": ""615204""",TRUE,
"""MDU AND shipLocation_s:15416 AND businessUnit_s:Accu-Tech"", ""userName_s"": ""339129"", ""refNum_s"": ""615141""",TRUE,
"""1043157 AND shipLocation_s:15416 AND businessUnit_s:Accu-Tech"", ""userName_s"": ""339129"", ""refNum_s"": ""615141""",TRUE,
"""55053-703 AND shipLocation_s:14611 AND businessUnit_s:Accu-Tech"", ""userName_s"": ""240568"", ""refNum_s"": ""615179""",TRUE,
"""DBS36248G AND shipLocation_s:11726 AND businessUnit_s:Accu-Tech"", ""userName_s"": ""236339"", ""refNum_s"": ""615205""",TRUE,
"""JP4W-X20* AND salesLocation_s:62397 AND shipLocation_s:14810 AND customerAccount_s:AC0158-2758 AND businessUnit_s:Accu-Tech"", ""userName_s"": ""Camden Lee"", ""refNum_s"": """"",TRUE,
"""6d4 AND shipLocation_s:11102 AND businessUnit_s:Accu-Tech"", ""userName_s"": ""226317"", ""refNum_s"": ""615143""",TRUE,
"""*:* AND transPartOrFilter:(transactablePart_s:1006159AT OR transactablePart_s:1004542AT) AND salesLocation_s:62530 AND shipLocation_s:15642 AND customerAccount_s:AC0158-4229 AND businessUnit_s:Accu-Tech"", ""userName_s"": ""Matt Duncan"", ""refNum_s"": ""QU100031035""",TRUE,
"""466690* AND businessUnit_s:WESCO AND shipLocation_s:14507 AND advancedPartSearch:Y AND businessUnit_s:WESCO"", ""userName_s"": """", ""refNum_s"": ""100012447""",FALSE,
"""2110-SSPSS AND shipLocation_s:15416 AND businessUnit_s:Accu-Tech"", ""userName_s"": ""339129"", ""refNum_s"": ""615141""",TRUE,
"""61ujk- AND shipLocation_s:11102 AND businessUnit_s:Accu-Tech"", ""userName_s"": ""226317"", ""refNum_s"": ""615143""",TRUE,
"""PDCN_1000_ORANG AND businessUnit_s:Accu-Tech"", ""userName_s"": ""328841"", ""refNum_s"": ""615174""",TRUE,
"""mctp6i-6-7 AND shipLocation_s:13603 AND businessUnit_s:Accu-Tech"", ""userName_s"": ""236163"", ""refNum_s"": ""615185""",TRUE,
"""*:* AND transPartOrFilter:(transactablePart_s:1044332AT) AND salesLocation_s:62530 AND shipLocation_s:15642 AND customerAccount_s:AC0158-4229 AND businessUnit_s:Accu-Tech"", ""userName_s"": ""Matt Duncan"", ""refNum_s"": ""QU100031007""",TRUE,
"""SFC-LCF-09-8Y AND shipLocation_s:14509 AND businessUnit_s:Accu-Tech"", ""userName_s"": ""226055"", ""refNum_s"": ""615194""",TRUE,
"""OFP-LCD12LC* AND salesLocation_s:62395 AND shipLocation_s:12702 AND customerAccount_s:AC0158-1821 AND businessUnit_s:Accu-Tech"", ""userName_s"": ""Melissa Saul"", ""refNum_s"": """"",TRUE,
"""80714-00w* AND salesLocation_s:62682 AND shipLocation_s:15819 AND customerAccount_s:AC0159-1462 AND businessUnit_s:Accu-Tech"", ""userName_s"": ""Jeremy Smith"", ""refNum_s"": """"",TRUE,
"""ATR037* AND businessUnit_s:Accu-Tech AND shipLocation_s:13429 AND advancedPartSearch:Y AND businessUnit_s:Accu-Tech"", ""userName_s"": """", ""refNum_s"": ""100012447""",TRUE,
"""22380* AND salesLocation_s:61171 AND shipLocation_s:12402 AND customerAccount_s:AC0001-5961 AND dcLocation_s:7302 AND businessUnit_s:WESCO"", ""userName_s"": ""Philip Kaszowski"", ""refNum_s"": """"",FALSE,
"""xhhw-3/0* AND salesLocation_s:60608 AND shipLocation_s:12008 AND customerAccount_s:AC0008-0038 AND dcLocation_s:7305 AND businessUnit_s:WESCO"", ""userName_s"": ""matt trautman"", ""refNum_s"": """"",FALSE,
"""CNB- AND shipLocation_s:11411 AND businessUnit_s:Accu-Tech"", ""userName_s"": ""228294"", ""refNum_s"": ""615191""",TRUE,
"""smb-1p-262 AND shipLocation_s:14611 AND businessUnit_s:Accu-Tech"", ""userName_s"": ""240568"", ""refNum_s"": ""615179""",TRUE,
"""R638* AND businessUnit_s:Accu-Tech AND shipLocation_s:13429 AND advancedPartSearch:Y AND businessUnit_s:Accu-Tech"", ""userName_s"": """", ""refNum_s"": ""100012447""",TRUE,
"""bc-cad AND shipLocation_s:16043 AND businessUnit_s:Accu-Tech"", ""userName_s"": ""227199"", ""refNum_s"": ""615125""",TRUE,
"""760249170 AND shipLocation_s:14611 AND businessUnit_s:Accu-Tech"", ""userName_s"": ""240568"", ""refNum_s"": ""615179""",TRUE,
"""cs44p AND shipLocation_s:12601 AND businessUnit_s:Accu-Tech"", ""userName_s"": ""211557"", ""refNum_s"": ""615132""",TRUE,
"""ME200MS6A-M2* AND salesLocation_s:60682 AND shipLocation_s:15408 AND customerAccount_s:AC0007-2440 AND dcLocation_s:7305 AND businessUnit_s:WESCO"", ""userName_s"": ""Shanell Wade"", ""refNum_s"": """"",FALSE,
"""F6N* AND salesLocation_s:61997 AND shipLocation_s:12114 AND customerAccount_s:AC0159-0379 AND businessUnit_s:Accu-Tech"", ""userName_s"": ""Kyle Murray"", ""refNum_s"": """"",TRUE,
"""3/0-1C_THHN AND shipLocation_s:15428 AND businessUnit_s:Accu-Tech"", ""userName_s"": ""337277"", ""refNum_s"": ""615090""",TRUE,
"""CC0071780/1 AND shipLocation_s:16041 AND businessUnit_s:Accu-Tech"", ""userName_s"": ""313089"", ""refNum_s"": ""614607""",TRUE,
"""edm- AND businessUnit_s:Accu-Tech"", ""userName_s"": ""328500"", ""refNum_s"": ""614970""",TRUE,
"""unj600-bl AND businessUnit_s:Accu-Tech"", ""userName_s"": ""332229"", ""refNum_s"": """"",TRUE,
"""CS106P06-6C- AND shipLocation_s:15416 AND businessUnit_s:Accu-Tech"", ""userName_s"": ""339129"", ""refNum_s"": ""615141""",TRUE,
"""CS106P06-6C-3RN1 AND shipLocation_s:15416 AND businessUnit_s:Accu-Tech"", ""userName_s"": ""339129"", ""refNum_s"": ""615141""",TRUE,
"""DPFP8* AND businessUnit_s:Accu-Tech AND shipLocation_s:13603 AND advancedPartSearch:Y AND businessUnit_s:Accu-Tech"", ""userName_s"": """", ""refNum_s"": ""100012447""",TRUE,
"""foas2fsmlcsc-25m AND shipLocation_s:12908 AND businessUnit_s:Accu-Tech"", ""userName_s"": ""233430"", ""refNum_s"": ""615181""",TRUE,
"""CJ32HW* AND salesLocation_s:62473 AND shipLocation_s:13429 AND customerAccount_s:AC0158-6194 AND businessUnit_s:Accu-Tech"", ""userName_s"": ""John-Riley Hathcock"", ""refNum_s"": """"",TRUE,
"""072EU4-T4F22D20 AND shipLocation_s:11726 AND businessUnit_s:Accu-Tech"", ""userName_s"": ""327898"", ""refNum_s"": ""614206""",TRUE,
"""1-2111039-3 AND shipLocation_s:16041 AND businessUnit_s:Accu-Tech"", ""userName_s"": ""313089"", ""refNum_s"": ""614607""",TRUE,
"""024ZU4-T4F22D20 AND shipLocation_s:11726 AND businessUnit_s:Accu-Tech"", ""userName_s"": ""327898"", ""refNum_s"": ""614206""",TRUE,
"""49-66-6730* AND salesLocation_s:61171 AND shipLocation_s:12402 AND customerAccount_s:AC0001-5961 AND dcLocation_s:7302 AND businessUnit_s:WESCO"", ""userName_s"": ""Danny Jenkins"", ""refNum_s"": """"",FALSE,
"""76000468 AND shipLocation_s:14611 AND businessUnit_s:Accu-Tech"", ""userName_s"": ""240568"", ""refNum_s"": ""615179""",TRUE,
"""760237787 AND shipLocation_s:16041 AND businessUnit_s:Accu-Tech"", ""userName_s"": ""313089"", ""refNum_s"": ""614607""",TRUE,
"""DS936 AND shipLocation_s:14509 AND businessUnit_s:Accu-Tech"", ""userName_s"": ""316066"", ""refNum_s"": ""615057""",TRUE,
"""41086-SLL* AND salesLocation_s:69609 AND shipLocation_s:12702 AND customerAccount_s:AC0158-8165 AND businessUnit_s:Accu-Tech"", ""userName_s"": ""Kyle Edwards"", ""refNum_s"": """"",TRUE,
"""430* AND salesLocation_s:62530 AND shipLocation_s:15642 AND customerAccount_s:AC0158-2220 AND businessUnit_s:Accu-Tech"", ""userName_s"": ""Billy Caine"", ""refNum_s"": """"",TRUE,
"""31097 AND shipLocation_s:15625 AND businessUnit_s:Accu-Tech"", ""userName_s"": ""307308"", ""refNum_s"": ""615137""",TRUE,
"""WC212P06-6C-0R AND shipLocation_s:15416 AND businessUnit_s:Accu-Tech"", ""userName_s"": ""339129"", ""refNum_s"": ""615141""",TRUE,
"""WC212P06-6C-0RE000 AND shipLocation_s:15416 AND businessUnit_s:Accu-Tech"", ""userName_s"": ""339129"", ""refNum_s"": ""615141""",TRUE,
"""890200* AND salesLocation_s:60664 AND shipLocation_s:14001 AND customerAccount_s:AC0001-4341 AND dcLocation_s:7305 AND businessUnit_s:WESCO"", ""userName_s"": ""Garrett Rucker"", ""refNum_s"": """"",FALSE,
"""z6a-s07 AND shipLocation_s:12702 AND businessUnit_s:Accu-Tech"", ""userName_s"": ""213117"", ""refNum_s"": ""615061""",TRUE,
"""wb AND shipLocation_s:11102 AND businessUnit_s:Accu-Tech"", ""userName_s"": ""226317"", ""refNum_s"": ""615143""",TRUE,
"""501P AND shipLocation_s:15416 AND businessUnit_s:Accu-Tech"", ""userName_s"": ""339129"", ""refNum_s"": ""615141""",TRUE,
"""501 AND shipLocation_s:15416 AND businessUnit_s:Accu-Tech"", ""userName_s"": ""339129"", ""refNum_s"": ""615141""",TRUE,
"""5k-0 AND shipLocation_s:12702 AND businessUnit_s:Accu-Tech"", ""userName_s"": ""238367"", ""refNum_s"": ""615124""",TRUE,
"""5k- AND shipLocation_s:12702 AND businessUnit_s:Accu-Tech"", ""userName_s"": ""238367"", ""refNum_s"": ""615124""",TRUE,
"""MC4LH-9* AND salesLocation_s:69609 AND shipLocation_s:12702 AND customerAccount_s:AC0158-8165 AND businessUnit_s:Accu-Tech"", ""userName_s"": ""Kyle Edwards"", ""refNum_s"": """"",TRUE,
"""SPH-01U AND shipLocation_s:12908 AND businessUnit_s:Accu-Tech"", ""userName_s"": ""233430"", ""refNum_s"": ""615140""",TRUE,
"""FUSE* AND salesLocation_s:62401 AND shipLocation_s:12601 AND customerAccount_s:AC0158-4050 AND businessUnit_s:Accu-Tech"", ""userName_s"": ""Randy Schnepel"", ""refNum_s"": """"",TRUE,
"""CCH-CP12-D3 AND shipLocation_s:12908 AND businessUnit_s:Accu-Tech"", ""userName_s"": ""233430"", ""refNum_s"": ""615140""",TRUE,
"""42080-1w* AND salesLocation_s:62473 AND shipLocation_s:13429 AND customerAccount_s:AC0160-6516 AND businessUnit_s:Accu-Tech"", ""userName_s"": ""Jeremy Prevette"", ""refNum_s"": """"",TRUE,
"""UN874035114/10 AND shipLocation_s:16041 AND businessUnit_s:Accu-Tech"", ""userName_s"": ""313089"", ""refNum_s"": ""614607""",TRUE,
"""UN874035104/10 AND shipLocation_s:16041 AND businessUnit_s:Accu-Tech"", ""userName_s"": ""313089"", ""refNum_s"": ""614607""",TRUE,
"""11912-712* AND salesLocation_s:62401 AND shipLocation_s:12601 AND customerAccount_s:AC0158-4050 AND businessUnit_s:Accu-Tech"", ""userName_s"": ""Randy Schnepel"", ""refNum_s"": """"",TRUE,
"""P5406WH1S AND businessUnit_s:Accu-Tech"", ""userName_s"": ""325146"", ""refNum_s"": """"",TRUE,
"""101 AND shipLocation_s:11102 AND businessUnit_s:Accu-Tech"", ""userName_s"": ""226317"", ""refNum_s"": ""615143""",TRUE,
"""760036384* AND businessUnit_s:Accu-Tech AND shipLocation_s:11102 AND advancedPartSearch:Y AND businessUnit_s:Accu-Tech"", ""userName_s"": """", ""refNum_s"": ""100012447""",TRUE,
"""5114-001* AND salesLocation_s:69609 AND shipLocation_s:12702 AND customerAccount_s:AC0161-2445 AND businessUnit_s:Accu-Tech"", ""userName_s"": ""Kyle Edwards"", ""refNum_s"": """"",TRUE,
"""CCH-01U AND shipLocation_s:13429 AND businessUnit_s:Accu-Tech"", ""userName_s"": ""324609"", ""refNum_s"": ""615135""",TRUE,
"""CFG4WH* AND salesLocation_s:69609 AND shipLocation_s:12702 AND customerAccount_s:AC0161-2445 AND businessUnit_s:Accu-Tech"", ""userName_s"": ""Kyle Edwards"", ""refNum_s"": """"",TRUE,
"""CCH-04U AND shipLocation_s:13429 AND businessUnit_s:Accu-Tech"", ""userName_s"": ""324609"", ""refNum_s"": ""615135""",TRUE,
"""rvmpp1 AND businessUnit_s:Accu-Tech"", ""userName_s"": ""306666"", ""refNum_s"": """"",TRUE,
"""238 allied* AND salesLocation_s:60001 AND shipLocation_s:12619 AND customerAccount_s:AC0200-3234 AND dcLocation_s:7302 AND businessUnit_s:WESCO"", ""userName_s"": ""Sam Alford"", ""refNum_s"": """"",FALSE,
"""4g2404/9-ns AND shipLocation_s:11102 AND businessUnit_s:Accu-Tech"", ""userName_s"": ""226317"", ""refNum_s"": ""615143""",TRUE,
"""4g2404/ AND shipLocation_s:11102 AND businessUnit_s:Accu-Tech"", ""userName_s"": ""226317"", ""refNum_s"": ""615143""",TRUE,
"""wp3 AND shipLocation_s:12601 AND businessUnit_s:Accu-Tech"", ""userName_s"": ""224014"", ""refNum_s"": ""615133""",TRUE,
"""cpp24wbly AND businessUnit_s:Accu-Tech"", ""userName_s"": ""227835"", ""refNum_s"": """"",TRUE,
"""2101533 AND shipLocation_s:12702 AND businessUnit_s:Accu-Tech"", ""userName_s"": ""238367"", ""refNum_s"": ""615124""",TRUE,
"""cch-cp12-e4 AND businessUnit_s:Accu-Tech"", ""userName_s"": ""208904"", ""refNum_s"": """"",TRUE,
"""69586-u48 AND shipLocation_s:15625 AND businessUnit_s:Accu-Tech"", ""userName_s"": ""307308"", ""refNum_s"": ""615137""",TRUE,
"""LV1* AND salesLocation_s:62682 AND shipLocation_s:15819 AND customerAccount_s:AC0159-1462 AND businessUnit_s:Accu-Tech"", ""userName_s"": ""Jeremy Smith"", ""refNum_s"": """"",TRUE,
"""760031989 AND shipLocation_s:12702 AND businessUnit_s:Accu-Tech"", ""userName_s"": ""213117"", ""refNum_s"": ""615061""",TRUE,
"""WERNER 6208* AND salesLocation_s:61171 AND shipLocation_s:12402 AND customerAccount_s:AC0001-5961 AND dcLocation_s:7302 AND businessUnit_s:WESCO"", ""userName_s"": ""Danny Jenkins"", ""refNum_s"": """"",FALSE,
"""41089 AND shipLocation_s:14205 AND businessUnit_s:Accu-Tech"", ""userName_s"": ""317857"", ""refNum_s"": ""615139""",TRUE,
"""6502ue AND shipLocation_s:13603 AND businessUnit_s:Accu-Tech"", ""userName_s"": ""332229"", ""refNum_s"": ""614934""",TRUE,
"""CDL2-15G AND shipLocation_s:14509 AND businessUnit_s:Accu-Tech"", ""userName_s"": ""316066"", ""refNum_s"": ""615057""",TRUE,
"""d6u4 AND shipLocation_s:15625 AND businessUnit_s:Accu-Tech"", ""userName_s"": ""307308"", ""refNum_s"": ""615137""",TRUE,
"""11421-712* AND salesLocation_s:62473 AND shipLocation_s:13429 AND customerAccount_s:AC0160-3451 AND businessUnit_s:Accu-Tech"", ""userName_s"": ""John-Riley Hathcock"", ""refNum_s"": """"",TRUE,
"""E-04085* AND salesLocation_s:60001 AND shipLocation_s:12619 AND customerAccount_s:AC0050-6695 AND dcLocation_s:7302 AND businessUnit_s:WESCO"", ""userName_s"": ""Alisa Gelinas"", ""refNum_s"": """"",FALSE,
"""6A-272-2B AND shipLocation_s:15812 AND businessUnit_s:Accu-Tech"", ""userName_s"": ""216856"", ""refNum_s"": ""615087""",TRUE,
"""d6up AND businessUnit_s:Accu-Tech"", ""userName_s"": ""237848"", ""refNum_s"": """"",TRUE,
"""building wire* AND salesLocation_s:61138 AND shipLocation_s:11204 AND customerAccount_s:AC0155-5833 AND dcLocation_s:7302 AND businessUnit_s:WESCO"", ""userName_s"": ""Scott Sweeny"", ""refNum_s"": """"",FALSE,
"""WF310 AND shipLocation_s:12908 AND businessUnit_s:Accu-Tech"", ""userName_s"": ""321602"", ""refNum_s"": ""615109""",TRUE,
"""GPOe AND shipLocation_s:13603 AND businessUnit_s:Accu-Tech"", ""userName_s"": ""236163"", ""refNum_s"": ""615088""",TRUE,
"""14zzz-misc* AND salesLocation_s:69014 AND shipLocation_s:11726 AND customerAccount_s:AC0158-0346 AND businessUnit_s:Accu-Tech"", ""userName_s"": ""Jacquelyn Booth"", ""refNum_s"": """"",TRUE,
"""bv-35* AND salesLocation_s:60001 AND shipLocation_s:12619 AND customerAccount_s:AC0155-5833 AND dcLocation_s:7302 AND businessUnit_s:WESCO"", ""userName_s"": ""Josephine Trupiano"", ""refNum_s"": """"",FALSE,
"""SRW12US* AND salesLocation_s:62743 AND shipLocation_s:11305 AND customerAccount_s:AC0158-9757 AND businessUnit_s:Accu-Tech"", ""userName_s"": ""Jerod Garcia"", ""refNum_s"": """"",TRUE,
"""49255H24* AND salesLocation_s:62743 AND shipLocation_s:11305 AND customerAccount_s:AC0158-9757 AND businessUnit_s:Accu-Tech"", ""userName_s"": ""Jerod Garcia"", ""refNum_s"": """"",TRUE,
"""NK6APC10BU AND shipLocation_s:16043 AND businessUnit_s:Accu-Tech"", ""userName_s"": ""227199"", ""refNum_s"": ""615125""",TRUE,
"""CAT32HP4Z34 AND shipLocation_s:11726 AND businessUnit_s:Accu-Tech"", ""userName_s"": ""327898"", ""refNum_s"": ""614955""",TRUE,
"""CO166S2-09F007 AND shipLocation_s:11726 AND businessUnit_s:Accu-Tech"", ""userName_s"": ""327898"", ""refNum_s"": ""614955""",TRUE,
"""43080-14* AND businessUnit_s:Accu-Tech AND shipLocation_s:13429 AND advancedPartSearch:Y AND businessUnit_s:Accu-Tech"", ""userName_s"": """", ""refNum_s"": ""100012447""",TRUE,
"""760092429* AND salesLocation_s:62474 AND shipLocation_s:13417 AND customerAccount_s:AC0158-7044 AND businessUnit_s:Accu-Tech"", ""userName_s"": ""Kelly Szymanski"", ""refNum_s"": """"",TRUE,
"""2412 006u1000* AND salesLocation_s:62530 AND shipLocation_s:15642 AND customerAccount_s:AC0158-2202 AND businessUnit_s:Accu-Tech"", ""userName_s"": ""Matt Duncan"", ""refNum_s"": """"",TRUE,
"""SRW9USM AND shipLocation_s:12908 AND businessUnit_s:Accu-Tech"", ""userName_s"": ""321602"", ""refNum_s"": ""615109""",TRUE,
"""lynx3lcpc0 AND shipLocation_s:12702 AND businessUnit_s:Accu-Tech"", ""userName_s"": ""213117"", ""refNum_s"": ""615061""",TRUE,
"""30529-719 AND shipLocation_s:15428 AND businessUnit_s:Accu-Tech"", ""userName_s"": ""337277"", ""refNum_s"": ""615090""",TRUE,
"""ft-cchbk AND shipLocation_s:12702 AND businessUnit_s:Accu-Tech"", ""userName_s"": ""213117"", ""refNum_s"": ""615061""",TRUE,
"""40604 AND shipLocation_s:15642 AND businessUnit_s:Accu-Tech"", ""userName_s"": ""311815"", ""refNum_s"": ""611194""",TRUE,
"""NKBMBL-X AND shipLocation_s:12908 AND businessUnit_s:Accu-Tech"", ""userName_s"": ""321602"", ""refNum_s"": ""615109""",TRUE,
"""C6UTPSG AND businessUnit_s:Accu-Tech"", ""userName_s"": ""332869"", ""refNum_s"": ""614177""",TRUE,
"""cch-cp12-a AND shipLocation_s:12601 AND businessUnit_s:Accu-Tech"", ""userName_s"": ""201238"", ""refNum_s"": ""615099""",TRUE,
"""NK6X88MBL AND shipLocation_s:15428 AND businessUnit_s:Accu-Tech"", ""userName_s"": ""337277"", ""refNum_s"": ""615090""",TRUE,
"""FISD048AK AND businessUnit_s:Accu-Tech"", ""userName_s"": ""216112"", ""refNum_s"": """"",TRUE,
"""333486H03* AND salesLocation_s:60829 AND shipLocation_s:14507 AND customerAccount_s:AC0043-2426 AND dcLocation_s:7303 AND businessUnit_s:WESCO"", ""userName_s"": ""Sibby Canipe"", ""refNum_s"": """"",FALSE,
"""svc-accureel48w* AND businessUnit_s:Accu-Tech AND shipLocation_s:14611 AND mfgPartNumberFilter:Y AND advancedPartSearch:Y AND businessUnit_s:Accu-Tech"", ""userName_s"": """", ""refNum_s"": ""100012447""",TRUE,
"""41089-1* AND salesLocation_s:62473 AND shipLocation_s:13429 AND customerAccount_s:AC0158-6076 AND businessUnit_s:Accu-Tech"", ""userName_s"": ""Jeremy Prevette"", ""refNum_s"": """"",TRUE,
"""48f sm amored AND businessUnit_s:Accu-Tech"", ""userName_s"": ""216112"", ""refNum_s"": """"",TRUE,
"""CJ688TGRD* AND salesLocation_s:62473 AND shipLocation_s:13429 AND customerAccount_s:AC0158-2652 AND businessUnit_s:Accu-Tech"", ""userName_s"": ""Ben Leonard"", ""refNum_s"": """"",TRUE,
"""*:* AND transPartOrFilter:(transactablePart_s:BEY6YY832) AND salesLocation_s:60001 AND shipLocation_s:12619 AND dcLocation_s:7302 AND customerAccount_s:AC0016-3892 AND businessUnit_s:WESCO"", ""userName_s"": ""Josephine Trupiano"", ""refNum_s"": ""QU100030973""",FALSE,
"""*:* AND transPartOrFilter:(transactablePart_s:1045860AT) AND salesLocation_s:62474 AND shipLocation_s:13417 AND customerAccount_s:AC0158-6332 AND businessUnit_s:Accu-Tech"", ""userName_s"": ""Liz Miller"", ""refNum_s"": ""100084466""",TRUE,
"""WP125P AND shipLocation_s:12702 AND businessUnit_s:Accu-Tech"", ""userName_s"": ""227520"", ""refNum_s"": ""612907""",TRUE,
"""PAC525P2 AND shipLocation_s:14810 AND businessUnit_s:Accu-Tech"", ""userName_s"": ""324409"", ""refNum_s"": ""615086""",TRUE,
"""FPS-1* AND salesLocation_s:62396 AND shipLocation_s:14802 AND customerAccount_s:AC0158-2313 AND businessUnit_s:Accu-Tech"", ""userName_s"": ""Jacob Lunsford"", ""refNum_s"": """"",TRUE,
"""PAC525 AND shipLocation_s:14810 AND businessUnit_s:Accu-Tech"", ""userName_s"": ""324409"", ""refNum_s"": ""615086""",TRUE,
"""foas2f10glcl AND shipLocation_s:12702 AND businessUnit_s:Accu-Tech"", ""userName_s"": ""238367"", ""refNum_s"": ""615071""",TRUE,
"""02728* AND salesLocation_s:61171 AND shipLocation_s:12402 AND customerAccount_s:AC0001-5961 AND dcLocation_s:7302 AND businessUnit_s:WESCO"", ""userName_s"": ""Aiereona Palmer"", ""refNum_s"": """"",FALSE,
"""CCH-CP12-E4* AND salesLocation_s:62395 AND shipLocation_s:12702 AND customerAccount_s:AC0158-2651 AND businessUnit_s:Accu-Tech"", ""userName_s"": ""Chris Seeman"", ""refNum_s"": """"",TRUE,
"""6D460-5S AND shipLocation_s:12908 AND businessUnit_s:Accu-Tech"", ""userName_s"": ""233430"", ""refNum_s"": ""615062""",TRUE,
"""hc AND shipLocation_s:14506 AND businessUnit_s:Accu-Tech"", ""userName_s"": ""209989"", ""refNum_s"": ""615022""",TRUE,
"""FCE2U AND businessUnit_s:Accu-Tech"", ""userName_s"": ""216112"", ""refNum_s"": """"",TRUE,
"""576-a10-010* AND salesLocation_s:61960 AND shipLocation_s:16043 AND customerAccount_s:AC0159-2475 AND businessUnit_s:Accu-Tech"", ""userName_s"": ""Alton Balentine"", ""refNum_s"": """"",TRUE,
"""JMA12P-50 AND businessUnit_s:Accu-Tech"", ""userName_s"": ""334120"", ""refNum_s"": """"",TRUE,
"""6300UE877U1000 AND shipLocation_s:14509 AND businessUnit_s:Accu-Tech"", ""userName_s"": ""316066"", ""refNum_s"": ""615057""",TRUE,
"""27916A AND businessUnit_s:Accu-Tech"", ""userName_s"": ""329313"", ""refNum_s"": ""614847""",TRUE,
"""100010c AND shipLocation_s:14506 AND businessUnit_s:Accu-Tech"", ""userName_s"": ""209989"", ""refNum_s"": ""615022""",TRUE,
"""874049904/10 AND shipLocation_s:12304 AND businessUnit_s:Accu-Tech"", ""userName_s"": ""327282"", ""refNum_s"": ""615064""",TRUE,
"""KT2 AND shipLocation_s:12114 AND businessUnit_s:Accu-Tech"", ""userName_s"": ""235882"", ""refNum_s"": ""615047""",TRUE,
"""KT AND shipLocation_s:12114 AND businessUnit_s:Accu-Tech"", ""userName_s"": ""235882"", ""refNum_s"": ""615047""",TRUE,
"""mc-al-12/2* AND salesLocation_s:60608 AND shipLocation_s:12008 AND customerAccount_s:AC0016-2584 AND dcLocation_s:7305 AND businessUnit_s:WESCO"", ""userName_s"": ""Noah Gelman"", ""refNum_s"": """"",FALSE,
"""*:* AND transPartOrFilter:(transactablePart_s:1045860AT) AND salesLocation_s:62474 AND shipLocation_s:13417 AND customerAccount_s:AC0158-6332 AND businessUnit_s:Accu-Tech"", ""userName_s"": ""Liz Miller"", ""refNum_s"": ""100084434""",TRUE,
"""fs AND shipLocation_s:11102 AND businessUnit_s:Accu-Tech"", ""userName_s"": ""224559"", ""refNum_s"": ""615037""",TRUE,
"""t00016871* AND salesLocation_s:62681 AND shipLocation_s:14611 AND customerAccount_s:AC0158-1298 AND businessUnit_s:Accu-Tech"", ""userName_s"": ""Jacquelyn Booth"", ""refNum_s"": """"",TRUE,
"""43080-1l1 AND shipLocation_s:11102 AND businessUnit_s:Accu-Tech"", ""userName_s"": ""224559"", ""refNum_s"": ""615037""",TRUE,
"""CCH-02U AND shipLocation_s:14810 AND businessUnit_s:Accu-Tech"", ""userName_s"": ""324409"", ""refNum_s"": ""614798""",TRUE,
"""fda211-20m* AND salesLocation_s:62397 AND shipLocation_s:14810 AND customerAccount_s:AC0196-2358 AND businessUnit_s:Accu-Tech"", ""userName_s"": ""Cody Farrar"", ""refNum_s"": """"",TRUE,
"""WCH-clssc-12 AND shipLocation_s:11102 AND businessUnit_s:Accu-Tech"", ""userName_s"": ""238320"", ""refNum_s"": ""615045""",TRUE,
"""r100 AND shipLocation_s:16041 AND businessUnit_s:Accu-Tech"", ""userName_s"": ""318654"", ""refNum_s"": ""614866""",TRUE,
"""42080-4i* AND businessUnit_s:Accu-Tech AND shipLocation_s:13429 AND advancedPartSearch:Y AND businessUnit_s:Accu-Tech"", ""userName_s"": """", ""refNum_s"": ""100012447""",TRUE,
"""spkfu24* AND businessUnit_s:Accu-Tech AND shipLocation_s:13429 AND advancedPartSearch:Y AND businessUnit_s:Accu-Tech"", ""userName_s"": """", ""refNum_s"": ""100012447""",TRUE,
"""hxj AND shipLocation_s:14506 AND businessUnit_s:Accu-Tech"", ""userName_s"": ""209989"", ""refNum_s"": ""615022""",TRUE,
"""cch-cs12-e4-p00 AND shipLocation_s:13429 AND businessUnit_s:Accu-Tech"", ""userName_s"": ""322566"", ""refNum_s"": ""614972""",TRUE,
"""wch-12p AND shipLocation_s:11102 AND businessUnit_s:Accu-Tech"", ""userName_s"": ""238320"", ""refNum_s"": ""615045""",TRUE,
"""cch-cp12- AND businessUnit_s:Accu-Tech"", ""userName_s"": ""208904"", ""refNum_s"": """"",TRUE,
"""cch- AND businessUnit_s:Accu-Tech"", ""userName_s"": ""208904"", ""refNum_s"": """"",TRUE,
"""c6aspd AND shipLocation_s:14506 AND businessUnit_s:Accu-Tech"", ""userName_s"": ""209989"", ""refNum_s"": ""615022""",TRUE,
"""m2LCD12-50E3A AND shipLocation_s:12304 AND businessUnit_s:Accu-Tech"", ""userName_s"": ""327282"", ""refNum_s"": ""611273""",TRUE,
"""m2LC AND shipLocation_s:12304 AND businessUnit_s:Accu-Tech"", ""userName_s"": ""327282"", ""refNum_s"": ""611273""",TRUE,
"""36311* AND businessUnit_s:Accu-Tech AND shipLocation_s:12702 AND advancedPartSearch:Y AND businessUnit_s:Accu-Tech"", ""userName_s"": """", ""refNum_s"": ""100012447""",TRUE,
"""EZDP44S2 AND shipLocation_s:13603 AND businessUnit_s:Accu-Tech"", ""userName_s"": ""236163"", ""refNum_s"": ""615002""",TRUE,
"""cp-653 AND shipLocation_s:13603 AND businessUnit_s:Accu-Tech"", ""userName_s"": ""236163"", ""refNum_s"": ""615002""",TRUE,
"""pdpk006fbn AND shipLocation_s:12304 AND businessUnit_s:Accu-Tech"", ""userName_s"": ""327282"", ""refNum_s"": ""611273""",TRUE,
"""hc6 AND shipLocation_s:14506 AND businessUnit_s:Accu-Tech"", ""userName_s"": ""209989"", ""refNum_s"": ""615022""",TRUE,
"""pdpk012FB AND shipLocation_s:12304 AND businessUnit_s:Accu-Tech"", ""userName_s"": ""327282"", ""refNum_s"": ""611273""",TRUE,
"""KSFTP6A AND businessUnit_s:Accu-Tech"", ""userName_s"": ""323615"", ""refNum_s"": """"",TRUE,
"""jb1d* AND businessUnit_s:Accu-Tech AND shipLocation_s:14506 AND advancedPartSearch:Y AND businessUnit_s:Accu-Tech"", ""userName_s"": """", ""refNum_s"": ""100012447""",TRUE,
"""236 AND businessUnit_s:Accu-Tech"", ""userName_s"": ""329187"", ""refNum_s"": """"",TRUE,
"""700211998 AND shipLocation_s:14611 AND businessUnit_s:Accu-Tech"", ""userName_s"": ""307070"", ""refNum_s"": ""615025""",TRUE,
"""6D460-01L AND shipLocation_s:11726 AND businessUnit_s:Accu-Tech"", ""userName_s"": ""329125"", ""refNum_s"": ""614621""",TRUE,
"""006t88- AND shipLocation_s:13429 AND businessUnit_s:Accu-Tech"", ""userName_s"": ""322566"", ""refNum_s"": ""614972""",TRUE,
"""98G8BK1000 AND shipLocation_s:16041 AND businessUnit_s:Accu-Tech"", ""userName_s"": ""318654"", ""refNum_s"": ""614866""",TRUE,
"""PS-A12060 AND businessUnit_s:Accu-Tech"", ""userName_s"": ""332869"", ""refNum_s"": ""614388""",TRUE,
"""J8814* AND salesLocation_s:60001 AND shipLocation_s:12619 AND customerAccount_s:AC0017-4803 AND dcLocation_s:7302 AND businessUnit_s:WESCO"", ""userName_s"": ""Matthew Quigley"", ""refNum_s"": """"",FALSE,
"""10gx AND businessUnit_s:Accu-Tech"", ""userName_s"": ""328476"", ""refNum_s"": ""614937""",TRUE,
"""VERSIV-CASE3 AND shipLocation_s:12304 AND businessUnit_s:Accu-Tech"", ""userName_s"": ""208904"", ""refNum_s"": ""615010""",TRUE,
"""11142454* AND businessUnit_s:Accu-Tech AND shipLocation_s:12702 AND advancedPartSearch:Y AND businessUnit_s:Accu-Tech"", ""userName_s"": """", ""refNum_s"": ""100012447""",TRUE,
"""CO199K2-0ZF005 * AND businessUnit_s:Accu-Tech AND shipLocation_s:12601 AND advancedPartSearch:Y AND businessUnit_s:Accu-Tech"", ""userName_s"": """", ""refNum_s"": ""100012447""",TRUE,
"""6h460-01 AND businessUnit_s:Accu-Tech"", ""userName_s"": ""302568"", ""refNum_s"": """"",TRUE,
"""unc6-wh- AND shipLocation_s:14506 AND businessUnit_s:Accu-Tech"", ""userName_s"": ""209989"", ""refNum_s"": ""614978""",TRUE,
"""tj600 AND shipLocation_s:15812 AND businessUnit_s:Accu-Tech"", ""userName_s"": ""321886"", ""refNum_s"": ""614966""",TRUE,
"""usl10 AND shipLocation_s:14506 AND businessUnit_s:Accu-Tech"", ""userName_s"": ""209989"", ""refNum_s"": ""614978""",TRUE,
"""6129 allied* AND salesLocation_s:60001 AND shipLocation_s:12619 AND customerAccount_s:AC0200-3234 AND dcLocation_s:7302 AND businessUnit_s:WESCO"", ""userName_s"": ""Sam Alford"", ""refNum_s"": """"",FALSE,
"""UN874035914/10* AND salesLocation_s:61961 AND shipLocation_s:16011 AND customerAccount_s:AC0163-3722 AND businessUnit_s:Accu-Tech"", ""userName_s"": ""Marlon Doppe"", ""refNum_s"": """"",TRUE,
"""760105429* AND salesLocation_s:62679 AND shipLocation_s:12908 AND customerAccount_s:AC0200-5126 AND businessUnit_s:Accu-Tech"", ""userName_s"": ""Sean Walker"", ""refNum_s"": """"",TRUE,
"""95-050-9 AND shipLocation_s:14611 AND businessUnit_s:Accu-Tech"", ""userName_s"": ""303596"", ""refNum_s"": ""614986""",TRUE,
"""006T88-31180-A3 AND shipLocation_s:14611 AND businessUnit_s:Accu-Tech"", ""userName_s"": ""303596"", ""refNum_s"": ""614986""",TRUE,
"""dz012* AND salesLocation_s:62530 AND shipLocation_s:15642 AND customerAccount_s:AC0186-3068 AND businessUnit_s:Accu-Tech"", ""userName_s"": ""Matt Duncan"", ""refNum_s"": """"",TRUE,
"""4b1ew AND shipLocation_s:12304 AND businessUnit_s:Accu-Tech"", ""userName_s"": ""327282"", ""refNum_s"": ""608091""",TRUE,
"""CSD24248 AND shipLocation_s:15812 AND businessUnit_s:Accu-Tech"", ""userName_s"": ""321886"", ""refNum_s"": ""614966""",TRUE,
"""40300546 AND businessUnit_s:Accu-Tech"", ""userName_s"": ""313507"", ""refNum_s"": """"",TRUE,
"""AR3350B2* AND businessUnit_s:Accu-Tech AND shipLocation_s:12702 AND advancedPartSearch:Y AND businessUnit_s:Accu-Tech"", ""userName_s"": """", ""refNum_s"": ""100012447""",TRUE,
"""S3575DP100* AND businessUnit_s:Accu-Tech AND shipLocation_s:11726 AND advancedPartSearch:Y AND businessUnit_s:Accu-Tech"", ""userName_s"": """", ""refNum_s"": ""100012447""",TRUE,
"""FISD012P9* AND businessUnit_s:Accu-Tech AND shipLocation_s:12702 AND advancedPartSearch:Y AND businessUnit_s:Accu-Tech"", ""userName_s"": """", ""refNum_s"": ""100012447""",TRUE,
"""9914_0101000 AND shipLocation_s:16041 AND businessUnit_s:Accu-Tech"", ""userName_s"": ""318654"", ""refNum_s"": ""614866""",TRUE,
"""810-LL7-003* AND salesLocation_s:61961 AND shipLocation_s:16011 AND customerAccount_s:AC0159-0407 AND businessUnit_s:Accu-Tech"", ""userName_s"": ""Austin Thielges"", ""refNum_s"": """"",TRUE,
"""40300185 AND shipLocation_s:14802 AND businessUnit_s:Accu-Tech"", ""userName_s"": ""208873"", ""refNum_s"": ""614969""",TRUE,
"""CCH-CP06-A9* AND salesLocation_s:61961 AND shipLocation_s:16011 AND customerAccount_s:AC0159-0407 AND businessUnit_s:Accu-Tech"", ""userName_s"": ""Austin Thielges"", ""refNum_s"": """"",TRUE,
"""LD3IW10-A AND shipLocation_s:12601 AND businessUnit_s:Accu-Tech"", ""userName_s"": ""334092"", ""refNum_s"": ""613686""",TRUE,
"""5G108-RE5* AND salesLocation_s:62396 AND shipLocation_s:14802 AND customerAccount_s:AC0162-9225 AND businessUnit_s:Accu-Tech"", ""userName_s"": ""Jacob Lunsford"", ""refNum_s"": """"",TRUE,
"""CJ6X88TGBL* AND salesLocation_s:62533 AND shipLocation_s:11102 AND customerAccount_s:AC0158-1550 AND businessUnit_s:Accu-Tech"", ""userName_s"": ""Shannon Brown"", ""refNum_s"": """"",TRUE,
"""5G108-RV5* AND salesLocation_s:62396 AND shipLocation_s:14802 AND customerAccount_s:AC0162-9225 AND businessUnit_s:Accu-Tech"", ""userName_s"": ""Jacob Lunsford"", ""refNum_s"": """"",TRUE,
"""76020 AND shipLocation_s:16023 AND businessUnit_s:Accu-Tech"", ""userName_s"": ""326749"", ""refNum_s"": ""614930""",TRUE,
"""11144053* AND businessUnit_s:Accu-Tech AND shipLocation_s:12908 AND advancedPartSearch:Y AND businessUnit_s:Accu-Tech"", ""userName_s"": """", ""refNum_s"": ""100012447""",TRUE,
"""MCTP6I-3-7* AND salesLocation_s:62395 AND shipLocation_s:12702 AND customerAccount_s:AC0196-5279 AND businessUnit_s:Accu-Tech"", ""userName_s"": ""Amanda Wyckoff"", ""refNum_s"": """"",TRUE,
"""SRXF3-_12360-I AND shipLocation_s:12908 AND businessUnit_s:Accu-Tech"", ""userName_s"": ""321602"", ""refNum_s"": ""614938""",TRUE,
"""108168584* AND salesLocation_s:61961 AND shipLocation_s:16011 AND customerAccount_s:AC0163-3722 AND businessUnit_s:Accu-Tech"", ""userName_s"": ""Marlon Doppe"", ""refNum_s"": """"",TRUE,
"""ca AND businessUnit_s:Accu-Tech"", ""userName_s"": ""328476"", ""refNum_s"": ""614937""",TRUE,
"""M2-5t-68l-125r* AND salesLocation_s:69609 AND shipLocation_s:12702 AND customerAccount_s:AC0163-4763 AND businessUnit_s:Accu-Tech"", ""userName_s"": ""Matthew Zito"", ""refNum_s"": """"",TRUE,
"""6ED1 055-1NB10-0BA2* AND salesLocation_s:60627 AND shipLocation_s:14507 AND customerAccount_s:AC0198-3391 AND dcLocation_s:7303 AND businessUnit_s:WESCO"", ""userName_s"": ""Meaghan Reidy"", ""refNum_s"": """"",FALSE,
"""41080-2i AND shipLocation_s:14611 AND businessUnit_s:Accu-Tech"", ""userName_s"": ""339347"", ""refNum_s"": ""614858""",TRUE,
"""41080-2 AND shipLocation_s:14611 AND businessUnit_s:Accu-Tech"", ""userName_s"": ""339347"", ""refNum_s"": ""614858""",TRUE,
"""cch-cs12-59-p00re AND shipLocation_s:11726 AND businessUnit_s:Accu-Tech"", ""userName_s"": ""327898"", ""refNum_s"": ""614921""",TRUE,
"""cch-cs12-59- AND shipLocation_s:11726 AND businessUnit_s:Accu-Tech"", ""userName_s"": ""327898"", ""refNum_s"": ""614921""",TRUE,
"""41297-2pw* AND salesLocation_s:62530 AND shipLocation_s:15642 AND customerAccount_s:AC0158-2202 AND businessUnit_s:Accu-Tech"", ""userName_s"": ""Matt Duncan"", ""refNum_s"": """"",TRUE,
"""41290-smw* AND salesLocation_s:62530 AND shipLocation_s:15642 AND customerAccount_s:AC0158-2202 AND businessUnit_s:Accu-Tech"", ""userName_s"": ""Matt Duncan"", ""refNum_s"": """"",TRUE,
"""61110-b0 AND shipLocation_s:14611 AND businessUnit_s:Accu-Tech"", ""userName_s"": ""339347"", ""refNum_s"": ""614858""",TRUE,
"""61110-by AND shipLocation_s:14611 AND businessUnit_s:Accu-Tech"", ""userName_s"": ""339347"", ""refNum_s"": ""614858""",TRUE,
"""V06-0L1-009-55LÂ  AND businessUnit_s:Accu-Tech"", ""userName_s"": ""328501"", ""refNum_s"": ""607454""",TRUE,
"""61110-bl6 AND shipLocation_s:14611 AND businessUnit_s:Accu-Tech"", ""userName_s"": ""339347"", ""refNum_s"": ""614858""",TRUE,
"""012e8p- AND shipLocation_s:15642 AND businessUnit_s:Accu-Tech"", ""userName_s"": ""233931"", ""refNum_s"": ""614920""",TRUE,
"""012t88-6 AND shipLocation_s:15642 AND businessUnit_s:Accu-Tech"", ""userName_s"": ""233931"", ""refNum_s"": ""614920""",TRUE,
"""61110-RW6* AND salesLocation_s:62473 AND shipLocation_s:13429 AND customerAccount_s:AC0161-9571 AND businessUnit_s:Accu-Tech"", ""userName_s"": ""John-Riley Hathcock"", ""refNum_s"": """"",TRUE,
"""CAT6A-75* AND salesLocation_s:62399 AND shipLocation_s:15812 AND customerAccount_s:AC0158-4310 AND businessUnit_s:Accu-Tech"", ""userName_s"": ""Shawn Whittingham"", ""refNum_s"": """"",TRUE,
"""PC6A-03FT AND businessUnit_s:Accu-Tech"", ""userName_s"": ""328476"", ""refNum_s"": ""614853""",TRUE,
"""49005-cm AND shipLocation_s:14611 AND businessUnit_s:Accu-Tech"", ""userName_s"": ""339347"", ""refNum_s"": ""614858""",TRUE,
"""372 allied* AND salesLocation_s:60001 AND shipLocation_s:12619 AND customerAccount_s:AC0200-3234 AND dcLocation_s:7302 AND businessUnit_s:WESCO"", ""userName_s"": ""Sam Alford"", ""refNum_s"": """"",FALSE,
"""OR-PC6A-03FT AND businessUnit_s:Accu-Tech"", ""userName_s"": ""328476"", ""refNum_s"": ""614853""",TRUE,
"""425 AND shipLocation_s:14611 AND businessUnit_s:Accu-Tech"", ""userName_s"": ""339347"", ""refNum_s"": ""614858""",TRUE,
"""6000 AND shipLocation_s:16041 AND businessUnit_s:Accu-Tech"", ""userName_s"": ""318654"", ""refNum_s"": ""614866""",TRUE,
"""10033997 AND shipLocation_s:14611 AND businessUnit_s:Accu-Tech"", ""userName_s"": ""339347"", ""refNum_s"": ""614858""",TRUE,
"""1003399 AND shipLocation_s:14611 AND businessUnit_s:Accu-Tech"", ""userName_s"": ""339347"", ""refNum_s"": ""614858""",TRUE,
"""130* AND salesLocation_s:60001 AND shipLocation_s:12619 AND customerAccount_s:AC0200-3234 AND dcLocation_s:7302 AND businessUnit_s:WESCO"", ""userName_s"": ""Sam Alford"", ""refNum_s"": """"",FALSE,
"""024e88-33 AND shipLocation_s:15625 AND businessUnit_s:Accu-Tech"", ""userName_s"": ""307308"", ""refNum_s"": ""614896""",TRUE,
"""upp AND shipLocation_s:14611 AND businessUnit_s:Accu-Tech"", ""userName_s"": ""339347"", ""refNum_s"": ""614858""",TRUE,
"""v12-0l1-009s* AND salesLocation_s:62472 AND shipLocation_s:14506 AND customerAccount_s:AC0158-6881 AND businessUnit_s:Accu-Tech"", ""userName_s"": ""Steve Shannon"", ""refNum_s"": """"",TRUE,
"""5r1ul- AND shipLocation_s:14611 AND businessUnit_s:Accu-Tech"", ""userName_s"": ""339347"", ""refNum_s"": ""614858""",TRUE,
"""or-404tj2 AND businessUnit_s:Accu-Tech"", ""userName_s"": ""328476"", ""refNum_s"": ""614853""",TRUE,
"""or-404tj AND businessUnit_s:Accu-Tech"", ""userName_s"": ""328476"", ""refNum_s"": ""614853""",TRUE,
"""48900-ifr AND shipLocation_s:14611 AND businessUnit_s:Accu-Tech"", ""userName_s"": ""339347"", ""refNum_s"": ""614858""",TRUE,
"""nk688m AND shipLocation_s:12304 AND businessUnit_s:Accu-Tech"", ""userName_s"": ""308638"", ""refNum_s"": ""614834""",TRUE,
"""wp805-1. AND businessUnit_s:Accu-Tech"", ""userName_s"": ""238367"", ""refNum_s"": """"",TRUE,
"""77-240-2 AND shipLocation_s:12304 AND businessUnit_s:Accu-Tech"", ""userName_s"": ""308638"", ""refNum_s"": ""614834""",TRUE,
"""T00032508* AND salesLocation_s:62395 AND shipLocation_s:12702 AND customerAccount_s:AC0162-3731 AND businessUnit_s:Accu-Tech"", ""userName_s"": ""Parker Mitchell"", ""refNum_s"": """"",TRUE,
"""50120-703* AND salesLocation_s:62397 AND shipLocation_s:14810 AND customerAccount_s:AC0158-1732 AND businessUnit_s:Accu-Tech"", ""userName_s"": ""Camden Lee"", ""refNum_s"": """"",TRUE,
"""FCSZO-12-10P AND shipLocation_s:12114 AND businessUnit_s:Accu-Tech"", ""userName_s"": ""337344"", ""refNum_s"": ""614882""",TRUE,
"""foas2fsmlclc AND shipLocation_s:12304 AND businessUnit_s:Accu-Tech"", ""userName_s"": ""308638"", ""refNum_s"": ""614834""",TRUE,
"""M58280B AND shipLocation_s:11726 AND businessUnit_s:Accu-Tech"", ""userName_s"": ""331169"", ""refNum_s"": ""614764""",TRUE,
"""117 AND shipLocation_s:14611 AND businessUnit_s:Accu-Tech"", ""userName_s"": ""339347"", ""refNum_s"": ""614858""",TRUE,
"""FRE1UBL* AND businessUnit_s:Accu-Tech AND shipLocation_s:12114 AND advancedPartSearch:Y AND businessUnit_s:Accu-Tech"", ""userName_s"": """", ""refNum_s"": ""100012447""",TRUE,
"""108 AND shipLocation_s:14611 AND businessUnit_s:Accu-Tech"", ""userName_s"": ""339347"", ""refNum_s"": ""614858""",TRUE,
"""40n AND businessUnit_s:Accu-Tech"", ""userName_s"": ""328476"", ""refNum_s"": ""614876""",TRUE,
"""MCTP6I-0-7 AND shipLocation_s:12908 AND businessUnit_s:Accu-Tech"", ""userName_s"": ""321602"", ""refNum_s"": ""614792""",TRUE,
"""MCTP6I-9-5 AND shipLocation_s:12908 AND businessUnit_s:Accu-Tech"", ""userName_s"": ""321602"", ""refNum_s"": ""614792""",TRUE,
"""cch-cp12- AND shipLocation_s:12304 AND businessUnit_s:Accu-Tech"", ""userName_s"": ""327282"", ""refNum_s"": ""579700""",TRUE,
"""v12-0L AND shipLocation_s:12304 AND businessUnit_s:Accu-Tech"", ""userName_s"": ""308638"", ""refNum_s"": ""614834""",TRUE,
"""v12-0 AND shipLocation_s:12304 AND businessUnit_s:Accu-Tech"", ""userName_s"": ""308638"", ""refNum_s"": ""614834""",TRUE,
"""2600251-99-9999-0100 AND businessUnit_s:Accu-Tech"", ""userName_s"": ""226022"", ""refNum_s"": """"",TRUE,
"""10610-01 AND shipLocation_s:14611 AND businessUnit_s:Accu-Tech"", ""userName_s"": ""339347"", ""refNum_s"": ""614858""",TRUE,
"""OFP-W-ADD AND shipLocation_s:11411 AND businessUnit_s:Accu-Tech"", ""userName_s"": ""336274"", ""refNum_s"": ""614869""",TRUE,
"""4017 AND shipLocation_s:14611 AND businessUnit_s:Accu-Tech"", ""userName_s"": ""339347"", ""refNum_s"": ""614858""",TRUE,
"""35432 AND shipLocation_s:14611 AND businessUnit_s:Accu-Tech"", ""userName_s"": ""339347"", ""refNum_s"": ""614858""",TRUE,
"""MM6HMF1RU* AND salesLocation_s:62400 AND shipLocation_s:14112 AND customerAccount_s:AC0158-3614 AND businessUnit_s:Accu-Tech"", ""userName_s"": ""Paul Varone"", ""refNum_s"": """"",TRUE,
"""139 AND shipLocation_s:14611 AND businessUnit_s:Accu-Tech"", ""userName_s"": ""339347"", ""refNum_s"": ""614858""",TRUE,
"""HJU6AR* AND salesLocation_s:62399 AND shipLocation_s:15812 AND customerAccount_s:AC0158-4310 AND businessUnit_s:Accu-Tech"", ""userName_s"": ""Shawn Whittingham"", ""refNum_s"": """"",TRUE,
"""ICFC3WHâ€‘X AND shipLocation_s:16023 AND businessUnit_s:Accu-Tech"", ""userName_s"": ""339483"", ""refNum_s"": ""614615""",TRUE,
"""DZ012TSLA9KP* AND salesLocation_s:69609 AND shipLocation_s:12702 AND customerAccount_s:AC0161-2574 AND businessUnit_s:Accu-Tech"", ""userName_s"": ""Ryan Punsalan"", ""refNum_s"": """"",TRUE,
"""11996-736 AND shipLocation_s:14611 AND businessUnit_s:Accu-Tech"", ""userName_s"": ""339347"", ""refNum_s"": ""614858""",TRUE,
"""en6952-0030 AND shipLocation_s:13417 AND businessUnit_s:Accu-Tech"", ""userName_s"": ""310311"", ""refNum_s"": ""614859""",TRUE,
"""006T88-31190-29* AND salesLocation_s:62396 AND shipLocation_s:14802 AND customerAccount_s:AC0162-9225 AND businessUnit_s:Accu-Tech"", ""userName_s"": ""Jacob Lunsford"", ""refNum_s"": """"",TRUE,
"""FF4U12LD* AND salesLocation_s:62530 AND shipLocation_s:15642 AND customerAccount_s:AC0163-5283 AND businessUnit_s:Accu-Tech"", ""userName_s"": ""Matt Duncan"", ""refNum_s"": """"",TRUE,
"""TJ600-00 AND shipLocation_s:15642 AND businessUnit_s:Accu-Tech"", ""userName_s"": ""208850"", ""refNum_s"": ""614855""",TRUE,
"""TF12-OS2-PL900 AND shipLocation_s:15812 AND businessUnit_s:Accu-Tech"", ""userName_s"": ""321886"", ""refNum_s"": ""614807""",TRUE,
"""10595-712 AND shipLocation_s:12908 AND businessUnit_s:Accu-Tech"", ""userName_s"": ""321602"", ""refNum_s"": ""614792""",TRUE,
"""6A-272-2 AND shipLocation_s:15642 AND businessUnit_s:Accu-Tech"", ""userName_s"": ""301951"", ""refNum_s"": ""614846""",TRUE,
"""84014-40 AND shipLocation_s:14810 AND businessUnit_s:Accu-Tech"", ""userName_s"": ""324409"", ""refNum_s"": ""612567""",TRUE,
"""hlcd12 AND shipLocation_s:16043 AND businessUnit_s:Accu-Tech"", ""userName_s"": ""325146"", ""refNum_s"": ""613396""",TRUE,
"""SURTD6000RMXLP3U* AND businessUnit_s:Accu-Tech AND shipLocation_s:11726 AND advancedPartSearch:Y AND businessUnit_s:Accu-Tech"", ""userName_s"": """", ""refNum_s"": ""100012447""",TRUE,
"""11301-x01* AND businessUnit_s:Accu-Tech AND shipLocation_s:12702 AND advancedPartSearch:Y AND businessUnit_s:Accu-Tech"", ""userName_s"": """", ""refNum_s"": ""100012447""",TRUE,
"""KA6U* AND businessUnit_s:Accu-Tech AND shipLocation_s:12702 AND advancedPartSearch:Y AND businessUnit_s:Accu-Tech"", ""userName_s"": """", ""refNum_s"": ""100012447""",TRUE,
"""760 AND businessUnit_s:Accu-Tech"", ""userName_s"": ""302568"", ""refNum_s"": """"",TRUE,
"""10139885 AND shipLocation_s:15625 AND businessUnit_s:Accu-Tech"", ""userName_s"": ""305059"", ""refNum_s"": ""614854""",TRUE,
"""5K-0601* AND businessUnit_s:Accu-Tech AND shipLocation_s:12702 AND advancedPartSearch:Y AND businessUnit_s:Accu-Tech"", ""userName_s"": """", ""refNum_s"": ""100012447""",TRUE,
"""6D460-03G* AND salesLocation_s:62532 AND shipLocation_s:11726 AND customerAccount_s:AC0158-5483 AND businessUnit_s:Accu-Tech"", ""userName_s"": ""Foster Burch"", ""refNum_s"": """"",TRUE,
"""WBB1694602 AND businessUnit_s:Accu-Tech"", ""userName_s"": ""329313"", ""refNum_s"": ""614847""",TRUE,
"""11302-701 AND shipLocation_s:15812 AND businessUnit_s:Accu-Tech"", ""userName_s"": ""321886"", ""refNum_s"": ""614807""",TRUE,
"""77-240-2b* AND salesLocation_s:62395 AND shipLocation_s:12702 AND customerAccount_s:AC0194-7020 AND businessUnit_s:Accu-Tech"", ""userName_s"": ""Steve Kurtinitis"", ""refNum_s"": """"",TRUE,
"""ECM8-05E5-QE8B-010F* AND salesLocation_s:69609 AND shipLocation_s:12702 AND customerAccount_s:AC0160-4697 AND businessUnit_s:Accu-Tech"", ""userName_s"": ""Jared Ferguson"", ""refNum_s"": """"",TRUE,
"""49253-1CV* AND salesLocation_s:69609 AND shipLocation_s:12702 AND customerAccount_s:AC0159-8346 AND businessUnit_s:Accu-Tech"", ""userName_s"": ""Matthew Zito"", ""refNum_s"": """"",TRUE,
"""cj32h AND shipLocation_s:15812 AND businessUnit_s:Accu-Tech"", ""userName_s"": ""321886"", ""refNum_s"": ""614807""",TRUE,
"""cj32hpb AND shipLocation_s:15812 AND businessUnit_s:Accu-Tech"", ""userName_s"": ""321886"", ""refNum_s"": ""614807""",TRUE,
"""UTP28X3BL AND shipLocation_s:15414 AND businessUnit_s:Accu-Tech"", ""userName_s"": ""216112"", ""refNum_s"": ""614812""",TRUE,
"""10gxw130091000* AND businessUnit_s:Accu-Tech AND shipLocation_s:12702 AND advancedPartSearch:Y AND businessUnit_s:Accu-Tech"", ""userName_s"": """", ""refNum_s"": ""100012447""",TRUE,
"""1024-C* AND salesLocation_s:69609 AND shipLocation_s:12702 AND customerAccount_s:AC0160-4697 AND businessUnit_s:Accu-Tech"", ""userName_s"": ""Jared Ferguson"", ""refNum_s"": """"",TRUE,
"""FDC-CABLE-GRND* AND salesLocation_s:62395 AND shipLocation_s:12702 AND customerAccount_s:AC0186-3068 AND businessUnit_s:Accu-Tech"", ""userName_s"": ""Melissa Saul"", ""refNum_s"": """"",TRUE,
"""fre1ubl* AND salesLocation_s:62395 AND shipLocation_s:12702 AND customerAccount_s:AC0162-6940 AND businessUnit_s:Accu-Tech"", ""userName_s"": ""John Ruxer"", ""refNum_s"": """"",TRUE,
"""fre1ubl* AND salesLocation_s:62395 AND shipLocation_s:12702 AND customerAccount_s:AC0162-6940 AND businessUnit_s:Accu-Tech"", ""userName_s"": ""John Ruxer"", ""refNum_s"": """"",TRUE,
"""L4006P401 AND businessUnit_s:Accu-Tech"", ""userName_s"": ""328501"", ""refNum_s"": ""607454""",TRUE,
"""150-31090 AND shipLocation_s:14802 AND businessUnit_s:Accu-Tech"", ""userName_s"": ""208873"", ""refNum_s"": ""614819""",TRUE,
"""9729 AND shipLocation_s:16041 AND businessUnit_s:Accu-Tech"", ""userName_s"": ""313089"", ""refNum_s"": ""614831""",TRUE,
"""MCTP6I-9-10* AND businessUnit_s:Accu-Tech AND shipLocation_s:11726 AND advancedPartSearch:Y AND businessUnit_s:Accu-Tech"", ""userName_s"": """", ""refNum_s"": ""100012447""",TRUE,
"""100003b AND shipLocation_s:14802 AND businessUnit_s:Accu-Tech"", ""userName_s"": ""208873"", ""refNum_s"": ""614819""",TRUE,
"""133* AND salesLocation_s:60001 AND shipLocation_s:12619 AND customerAccount_s:AC0029-8945 AND dcLocation_s:7302 AND businessUnit_s:WESCO"", ""userName_s"": ""Alisa Gelinas"", ""refNum_s"": """"",FALSE,
"""ewmw* AND businessUnit_s:Accu-Tech AND shipLocation_s:12114 AND advancedPartSearch:Y AND businessUnit_s:Accu-Tech"", ""userName_s"": """", ""refNum_s"": ""100012447""",TRUE,
"""kt2j6a- AND shipLocation_s:15812 AND businessUnit_s:Accu-Tech"", ""userName_s"": ""321886"", ""refNum_s"": ""614807""",TRUE,
"""kt2 AND shipLocation_s:15812 AND businessUnit_s:Accu-Tech"", ""userName_s"": ""321886"", ""refNum_s"": ""614807""",TRUE,
"""V06-0L1-009-50L AND businessUnit_s:Accu-Tech"", ""userName_s"": ""328501"", ""refNum_s"": ""607454""",TRUE,
"""FASM-SASA-28* AND salesLocation_s:62395 AND shipLocation_s:12702 AND customerAccount_s:AC0158-6628 AND businessUnit_s:Accu-Tech"", ""userName_s"": ""James Smythe"", ""refNum_s"": """"",TRUE,
"""FS400 AND shipLocation_s:12908 AND businessUnit_s:Accu-Tech"", ""userName_s"": ""321602"", ""refNum_s"": ""614792""",TRUE,
"""033684 AND shipLocation_s:14810 AND businessUnit_s:Accu-Tech"", ""userName_s"": ""324409"", ""refNum_s"": ""614798""",TRUE,
"""cat64HP AND shipLocation_s:14112 AND businessUnit_s:Accu-Tech"", ""userName_s"": ""221887"", ""refNum_s"": ""614526""",TRUE,
"""PDPK006FB3010/F5IOC4 AND shipLocation_s:16023 AND businessUnit_s:Accu-Tech"", ""userName_s"": ""326749"", ""refNum_s"": ""614793""",TRUE,
"""35521-703 AND shipLocation_s:12114 AND businessUnit_s:Accu-Tech"", ""userName_s"": ""337344"", ""refNum_s"": ""612043""",TRUE,
"""CAT64HP* AND businessUnit_s:Accu-Tech AND shipLocation_s:14112 AND advancedPartSearch:Y AND businessUnit_s:Accu-Tech"", ""userName_s"": """", ""refNum_s"": ""100012447""",TRUE,
"""FWME2 AND shipLocation_s:12908 AND businessUnit_s:Accu-Tech"", ""userName_s"": ""321602"", ""refNum_s"": ""614792""",TRUE,
"""11421-e18* AND businessUnit_s:Accu-Tech AND shipLocation_s:12702 AND advancedPartSearch:Y AND businessUnit_s:Accu-Tech"", ""userName_s"": """", ""refNum_s"": ""100012447""",TRUE,
"""61110-RE6 AND shipLocation_s:14611 AND businessUnit_s:Accu-Tech"", ""userName_s"": ""307070"", ""refNum_s"": ""614806""",TRUE,
"""6a-272* AND businessUnit_s:Accu-Tech AND shipLocation_s:15625 AND advancedPartSearch:Y AND businessUnit_s:Accu-Tech"", ""userName_s"": """", ""refNum_s"": ""100012447""",TRUE,
"""APCSRT2200RMXLA AND shipLocation_s:14810 AND businessUnit_s:Accu-Tech"", ""userName_s"": ""308661"", ""refNum_s"": ""614797""",TRUE,
"""*:* AND transPartOrFilter:(transactablePart_s:1008037AT OR transactablePart_s:1056072AT) AND salesLocation_s:62473 AND shipLocation_s:13429 AND customerAccount_s:AC0158-6202 AND businessUnit_s:Accu-Tech"", ""userName_s"": ""Jeremy Prevette"", ""refNum_s"": ""QU100030953""",TRUE,
"""5040* AND salesLocation_s:60001 AND shipLocation_s:12619 AND customerAccount_s:AC0200-3234 AND dcLocation_s:7302 AND businessUnit_s:WESCO"", ""userName_s"": ""Sam Alford"", ""refNum_s"": """"",FALSE,
"""5040 allied* AND salesLocation_s:60001 AND shipLocation_s:12619 AND customerAccount_s:AC0200-3234 AND dcLocation_s:7302 AND businessUnit_s:WESCO"", ""userName_s"": ""Sam Alford"", ""refNum_s"": """"",FALSE,
"""9C6P4-E3-06-RXA* AND businessUnit_s:Accu-Tech AND shipLocation_s:12702 AND advancedPartSearch:Y AND businessUnit_s:Accu-Tech"", ""userName_s"": """", ""refNum_s"": ""100012447""",TRUE,
"""PJ26-W AND shipLocation_s:12908 AND businessUnit_s:Accu-Tech"", ""userName_s"": ""321469"", ""refNum_s"": ""614794""",TRUE,
"""UL207BD* AND salesLocation_s:60627 AND shipLocation_s:14507 AND customerAccount_s:AC0000-0569 AND dcLocation_s:7303 AND businessUnit_s:WESCO"", ""userName_s"": ""Mark Melton"", ""refNum_s"": """"",FALSE,
"""50120-703 AND shipLocation_s:11726 AND businessUnit_s:Accu-Tech"", ""userName_s"": ""331169"", ""refNum_s"": ""614785""",TRUE,
"""cch-cs12-59-p AND businessUnit_s:Accu-Tech"", ""userName_s"": ""327898"", ""refNum_s"": """"",TRUE,
"""810-LL7-033 AND shipLocation_s:12702 AND businessUnit_s:Accu-Tech"", ""userName_s"": ""323615"", ""refNum_s"": ""614779""",TRUE,
"""GECLB62A AND shipLocation_s:16023 AND businessUnit_s:Accu-Tech"", ""userName_s"": ""326749"", ""refNum_s"": ""614782""",TRUE,
"""8200 allied* AND salesLocation_s:60001 AND shipLocation_s:12619 AND customerAccount_s:AC0200-3234 AND dcLocation_s:7302 AND businessUnit_s:WESCO"", ""userName_s"": ""Sam Alford"", ""refNum_s"": """"",FALSE,
"""svc-storage* AND salesLocation_s:62473 AND shipLocation_s:13429 AND customerAccount_s:AC0160-6516 AND businessUnit_s:Accu-Tech"", ""userName_s"": ""Trent Little"", ""refNum_s"": """"",TRUE,
"""STK5* AND salesLocation_s:60001 AND shipLocation_s:12619 AND customerAccount_s:AC0084-8010 AND dcLocation_s:7302 AND businessUnit_s:WESCO"", ""userName_s"": ""Josephine Trupiano"", ""refNum_s"": """"",FALSE,
"""AC-A12* AND businessUnit_s:Accu-Tech AND shipLocation_s:12702 AND advancedPartSearch:Y AND businessUnit_s:Accu-Tech"", ""userName_s"": """", ""refNum_s"": ""100012447""",TRUE,
"""810-LL2-006* AND salesLocation_s:62473 AND shipLocation_s:13429 AND customerAccount_s:AC0158-6073 AND businessUnit_s:Accu-Tech"", ""userName_s"": ""John-Riley Hathcock"", ""refNum_s"": """"",TRUE,
"""rv6mjkubk* AND salesLocation_s:62530 AND shipLocation_s:15642 AND customerAccount_s:AC0161-3567 AND businessUnit_s:Accu-Tech"", ""userName_s"": ""Simon Ruppert"", ""refNum_s"": """"",TRUE,
"""m58 AND shipLocation_s:11726 AND businessUnit_s:Accu-Tech"", ""userName_s"": ""331169"", ""refNum_s"": ""614764""",TRUE,
"""SBP-276HMW * AND businessUnit_s:Accu-Tech AND shipLocation_s:11102 AND advancedPartSearch:Y AND businessUnit_s:Accu-Tech"", ""userName_s"": """", ""refNum_s"": ""100012447""",TRUE,
"""012 AND shipLocation_s:13417 AND businessUnit_s:Accu-Tech"", ""userName_s"": ""310311"", ""refNum_s"": ""614767""",TRUE,
"""CJ688TG* AND businessUnit_s:Accu-Tech AND shipLocation_s:12702 AND advancedPartSearch:Y AND businessUnit_s:Accu-Tech"", ""userName_s"": """", ""refNum_s"": ""100012447""",TRUE,
"""cch-01u AND shipLocation_s:14802 AND businessUnit_s:Accu-Tech"", ""userName_s"": ""208873"", ""refNum_s"": ""614269""",TRUE,
"""49255-q24 AND shipLocation_s:11726 AND businessUnit_s:Accu-Tech"", ""userName_s"": ""331169"", ""refNum_s"": ""614764""",TRUE,
"""71317 AND shipLocation_s:12702 AND businessUnit_s:Accu-Tech"", ""userName_s"": ""238367"", ""refNum_s"": ""613693""",TRUE,
"""*:* AND transPartOrFilter:(transactablePart_s:1003665AT) AND salesLocation_s:62530 AND shipLocation_s:15642 AND customerAccount_s:AC0158-2992 AND businessUnit_s:Accu-Tech"", ""userName_s"": ""Greg Griffo"", ""refNum_s"": ""QU100030678""",TRUE,
"""024zu4* AND businessUnit_s:Accu-Tech AND shipLocation_s:12702 AND advancedPartSearch:Y AND businessUnit_s:Accu-Tech"", ""userName_s"": """", ""refNum_s"": ""100012447""",TRUE,
"""7171791 AND shipLocation_s:12702 AND businessUnit_s:Accu-Tech"", ""userName_s"": ""238367"", ""refNum_s"": ""613693""",TRUE,
"""Q101-CA-KIT-2* AND businessUnit_s:Accu-Tech AND shipLocation_s:12702 AND transactablePartFilter:Y AND advancedPartSearch:Y AND businessUnit_s:Accu-Tech"", ""userName_s"": """", ""refNum_s"": ""100012447""",TRUE,
"""Q101-CA-KIT-2* AND businessUnit_s:Accu-Tech AND shipLocation_s:12702 AND advancedPartSearch:Y AND businessUnit_s:Accu-Tech"", ""userName_s"": """", ""refNum_s"": ""100012447""",TRUE,
"""cat6-75* AND salesLocation_s:62399 AND shipLocation_s:15812 AND customerAccount_s:AC0197-5432 AND businessUnit_s:Accu-Tech"", ""userName_s"": ""Shawn Whittingham"", ""refNum_s"": """"",TRUE,
"""24458mdx-c6 AND businessUnit_s:Accu-Tech"", ""userName_s"": ""233642"", ""refNum_s"": """"",TRUE,
"""DZ006TSLA9YPI AND shipLocation_s:14810 AND businessUnit_s:Accu-Tech"", ""userName_s"": ""324409"", ""refNum_s"": ""614757""",TRUE,
"""DZ006 AND shipLocation_s:14810 AND businessUnit_s:Accu-Tech"", ""userName_s"": ""324409"", ""refNum_s"": ""614757""",TRUE,
"""SG12-12B2U* AND salesLocation_s:62395 AND shipLocation_s:12702 AND customerAccount_s:AC0158-6628 AND businessUnit_s:Accu-Tech"", ""userName_s"": ""James Smythe"", ""refNum_s"": """"",TRUE,
"""RV6MJKUBL-S1* AND salesLocation_s:62681 AND shipLocation_s:14611 AND customerAccount_s:AC0158-1392 AND businessUnit_s:Accu-Tech"", ""userName_s"": ""Joshua Luffman"", ""refNum_s"": """"",TRUE,
"""eq02u-chc AND shipLocation_s:12601 AND businessUnit_s:Accu-Tech"", ""userName_s"": ""334092"", ""refNum_s"": ""614747""",TRUE,
"""srw AND shipLocation_s:11726 AND businessUnit_s:Accu-Tech"", ""userName_s"": ""302568"", ""refNum_s"": ""614721""",TRUE,
"""fl2-lc-900-om4-2 AND shipLocation_s:12601 AND businessUnit_s:Accu-Tech"", ""userName_s"": ""334092"", ""refNum_s"": ""614747""",TRUE,
"""fl2-lc-900-om AND shipLocation_s:12601 AND businessUnit_s:Accu-Tech"", ""userName_s"": ""334092"", ""refNum_s"": ""614747""",TRUE,
"""SBP-250HMW* AND salesLocation_s:62471 AND shipLocation_s:14509 AND customerAccount_s:AC0161-8183 AND businessUnit_s:Accu-Tech"", ""userName_s"": ""Patrick Allen"", ""refNum_s"": """"",TRUE,
"""012e AND shipLocation_s:14802 AND businessUnit_s:Accu-Tech"", ""userName_s"": ""326020"", ""refNum_s"": ""614727""",TRUE,
"""12100-712* AND businessUnit_s:Accu-Tech AND shipLocation_s:12702 AND advancedPartSearch:Y AND businessUnit_s:Accu-Tech"", ""userName_s"": """", ""refNum_s"": ""100012447""",TRUE,
"""04-001-A8* AND businessUnit_s:Accu-Tech AND shipLocation_s:12702 AND advancedPartSearch:Y AND businessUnit_s:Accu-Tech"", ""userName_s"": """", ""refNum_s"": ""100012447""",TRUE,
"""al4rpv-50* AND salesLocation_s:62474 AND shipLocation_s:13417 AND customerAccount_s:AC0158-6317 AND businessUnit_s:Accu-Tech"", ""userName_s"": ""Kelly Szymanski"", ""refNum_s"": """"",TRUE,
"""760107250* AND salesLocation_s:62474 AND shipLocation_s:13417 AND customerAccount_s:AC0162-7444 AND businessUnit_s:Accu-Tech"", ""userName_s"": ""David Bunting"", ""refNum_s"": """"",TRUE,
"""cch-cp12- AND shipLocation_s:14802 AND businessUnit_s:Accu-Tech"", ""userName_s"": ""326020"", ""refNum_s"": ""614727""",TRUE,
"""144 AND businessUnit_s:Accu-Tech"", ""userName_s"": ""228374"", ""refNum_s"": """"",TRUE,
"""006T8P-31180-29* AND salesLocation_s:62399 AND shipLocation_s:15812 AND customerAccount_s:AC0186-3068 AND businessUnit_s:Accu-Tech"", ""userName_s"": ""Dennis Donegan"", ""refNum_s"": """"",TRUE,
"""SLS520 AND shipLocation_s:15642 AND businessUnit_s:Accu-Tech"", ""userName_s"": ""311815"", ""refNum_s"": ""614734""",TRUE,
"""77S018â€“W* AND salesLocation_s:62532 AND shipLocation_s:11726 AND customerAccount_s:IC1036-0000 AND businessUnit_s:Accu-Tech"", ""userName_s"": ""Griffin Geeslin"", ""refNum_s"": """"",TRUE,
"""CFPL2SY AND shipLocation_s:13429 AND businessUnit_s:Accu-Tech"", ""userName_s"": ""334120"", ""refNum_s"": ""614325""",TRUE,
"""6AP4P23-RD-S-BED-APUB AND businessUnit_s:Accu-Tech"", ""userName_s"": ""323615"", ""refNum_s"": """"",TRUE,
"""012E88-33131-A3_OS2,_12 AND shipLocation_s:12908 AND businessUnit_s:Accu-Tech"", ""userName_s"": ""321469"", ""refNum_s"": ""614530""",TRUE,
"""FRM-MAT* AND businessUnit_s:Accu-Tech AND shipLocation_s:12702 AND advancedPartSearch:Y AND businessUnit_s:Accu-Tech"", ""userName_s"": """", ""refNum_s"": ""100012447""",TRUE,
"""9C6P4-E3-07* AND salesLocation_s:62530 AND shipLocation_s:15642 AND customerAccount_s:AC0191-0812 AND businessUnit_s:Accu-Tech"", ""userName_s"": ""Matt Duncan"", ""refNum_s"": """"",TRUE,
"""sp6r* AND salesLocation_s:62399 AND shipLocation_s:15812 AND customerAccount_s:AC0158-4310 AND businessUnit_s:Accu-Tech"", ""userName_s"": ""Shawn Whittingham"", ""refNum_s"": """"",TRUE,
"""LVS12-LCUARAB1A* AND salesLocation_s:62532 AND shipLocation_s:11726 AND customerAccount_s:AC0162-5266 AND businessUnit_s:Accu-Tech"", ""userName_s"": ""Foster Burch"", ""refNum_s"": """"",TRUE,
"""9002-4* AND salesLocation_s:60001 AND shipLocation_s:12619 AND customerAccount_s:AC0200-3234 AND dcLocation_s:7302 AND businessUnit_s:WESCO"", ""userName_s"": ""Sam Alford"", ""refNum_s"": """"",FALSE,
"""288ev8 AND shipLocation_s:14802 AND businessUnit_s:Accu-Tech"", ""userName_s"": ""208873"", ""refNum_s"": ""614269""",TRUE,
"""CCH-CP12-A9 AND shipLocation_s:15625 AND businessUnit_s:Accu-Tech"", ""userName_s"": ""329187"", ""refNum_s"": ""614711""",TRUE,
"""30987* AND salesLocation_s:62530 AND shipLocation_s:15642 AND customerAccount_s:AC0191-0812 AND businessUnit_s:Accu-Tech"", ""userName_s"": ""Matt Duncan"", ""refNum_s"": """"",TRUE,
"""DNO-13918* AND salesLocation_s:61171 AND shipLocation_s:12402 AND customerAccount_s:AC0001-5961 AND dcLocation_s:7302 AND businessUnit_s:WESCO"", ""userName_s"": ""Hannah Shook"", ""refNum_s"": """"",FALSE,
"""S3575BP100 AND shipLocation_s:12908 AND businessUnit_s:Accu-Tech"", ""userName_s"": ""321469"", ""refNum_s"": ""614706""",TRUE,
"""u6-h80ns* AND salesLocation_s:62530 AND shipLocation_s:15642 AND customerAccount_s:AC0191-0812 AND businessUnit_s:Accu-Tech"", ""userName_s"": ""Matt Duncan"", ""refNum_s"": """"",TRUE,
"""49910-HG2* AND salesLocation_s:62530 AND shipLocation_s:15642 AND customerAccount_s:AC0185-7158 AND businessUnit_s:Accu-Tech"", ""userName_s"": ""Matt Duncan"", ""refNum_s"": """"",TRUE,
"""osp* AND businessUnit_s:Accu-Tech AND shipLocation_s:13429 AND advancedPartSearch:Y AND businessUnit_s:Accu-Tech"", ""userName_s"": """", ""refNum_s"": ""100012447""",TRUE,
"""ND-0122* AND salesLocation_s:60001 AND shipLocation_s:12619 AND customerAccount_s:AC0043-2295 AND dcLocation_s:7302 AND businessUnit_s:WESCO"", ""userName_s"": ""Josephine Trupiano"", ""refNum_s"": """"",FALSE,
"""un874019914/10* AND businessUnit_s:Accu-Tech AND shipLocation_s:12702 AND advancedPartSearch:Y AND businessUnit_s:Accu-Tech"", ""userName_s"": """", ""refNum_s"": ""100012447""",TRUE,
"""e4dr* AND businessUnit_s:Accu-Tech AND shipLocation_s:13429 AND advancedPartSearch:Y AND businessUnit_s:Accu-Tech"", ""userName_s"": """", ""refNum_s"": ""100012447""",TRUE,
"""sr12* AND businessUnit_s:Accu-Tech AND shipLocation_s:13429 AND advancedPartSearch:Y AND businessUnit_s:Accu-Tech"", ""userName_s"": """", ""refNum_s"": ""100012447""",TRUE,
"""swing rack* AND businessUnit_s:Accu-Tech AND shipLocation_s:13429 AND advancedPartSearch:Y AND businessUnit_s:Accu-Tech"", ""userName_s"": """", ""refNum_s"": ""100012447""",TRUE,
"""012MD AND shipLocation_s:14509 AND businessUnit_s:Accu-Tech"", ""userName_s"": ""226055"", ""refNum_s"": ""614694""",TRUE,
"""PZWMC1230W * AND businessUnit_s:Accu-Tech AND shipLocation_s:13603 AND advancedPartSearch:Y AND businessUnit_s:Accu-Tech"", ""userName_s"": """", ""refNum_s"": ""100012447""",TRUE,
"""DP24688TGY AND shipLocation_s:13603 AND businessUnit_s:Accu-Tech"", ""userName_s"": ""227835"", ""refNum_s"": ""585705""",TRUE,
"""CMBIG-X AND shipLocation_s:13603 AND businessUnit_s:Accu-Tech"", ""userName_s"": ""227835"", ""refNum_s"": ""585705""",TRUE,
"""CMDSLCZIW* AND businessUnit_s:Accu-Tech AND shipLocation_s:13603 AND transactablePartFilter:Y AND advancedPartSearch:Y AND businessUnit_s:Accu-Tech"", ""userName_s"": """", ""refNum_s"": ""100012447""",TRUE,
"""v-1016-w* AND salesLocation_s:62532 AND shipLocation_s:11726 AND customerAccount_s:AC0197-7685 AND businessUnit_s:Accu-Tech"", ""userName_s"": ""Christian Anderson"", ""refNum_s"": """"",TRUE,
"""tze AND shipLocation_s:15414 AND businessUnit_s:Accu-Tech"", ""userName_s"": ""206565"", ""refNum_s"": ""596020""",TRUE,
"""ES0219-0215* AND businessUnit_s:Accu-Tech AND shipLocation_s:13429 AND advancedPartSearch:Y AND businessUnit_s:Accu-Tech"", ""userName_s"": """", ""refNum_s"": ""100012447""",TRUE,
"""cc7- AND shipLocation_s:15414 AND businessUnit_s:Accu-Tech"", ""userName_s"": ""206565"", ""refNum_s"": ""596020""",TRUE,
"""5F100-S4V AND shipLocation_s:15414 AND businessUnit_s:Accu-Tech"", ""userName_s"": ""216112"", ""refNum_s"": ""614675""",TRUE,
"""KS6a-45* AND salesLocation_s:61996 AND shipLocation_s:12304 AND customerAccount_s:AC0158-0776 AND businessUnit_s:Accu-Tech"", ""userName_s"": ""Nathan Ward"", ""refNum_s"": """"",TRUE,
"""71 AND shipLocation_s:14112 AND businessUnit_s:Accu-Tech"", ""userName_s"": ""230714"", ""refNum_s"": ""614672""",TRUE,
"""foas2f10 AND businessUnit_s:Accu-Tech"", ""userName_s"": ""227658"", ""refNum_s"": ""614654""",TRUE,
"""foas2 AND businessUnit_s:Accu-Tech"", ""userName_s"": ""227658"", ""refNum_s"": ""614654""",TRUE,
"""98182* AND salesLocation_s:60608 AND shipLocation_s:12008 AND customerAccount_s:AC0145-3638 AND dcLocation_s:7305 AND businessUnit_s:WESCO"", ""userName_s"": ""matt trautman"", ""refNum_s"": """"",FALSE,
"""basket tray* AND businessUnit_s:Accu-Tech AND shipLocation_s:11305 AND advancedPartSearch:Y AND businessUnit_s:Accu-Tech"", ""userName_s"": """", ""refNum_s"": ""100012447""",TRUE,
"""wbt AND shipLocation_s:11305 AND businessUnit_s:Accu-Tech"", ""userName_s"": ""313507"", ""refNum_s"": ""614668""",TRUE,
"""sbp-276hwm* AND salesLocation_s:62744 AND shipLocation_s:15416 AND customerAccount_s:AC0158-5108 AND businessUnit_s:Accu-Tech"", ""userName_s"": ""Chanel Cannon"", ""refNum_s"": """"",TRUE,
"""CCH-CP12-19T* AND businessUnit_s:Accu-Tech AND shipLocation_s:13429 AND advancedPartSearch:Y AND businessUnit_s:Accu-Tech"", ""userName_s"": """", ""refNum_s"": ""100012447""",TRUE,
"""CCH-02U AND shipLocation_s:11411 AND businessUnit_s:Accu-Tech"", ""userName_s"": ""336274"", ""refNum_s"": ""614657""",TRUE,
"""OR-PH AND shipLocation_s:11411 AND businessUnit_s:Accu-Tech"", ""userName_s"": ""336274"", ""refNum_s"": ""614657""",TRUE,
"""af-fa AND shipLocation_s:11411 AND businessUnit_s:Accu-Tech"", ""userName_s"": ""337835"", ""refNum_s"": ""614651""",TRUE,
"""6302UE877U1000* AND salesLocation_s:61963 AND shipLocation_s:16041 AND customerAccount_s:AC0158-1500 AND businessUnit_s:Accu-Tech"", ""userName_s"": ""JR Luck"", ""refNum_s"": """"",TRUE,
"""ICFOPL1619 AND shipLocation_s:11411 AND businessUnit_s:Accu-Tech"", ""userName_s"": ""337835"", ""refNum_s"": ""614651""",TRUE,
"""WBT4X12 AND businessUnit_s:Accu-Tech"", ""userName_s"": ""208739"", ""refNum_s"": ""614625""",TRUE,
"""PUO6X04BL-CEG* AND businessUnit_s:Accu-Tech AND shipLocation_s:15428 AND advancedPartSearch:Y AND businessUnit_s:Accu-Tech"", ""userName_s"": """", ""refNum_s"": ""100012447""",TRUE,
"""43C400HCS5Z* AND salesLocation_s:61171 AND shipLocation_s:12402 AND customerAccount_s:AC0001-5961 AND dcLocation_s:7302 AND businessUnit_s:WESCO"", ""userName_s"": ""Philip Kaszowski"", ""refNum_s"": """"",FALSE,
"""95- AND shipLocation_s:16043 AND businessUnit_s:Accu-Tech"", ""userName_s"": ""304249"", ""refNum_s"": ""603560""",TRUE,
"""75C200HCS5Z* AND salesLocation_s:61171 AND shipLocation_s:12402 AND customerAccount_s:AC0001-5961 AND dcLocation_s:7302 AND businessUnit_s:WESCO"", ""userName_s"": ""Philip Kaszowski"", ""refNum_s"": """"",FALSE,
"""288ZU4-T4122D20 AND businessUnit_s:Accu-Tech"", ""userName_s"": ""328500"", ""refNum_s"": ""614631""",TRUE,
"""11421-712* AND salesLocation_s:61961 AND shipLocation_s:16011 AND customerAccount_s:AC0160-8527 AND businessUnit_s:Accu-Tech"", ""userName_s"": ""Andrew Lane"", ""refNum_s"": """"",TRUE,
"""6524UE_877U1000 AND shipLocation_s:16041 AND businessUnit_s:Accu-Tech"", ""userName_s"": ""318654"", ""refNum_s"": ""614636""",TRUE,
"""cnbw AND shipLocation_s:12114 AND businessUnit_s:Accu-Tech"", ""userName_s"": ""235882"", ""refNum_s"": ""614628""",TRUE,
"""MXED86383GR1000 AND shipLocation_s:16043 AND businessUnit_s:Accu-Tech"", ""userName_s"": ""227199"", ""refNum_s"": ""614593""",TRUE,
"""unj600 AND shipLocation_s:16043 AND businessUnit_s:Accu-Tech"", ""userName_s"": ""304249"", ""refNum_s"": ""603560""",TRUE,
"""gspr AND shipLocation_s:14611 AND businessUnit_s:Accu-Tech"", ""userName_s"": ""240568"", ""refNum_s"": ""612873""",TRUE,
"""gs AND shipLocation_s:14611 AND businessUnit_s:Accu-Tech"", ""userName_s"": ""240568"", ""refNum_s"": ""612873""",TRUE,
"""sbp-250w AND shipLocation_s:15416 AND businessUnit_s:Accu-Tech"", ""userName_s"": ""307785"", ""refNum_s"": ""614619""",TRUE,
"""sbp AND shipLocation_s:15416 AND businessUnit_s:Accu-Tech"", ""userName_s"": ""307785"", ""refNum_s"": ""614619""",TRUE,
"""sb AND shipLocation_s:15416 AND businessUnit_s:Accu-Tech"", ""userName_s"": ""307785"", ""refNum_s"": ""614619""",TRUE,
"""sbp-250hmw AND shipLocation_s:15416 AND businessUnit_s:Accu-Tech"", ""userName_s"": ""307785"", ""refNum_s"": ""614619""",TRUE,
"""wwt-p-3204 AND shipLocation_s:15416 AND businessUnit_s:Accu-Tech"", ""userName_s"": ""307785"", ""refNum_s"": ""614619""",TRUE,
"""ww AND shipLocation_s:15416 AND businessUnit_s:Accu-Tech"", ""userName_s"": ""307785"", ""refNum_s"": ""614619""",TRUE,
"""10479150* AND salesLocation_s:60181 AND shipLocation_s:12004 AND customerAccount_s:AC0200-5700 AND businessUnit_s:WESCO"", ""userName_s"": ""Olaf Morledge"", ""refNum_s"": """"",FALSE,
"""98040054177 AND businessUnit_s:Accu-Tech"", ""userName_s"": ""227658"", ""refNum_s"": ""613930""",TRUE,
"""002E88-31131-29 AND shipLocation_s:15414 AND businessUnit_s:Accu-Tech"", ""userName_s"": ""216112"", ""refNum_s"": ""614614""",TRUE,
"""plastic spoon* AND salesLocation_s:61171 AND shipLocation_s:12402 AND customerAccount_s:AC0155-5833 AND dcLocation_s:7302 AND businessUnit_s:WESCO"", ""userName_s"": ""Aiereona Palmer"", ""refNum_s"": """"",FALSE,
"""11301-701 AND shipLocation_s:16023 AND businessUnit_s:Accu-Tech"", ""userName_s"": ""312371"", ""refNum_s"": ""614611""",TRUE,
"""FS400 AND shipLocation_s:16011 AND businessUnit_s:Accu-Tech"", ""userName_s"": ""322620"", ""refNum_s"": ""614601""",TRUE,
"""Z48M24P2XU2BU2F090P1-DC5DIRREPLL AND shipLocation_s:11305 AND businessUnit_s:Accu-Tech"", ""userName_s"": ""313507"", ""refNum_s"": ""614610""",TRUE,
"""AR7701-S* AND businessUnit_s:Accu-Tech AND shipLocation_s:15428 AND advancedPartSearch:Y AND businessUnit_s:Accu-Tech"", ""userName_s"": """", ""refNum_s"": ""100012447""",TRUE,
"""ltr012b* AND businessUnit_s:Accu-Tech AND shipLocation_s:15428 AND advancedPartSearch:Y AND businessUnit_s:Accu-Tech"", ""userName_s"": """", ""refNum_s"": ""100012447""",TRUE,
"""ltr012b024* AND businessUnit_s:Accu-Tech AND shipLocation_s:15428 AND advancedPartSearch:Y AND businessUnit_s:Accu-Tech"", ""userName_s"": """", ""refNum_s"": ""100012447""",TRUE,
"""ltr012* AND businessUnit_s:Accu-Tech AND shipLocation_s:15428 AND advancedPartSearch:Y AND businessUnit_s:Accu-Tech"", ""userName_s"": """", ""refNum_s"": ""100012447""",TRUE,
"""8131800* AND businessUnit_s:Accu-Tech AND shipLocation_s:16011 AND advancedPartSearch:Y AND businessUnit_s:Accu-Tech"", ""userName_s"": """", ""refNum_s"": ""100012447""",TRUE,
"""ecd15* AND salesLocation_s:60682 AND shipLocation_s:15408 AND customerAccount_s:AC0005-9619 AND dcLocation_s:7305 AND businessUnit_s:WESCO"", ""userName_s"": ""Roberto Gonzalez"", ""refNum_s"": """"",FALSE,
"""NV-32-H* AND salesLocation_s:60181 AND shipLocation_s:12004 AND customerAccount_s:AC0200-5700 AND businessUnit_s:WESCO"", ""userName_s"": ""Olaf Morledge"", ""refNum_s"": """"",FALSE,
"""WMPV45EÂ * AND businessUnit_s:Accu-Tech AND shipLocation_s:15428 AND advancedPartSearch:Y AND businessUnit_s:Accu-Tech"", ""userName_s"": """", ""refNum_s"": ""100012447""",TRUE,
"""HLS-15R0* AND salesLocation_s:62395 AND shipLocation_s:12702 AND customerAccount_s:AC0186-3068 AND businessUnit_s:Accu-Tech"", ""userName_s"": ""Donald Lozzi"", ""refNum_s"": """"",TRUE,
"""5F100-6LC* AND salesLocation_s:61963 AND shipLocation_s:16041 AND customerAccount_s:AC0158-1637 AND businessUnit_s:Accu-Tech"", ""userName_s"": ""Nina Olson"", ""refNum_s"": """"",TRUE,
"""BE2822324* AND salesLocation_s:60608 AND shipLocation_s:14001 AND customerAccount_s:AC0155-5833 AND dcLocation_s:7305 AND businessUnit_s:WESCO"", ""userName_s"": ""Scott Martin"", ""refNum_s"": """"",FALSE,
"""006T8F-31180-29* AND salesLocation_s:61997 AND shipLocation_s:12114 AND customerAccount_s:AC0158-0346 AND businessUnit_s:Accu-Tech"", ""userName_s"": ""Ignacio Torres"", ""refNum_s"": """"",TRUE,
"""qnv-c8083r* AND businessUnit_s:Accu-Tech AND shipLocation_s:16041 AND advancedPartSearch:Y AND businessUnit_s:Accu-Tech"", ""userName_s"": """", ""refNum_s"": ""100012447""",TRUE,
"""chinet* AND salesLocation_s:61171 AND shipLocation_s:12402 AND customerAccount_s:AC0001-5961 AND dcLocation_s:7302 AND businessUnit_s:WESCO"", ""userName_s"": ""Aiereona Palmer"", ""refNum_s"": """"",FALSE,
"""DX0066SLX9 AND shipLocation_s:11411 AND businessUnit_s:Accu-Tech"", ""userName_s"": ""337835"", ""refNum_s"": ""614588""",TRUE,
"""JA288SSLBRYP AND shipLocation_s:12304 AND businessUnit_s:Accu-Tech"", ""userName_s"": ""308638"", ""refNum_s"": ""614568""",TRUE,
"""1984ST15* AND businessUnit_s:Accu-Tech AND shipLocation_s:15428 AND advancedPartSearch:Y AND businessUnit_s:Accu-Tech"", ""userName_s"": """", ""refNum_s"": ""100012447""",TRUE,
"""2131505.99* AND salesLocation_s:62399 AND shipLocation_s:15812 AND customerAccount_s:AC0162-8133 AND businessUnit_s:Accu-Tech"", ""userName_s"": ""Patrick Sweeney"", ""refNum_s"": """"",TRUE,
"""2413_D15U1000 AND shipLocation_s:12908 AND businessUnit_s:Accu-Tech"", ""userName_s"": ""321469"", ""refNum_s"": ""614530""",TRUE,
"""CPP48HDVNSWBL AND businessUnit_s:Accu-Tech"", ""userName_s"": ""227658"", ""refNum_s"": ""613930""",TRUE,
"""80781-W AND shipLocation_s:16043 AND businessUnit_s:Accu-Tech"", ""userName_s"": ""227199"", ""refNum_s"": ""614576""",TRUE,
"""pg AND businessUnit_s:Accu-Tech"", ""userName_s"": ""335646"", ""refNum_s"": """"",TRUE,
"""P046-006-LL-30A AND shipLocation_s:14611 AND businessUnit_s:Accu-Tech"", ""userName_s"": ""240568"", ""refNum_s"": ""614545""",TRUE,
"""foas2f10glclc-50- AND shipLocation_s:16043 AND businessUnit_s:Accu-Tech"", ""userName_s"": ""227199"", ""refNum_s"": ""614576""",TRUE,
"""CFFPL4L AND businessUnit_s:Accu-Tech"", ""userName_s"": ""227658"", ""refNum_s"": ""613930""",TRUE,
"""KT2J6A* AND businessUnit_s:Accu-Tech AND shipLocation_s:12601 AND advancedPartSearch:Y AND businessUnit_s:Accu-Tech"", ""userName_s"": """", ""refNum_s"": ""100012447""",TRUE,
"""G545-U AND businessUnit_s:Accu-Tech"", ""userName_s"": ""307091"", ""refNum_s"": ""614563""",TRUE,
"""THHN* AND salesLocation_s:60608 AND shipLocation_s:14001 AND customerAccount_s:AC0155-5833 AND dcLocation_s:7305 AND businessUnit_s:WESCO"", ""userName_s"": ""Scott Martin"", ""refNum_s"": """"",FALSE,
"""024EC8-14101-20* AND businessUnit_s:Accu-Tech AND shipLocation_s:13429 AND advancedPartSearch:Y AND businessUnit_s:Accu-Tech"", ""userName_s"": """", ""refNum_s"": ""100012447""",TRUE,
""" T00025142* AND businessUnit_s:Accu-Tech AND shipLocation_s:15428 AND advancedPartSearch:Y AND businessUnit_s:Accu-Tech"", ""userName_s"": """", ""refNum_s"": ""100012447""",TRUE,
"""*:* AND transPartOrFilter:(transactablePart_s:JP4DX2A23) AND salesLocation_s:66708 AND shipLocation_s:12008 AND dcLocation_s:7305 AND customerAccount_s:AC0003-5227 AND businessUnit_s:WESCO"", ""userName_s"": ""Doug Lindsay"", ""refNum_s"": ""QU100030157""",FALSE,
"""5r1ud-s12* AND salesLocation_s:61996 AND shipLocation_s:12304 AND customerAccount_s:AC0163-3998 AND businessUnit_s:Accu-Tech"", ""userName_s"": ""Nathan Ward"", ""refNum_s"": """"",TRUE,
"""10 AND shipLocation_s:13603 AND businessUnit_s:Accu-Tech"", ""userName_s"": ""236163"", ""refNum_s"": ""613831""",TRUE,
"""TUNINGS FEE* AND salesLocation_s:62471 AND shipLocation_s:14509 AND customerAccount_s:AC0161-9597 AND businessUnit_s:Accu-Tech"", ""userName_s"": ""Patrick Allen"", ""refNum_s"": """"",TRUE,
"""40159-009 AND shipLocation_s:13603 AND businessUnit_s:Accu-Tech"", ""userName_s"": ""236163"", ""refNum_s"": ""613831""",TRUE,
"""cch AND businessUnit_s:Accu-Tech"", ""userName_s"": ""328947"", ""refNum_s"": ""614539""",TRUE,
"""1LAN-PAAS-PP-HOS* AND salesLocation_s:62395 AND shipLocation_s:12702 AND customerAccount_s:AC0163-5286 AND businessUnit_s:Accu-Tech"", ""userName_s"": ""Ryan Thenell"", ""refNum_s"": """"",TRUE,
"""BRP-19-2-75* AND salesLocation_s:62395 AND shipLocation_s:12702 AND customerAccount_s:AC0163-5286 AND businessUnit_s:Accu-Tech"", ""userName_s"": ""Ryan Thenell"", ""refNum_s"": """"",TRUE,
"""BRP-19-2-75* AND salesLocation_s:62395 AND shipLocation_s:12702 AND customerAccount_s:AC0163-5286 AND businessUnit_s:Accu-Tech"", ""userName_s"": ""Ryan Thenell"", ""refNum_s"": """"",TRUE,
"""CHATSWORTH PDU BRACKET EVOLT AND shipLocation_s:12114 AND businessUnit_s:Accu-Tech"", ""userName_s"": ""235882"", ""refNum_s"": ""614519""",TRUE,
"""CHATSWORTH PDU BRACKET EVO AND shipLocation_s:12114 AND businessUnit_s:Accu-Tech"", ""userName_s"": ""235882"", ""refNum_s"": ""614519""",TRUE,
"""phdhju24 AND shipLocation_s:16023 AND businessUnit_s:Accu-Tech"", ""userName_s"": ""312371"", ""refNum_s"": ""612937""",TRUE,
"""phd AND shipLocation_s:16023 AND businessUnit_s:Accu-Tech"", ""userName_s"": ""312371"", ""refNum_s"": ""612937""",TRUE,
"""CHATSWORTH PDU AND shipLocation_s:12114 AND businessUnit_s:Accu-Tech"", ""userName_s"": ""235882"", ""refNum_s"": ""614519""",TRUE,
"""SF100PG AND shipLocation_s:12601 AND businessUnit_s:Accu-Tech"", ""userName_s"": ""211557"", ""refNum_s"": ""614517""",TRUE,
"""PCBL-1T3-22-2M* AND salesLocation_s:62395 AND shipLocation_s:12702 AND customerAccount_s:AC0163-5286 AND businessUnit_s:Accu-Tech"", ""userName_s"": ""Ryan Thenell"", ""refNum_s"": """"",TRUE,
"""1LAN-D920CC-6* AND salesLocation_s:62395 AND shipLocation_s:12702 AND customerAccount_s:AC0163-5286 AND businessUnit_s:Accu-Tech"", ""userName_s"": ""Ryan Thenell"", ""refNum_s"": """"",TRUE,
"""TKT-UNICAM-PFC* AND salesLocation_s:69609 AND shipLocation_s:12702 AND customerAccount_s:AC0160-2001 AND businessUnit_s:Accu-Tech"", ""userName_s"": ""Matthew Zito"", ""refNum_s"": """"",TRUE,
"""RST-000* AND salesLocation_s:69609 AND shipLocation_s:12702 AND customerAccount_s:AC0160-2001 AND businessUnit_s:Accu-Tech"", ""userName_s"": ""Matthew Zito"", ""refNum_s"": """"",TRUE,
"""95-200-51* AND salesLocation_s:69609 AND shipLocation_s:12702 AND customerAccount_s:AC0160-2001 AND businessUnit_s:Accu-Tech"", ""userName_s"": ""Matthew Zito"", ""refNum_s"": """"",TRUE,
"""40605* AND salesLocation_s:62531 AND shipLocation_s:15625 AND customerAccount_s:AC0159-8575 AND businessUnit_s:Accu-Tech"", ""userName_s"": ""Christian Beaudet"", ""refNum_s"": """"",TRUE,
"""BCH21-W2 AND businessUnit_s:Accu-Tech"", ""userName_s"": ""327282"", ""refNum_s"": """"",TRUE,
"""smb-2p- AND shipLocation_s:13603 AND businessUnit_s:Accu-Tech"", ""userName_s"": ""236163"", ""refNum_s"": ""613831""",TRUE,
"""*:* AND transPartOrFilter:(transactablePart_s:1000159AT OR transactablePart_s:1002927AT OR transactablePart_s:1016158AT OR transactablePart_s:1000594AT OR transactablePart_s:1002822AT OR transactablePart_s:1006976AT OR transactablePart_s:1000691AT OR transactablePart_s:1015954AT OR transactablePart_s:1028467AT OR transactablePart_s:1002095AT OR transactablePart_s:1004588AT OR transactablePart_s:1007703AT OR transactablePart_s:1005402AT OR transactablePart_s:1006976AT OR transactablePart_s:1004732AT OR transactablePart_s:1023428AT OR transactablePart_s:1006342AT OR transactablePart_s:1000917AT OR transactablePart_s:1004732AT OR transactablePart_s:1000410AT OR transactablePart_s:1049270AT OR transactablePart_s:1001505AT OR transactablePart_s:1001915AT OR transactablePart_s:1000323AT OR transactablePart_s:1007181AT OR transactablePart_s:1005402AT OR transactablePart_s:1007776AT OR transactablePart_s:1006485AT OR transactablePart_s:1001134AT OR transactablePart_s:1000242AT OR transactablePart_s:1001662AT OR transactablePart_s:1026317AT OR transactablePart_s:1006365AT) AND salesLocation_s:62401 AND shipLocation_s:12601 AND customerAccount_s:AC0158-4062 AND businessUnit_s:Accu-Tech"", ""userName_s"": ""Brent Campbell"", ""refNum_s"": ""100078733""",TRUE,
"""YA9EL2A23* AND salesLocation_s:60682 AND shipLocation_s:15408 AND customerAccount_s:AC0011-8872 AND dcLocation_s:7305 AND businessUnit_s:WESCO"", ""userName_s"": ""Shanell Wade"", ""refNum_s"": """"",FALSE,
"""11807-725 AND businessUnit_s:Accu-Tech"", ""userName_s"": ""228294"", ""refNum_s"": """"",TRUE,
"""MR-SFPSGT AND shipLocation_s:16023 AND businessUnit_s:Accu-Tech"", ""userName_s"": ""326749"", ""refNum_s"": ""614514""",TRUE,
"""13622-712 AND shipLocation_s:16011 AND businessUnit_s:Accu-Tech"", ""userName_s"": ""322620"", ""refNum_s"": ""614115""",TRUE,
"""CCH-CS24- AND businessUnit_s:Accu-Tech"", ""userName_s"": ""227658"", ""refNum_s"": ""613930""",TRUE,
"""CCH-CS24 AND businessUnit_s:Accu-Tech"", ""userName_s"": ""227658"", ""refNum_s"": ""613930""",TRUE,
"""epx-1u AND shipLocation_s:13603 AND businessUnit_s:Accu-Tech"", ""userName_s"": ""236163"", ""refNum_s"": ""613831""",TRUE,
"""P018-006* AND businessUnit_s:Accu-Tech AND shipLocation_s:15625 AND advancedPartSearch:Y AND businessUnit_s:Accu-Tech"", ""userName_s"": """", ""refNum_s"": ""100012447""",TRUE,
"""4BRT64 AND shipLocation_s:14506 AND businessUnit_s:Accu-Tech"", ""userName_s"": ""320529"", ""refNum_s"": ""614365""",TRUE,
"""BLJSU302-15B AND shipLocation_s:15609 AND businessUnit_s:Accu-Tech"", ""userName_s"": ""234627"", ""refNum_s"": ""614299""",TRUE,
"""ax105354-bk AND shipLocation_s:12702 AND businessUnit_s:Accu-Tech"", ""userName_s"": ""212861"", ""refNum_s"": ""614117""",TRUE,
"""934* AND salesLocation_s:60001 AND shipLocation_s:12619 AND customerAccount_s:AC0200-3234 AND dcLocation_s:7302 AND businessUnit_s:WESCO"", ""userName_s"": ""Sam Alford"", ""refNum_s"": """"",FALSE,
"""smx3000lvnc* AND salesLocation_s:62530 AND shipLocation_s:15642 AND customerAccount_s:AC0158-1585 AND businessUnit_s:Accu-Tech"", ""userName_s"": ""Simon Ruppert"", ""refNum_s"": """"",TRUE,
"""cj32hacssbc AND shipLocation_s:14506 AND businessUnit_s:Accu-Tech"", ""userName_s"": ""209989"", ""refNum_s"": ""614402""",TRUE,
"""BHVHH06 AND shipLocation_s:15609 AND businessUnit_s:Accu-Tech"", ""userName_s"": ""234627"", ""refNum_s"": ""614299""",TRUE,
"""CS03-019-429 AND shipLocation_s:12114 AND businessUnit_s:Accu-Tech"", ""userName_s"": ""235882"", ""refNum_s"": ""614484""",TRUE,
"""GJ8-KIT AND businessUnit_s:Accu-Tech"", ""userName_s"": ""233601"", ""refNum_s"": """"",TRUE,
"""40300159 AND shipLocation_s:14112 AND businessUnit_s:Accu-Tech"", ""userName_s"": ""221887"", ""refNum_s"": ""614475""",TRUE,
"""dc AND shipLocation_s:12114 AND businessUnit_s:Accu-Tech"", ""userName_s"": ""235882"", ""refNum_s"": ""614484""",TRUE,
"""var2-poe-i8-1* AND salesLocation_s:62395 AND shipLocation_s:12702 AND customerAccount_s:AC0158-2992 AND businessUnit_s:Accu-Tech"", ""userName_s"": ""Steve Kurtinitis"", ""refNum_s"": """"",TRUE,
"""CPC3312-02F030 AND shipLocation_s:15642 AND businessUnit_s:Accu-Tech"", ""userName_s"": ""208850"", ""refNum_s"": ""614485""",TRUE,
"""var2-poe-i8-1* AND salesLocation_s:62395 AND shipLocation_s:12702 AND customerAccount_s:AC0158-2992 AND businessUnit_s:Accu-Tech"", ""userName_s"": ""Steve Kurtinitis"", ""refNum_s"": """"",TRUE,
"""760248521* AND businessUnit_s:Accu-Tech AND shipLocation_s:15428 AND advancedPartSearch:Y AND businessUnit_s:Accu-Tech"", ""userName_s"": """", ""refNum_s"": ""100012447""",TRUE,
"""EWP164PRC AND shipLocation_s:12601 AND businessUnit_s:Accu-Tech"", ""userName_s"": ""219448"", ""refNum_s"": ""613653""",TRUE,
"""44-751-8C6* AND salesLocation_s:62471 AND shipLocation_s:14509 AND customerAccount_s:AC0161-9597 AND businessUnit_s:Accu-Tech"", ""userName_s"": ""Patrick Allen"", ""refNum_s"": """"",TRUE,
"""18412* AND salesLocation_s:60697 AND shipLocation_s:16014 AND customerAccount_s:AC0000-0821 AND dcLocation_s:5689 AND businessUnit_s:WESCO"", ""userName_s"": ""Jennifer Lee"", ""refNum_s"": """"",FALSE,
"""CCH-CS-PST AND shipLocation_s:11411 AND businessUnit_s:Accu-Tech"", ""userName_s"": ""302766"", ""refNum_s"": ""614486""",TRUE,
"""PND-A9081RV* AND businessUnit_s:Accu-Tech AND shipLocation_s:11726 AND advancedPartSearch:Y AND businessUnit_s:Accu-Tech"", ""userName_s"": """", ""refNum_s"": ""100012447""",TRUE,
"""760248525* AND businessUnit_s:Accu-Tech AND shipLocation_s:15428 AND advancedPartSearch:Y AND businessUnit_s:Accu-Tech"", ""userName_s"": """", ""refNum_s"": ""100012447""",TRUE,
"""TES3FD_97FT-H4-FLANGE-STR* AND salesLocation_s:60001 AND shipLocation_s:12619 AND customerAccount_s:AC0001-4164 AND dcLocation_s:7302 AND businessUnit_s:WESCO"", ""userName_s"": ""John Allgaier"", ""refNum_s"": """"",FALSE,
"""TES3FD* AND salesLocation_s:60001 AND shipLocation_s:12619 AND customerAccount_s:AC0001-4164 AND dcLocation_s:7302 AND businessUnit_s:WESCO"", ""userName_s"": ""John Allgaier"", ""refNum_s"": """"",FALSE,
"""SF50PG* AND salesLocation_s:62401 AND shipLocation_s:12601 AND customerAccount_s:AC0196-8079 AND businessUnit_s:Accu-Tech"", ""userName_s"": ""Nolan Ostrander"", ""refNum_s"": """"",TRUE,
"""6300 AND shipLocation_s:14802 AND businessUnit_s:Accu-Tech"", ""userName_s"": ""208873"", ""refNum_s"": ""614463""",TRUE,
"""ax102652 AND shipLocation_s:11305 AND businessUnit_s:Accu-Tech"", ""userName_s"": ""337844"", ""refNum_s"": ""614372""",TRUE,
"""1053888AT* AND businessUnit_s:Accu-Tech AND shipLocation_s:13429 AND advancedPartSearch:Y AND businessUnit_s:Accu-Tech"", ""userName_s"": """", ""refNum_s"": ""100012447""",TRUE,
"""sr AND shipLocation_s:12304 AND businessUnit_s:Accu-Tech"", ""userName_s"": ""233642"", ""refNum_s"": ""614336""",TRUE,
"""sbx-ixg AND businessUnit_s:Accu-Tech"", ""userName_s"": ""235307"", ""refNum_s"": ""614464""",TRUE,
"""gj61 AND shipLocation_s:14802 AND businessUnit_s:Accu-Tech"", ""userName_s"": ""208873"", ""refNum_s"": ""614463""",TRUE,
"""ixg AND businessUnit_s:Accu-Tech"", ""userName_s"": ""235307"", ""refNum_s"": ""614464""",TRUE,
"""33544-E21* AND salesLocation_s:62532 AND shipLocation_s:11726 AND customerAccount_s:AC0158-2155 AND businessUnit_s:Accu-Tech"", ""userName_s"": ""Austin Collins"", ""refNum_s"": """"",TRUE,
"""UN884019904/10* AND salesLocation_s:62395 AND shipLocation_s:12702 AND customerAccount_s:AC0158-2749 AND businessUnit_s:Accu-Tech"", ""userName_s"": ""Parker Mitchell"", ""refNum_s"": """"",TRUE,
"""*:* AND businessUnit_s:Accu-Tech AND shipLocation_s:12702 AND taxonomy_level_1_s:(\""B22-Wire and Cable\"") AND advancedPartSearch:Y AND businessUnit_s:Accu-Tech"", ""userName_s"": """", ""refNum_s"": ""100012447""",TRUE,
"""6T-272* AND businessUnit_s:Accu-Tech AND shipLocation_s:12702 AND advancedPartSearch:Y AND businessUnit_s:Accu-Tech"", ""userName_s"": """", ""refNum_s"": ""100012447""",TRUE,
"""024EWP-T4101D20 AND shipLocation_s:12601 AND businessUnit_s:Accu-Tech"", ""userName_s"": ""201238"", ""refNum_s"": ""614460""",TRUE,
"""*:* AND transPartOrFilter:(transactablePart_s:DG87Z55Z6 OR transactablePart_s:BE5Z55499 OR transactablePart_s:BD8966247 OR transactablePart_s:BD795988Z OR transactablePart_s:BD796Y566 OR transactablePart_s:BD796Y522 OR transactablePart_s:DG874Z838) AND salesLocation_s:61171 AND shipLocation_s:12402 AND dcLocation_s:7302 AND customerAccount_s:AC0001-5961 AND businessUnit_s:WESCO"", ""userName_s"": ""Danny Jenkins"", ""refNum_s"": ""QU100030448""",FALSE,
"""MCC-WFW* AND salesLocation_s:61997 AND shipLocation_s:12114 AND customerAccount_s:AC0188-9902 AND businessUnit_s:Accu-Tech"", ""userName_s"": ""Ignacio Torres"", ""refNum_s"": """"",TRUE,
"""BCH32-W1 AND shipLocation_s:16011 AND businessUnit_s:Accu-Tech"", ""userName_s"": ""322620"", ""refNum_s"": ""614451""",TRUE,
"""ct6-poe-r* AND salesLocation_s:62399 AND shipLocation_s:15812 AND customerAccount_s:AC0160-7835 AND businessUnit_s:Accu-Tech"", ""userName_s"": ""Patrick Sweeney"", ""refNum_s"": """"",TRUE,
"""PAINT-CHARGE-T1-MTE AND shipLocation_s:14611 AND businessUnit_s:Accu-Tech"", ""userName_s"": ""303596"", ""refNum_s"": ""614450""",TRUE,
"""779 allied bolt* AND salesLocation_s:60001 AND shipLocation_s:12619 AND customerAccount_s:AC0200-3234 AND dcLocation_s:7302 AND businessUnit_s:WESCO"", ""userName_s"": ""Sam Alford"", ""refNum_s"": """"",FALSE,
"""sl AND businessUnit_s:Accu-Tech"", ""userName_s"": ""313507"", ""refNum_s"": """"",TRUE,
"""cs37 AND shipLocation_s:15642 AND businessUnit_s:Accu-Tech"", ""userName_s"": ""311815"", ""refNum_s"": ""614422""",TRUE,
"""1000-36L AND shipLocation_s:14611 AND businessUnit_s:Accu-Tech"", ""userName_s"": ""226411"", ""refNum_s"": ""614373""",TRUE,
"""048EUF-T4101D20* AND salesLocation_s:67019 AND shipLocation_s:12702 AND customerAccount_s:AC0186-3068 AND businessUnit_s:Accu-Tech"", ""userName_s"": ""Theresa Mills"", ""refNum_s"": """"",TRUE,
"""10506-706* AND salesLocation_s:62533 AND shipLocation_s:11102 AND customerAccount_s:AC0158-9243 AND businessUnit_s:Accu-Tech"", ""userName_s"": ""Steven King"", ""refNum_s"": """"",TRUE,
"""ECMUM0804E8GULLZ* AND salesLocation_s:60373 AND shipLocation_s:13429 AND customerAccount_s:AC0159-0721 AND businessUnit_s:Accu-Tech"", ""userName_s"": ""Alison Moody"", ""refNum_s"": """"",TRUE,
"""unj600-gn* AND salesLocation_s:61996 AND shipLocation_s:12304 AND customerAccount_s:AC0158-0774 AND businessUnit_s:Accu-Tech"", ""userName_s"": ""Nathan Ward"", ""refNum_s"": """"",TRUE,
"""31086 AND shipLocation_s:13429 AND businessUnit_s:Accu-Tech"", ""userName_s"": ""307614"", ""refNum_s"": ""613952""",TRUE,
"""11421-012* AND businessUnit_s:Accu-Tech AND shipLocation_s:12702 AND advancedPartSearch:Y AND businessUnit_s:Accu-Tech"", ""userName_s"": """", ""refNum_s"": ""100012447""",TRUE,
"""F10007 AND shipLocation_s:12908 AND businessUnit_s:Accu-Tech"", ""userName_s"": ""321469"", ""refNum_s"": ""614423""",TRUE,
"""OM3 6F* AND businessUnit_s:Accu-Tech AND shipLocation_s:12304 AND advancedPartSearch:Y AND businessUnit_s:Accu-Tech"", ""userName_s"": """", ""refNum_s"": ""100012447""",TRUE,
"""NK1FWHY* AND salesLocation_s:62532 AND shipLocation_s:11726 AND customerAccount_s:AC0162-3694 AND businessUnit_s:Accu-Tech"", ""userName_s"": ""John Croucher"", ""refNum_s"": """"",TRUE,
"""m20ap- AND shipLocation_s:11411 AND businessUnit_s:Accu-Tech"", ""userName_s"": ""302766"", ""refNum_s"": ""614421""",TRUE,
"""IO-014B02RC-01* AND salesLocation_s:62532 AND shipLocation_s:11726 AND customerAccount_s:AC0163-5285 AND businessUnit_s:Accu-Tech"", ""userName_s"": ""JR Luck"", ""refNum_s"": """"",TRUE,
"""663259 AND shipLocation_s:12908 AND businessUnit_s:Accu-Tech"", ""userName_s"": ""321469"", ""refNum_s"": ""614423""",TRUE,
"""5r1 AND shipLocation_s:13429 AND businessUnit_s:Accu-Tech"", ""userName_s"": ""307614"", ""refNum_s"": ""613952""",TRUE,
"""CS65-560-853* AND salesLocation_s:62530 AND shipLocation_s:15642 AND customerAccount_s:AC0159-9478 AND businessUnit_s:Accu-Tech"", ""userName_s"": ""Greg Griffo"", ""refNum_s"": """"",TRUE,
"""CS65-560-853* AND salesLocation_s:62530 AND shipLocation_s:15642 AND customerAccount_s:AC0159-9478 AND businessUnit_s:Accu-Tech"", ""userName_s"": ""Greg Griffo"", ""refNum_s"": """"",TRUE,
"""cchcs12a9p00re* AND salesLocation_s:62680 AND shipLocation_s:14205 AND customerAccount_s:AC0200-3743 AND businessUnit_s:Accu-Tech"", ""userName_s"": ""Sean Stazen"", ""refNum_s"": """"",TRUE,
"""DWC-MVC8WiATW AND shipLocation_s:12908 AND businessUnit_s:Accu-Tech"", ""userName_s"": ""233430"", ""refNum_s"": ""614417""",TRUE,
"""AX102652 AND shipLocation_s:11305 AND businessUnit_s:Accu-Tech"", ""userName_s"": ""337844"", ""refNum_s"": ""614372""",TRUE,
"""ATR3 AND shipLocation_s:12601 AND businessUnit_s:Accu-Tech"", ""userName_s"": ""219448"", ""refNum_s"": ""614305""",TRUE,
"""CVN150PG* AND salesLocation_s:62401 AND shipLocation_s:12601 AND customerAccount_s:AC0196-8079 AND businessUnit_s:Accu-Tech"", ""userName_s"": ""Nolan Ostrander"", ""refNum_s"": """"",TRUE,
"""TAA-TB03-0700C4D-NN AND businessUnit_s:Accu-Tech"", ""userName_s"": ""332869"", ""refNum_s"": ""614388""",TRUE,
"""M58281B* AND salesLocation_s:62532 AND shipLocation_s:11726 AND customerAccount_s:AC0162-3694 AND businessUnit_s:Accu-Tech"", ""userName_s"": ""John Croucher"", ""refNum_s"": """"",TRUE,
"""CVN100PG* AND salesLocation_s:62401 AND shipLocation_s:12601 AND customerAccount_s:AC0196-8079 AND businessUnit_s:Accu-Tech"", ""userName_s"": ""Nolan Ostrander"", ""refNum_s"": """"",TRUE,
"""CCU250* AND businessUnit_s:Accu-Tech AND shipLocation_s:12114 AND advancedPartSearch:Y AND businessUnit_s:Accu-Tech"", ""userName_s"": """", ""refNum_s"": ""100012447""",TRUE,
"""GT-NFF-AL* AND salesLocation_s:62530 AND shipLocation_s:15642 AND customerAccount_s:AC0159-9478 AND businessUnit_s:Accu-Tech"", ""userName_s"": ""Greg Griffo"", ""refNum_s"": """"",TRUE,
"""3285810* AND salesLocation_s:60627 AND shipLocation_s:14507 AND customerAccount_s:AC0016-0547 AND dcLocation_s:7303 AND businessUnit_s:WESCO"", ""userName_s"": ""Mark Melton"", ""refNum_s"": """"",FALSE,
"""brt AND shipLocation_s:13429 AND businessUnit_s:Accu-Tech"", ""userName_s"": ""307614"", ""refNum_s"": ""613952""",TRUE,
"""9PX1500RTN-L AND shipLocation_s:13429 AND businessUnit_s:Accu-Tech"", ""userName_s"": ""307614"", ""refNum_s"": ""613952""",TRUE,
"""mt15-485 AND shipLocation_s:14611 AND businessUnit_s:Accu-Tech"", ""userName_s"": ""240568"", ""refNum_s"": ""614412""",TRUE,
"""6200ue AND shipLocation_s:11411 AND businessUnit_s:Accu-Tech"", ""userName_s"": ""302766"", ""refNum_s"": ""610799""",TRUE,
"""6200 AND shipLocation_s:11411 AND businessUnit_s:Accu-Tech"", ""userName_s"": ""302766"", ""refNum_s"": ""610799""",TRUE,
"""cch-01u AND shipLocation_s:14611 AND businessUnit_s:Accu-Tech"", ""userName_s"": ""226411"", ""refNum_s"": ""614373""",TRUE,
"""77-240-2B* AND salesLocation_s:62536 AND shipLocation_s:15609 AND customerAccount_s:AC0159-0427 AND businessUnit_s:Accu-Tech"", ""userName_s"": ""Jason Jarvis"", ""refNum_s"": """"",TRUE,
"""41084-0b AND shipLocation_s:14506 AND businessUnit_s:Accu-Tech"", ""userName_s"": ""209989"", ""refNum_s"": ""614402""",TRUE,
"""55 AND shipLocation_s:14611 AND businessUnit_s:Accu-Tech"", ""userName_s"": ""226411"", ""refNum_s"": ""614373""",TRUE,
"""NM-LCF12-C03* AND salesLocation_s:62530 AND shipLocation_s:15642 AND customerAccount_s:AC0159-9478 AND businessUnit_s:Accu-Tech"", ""userName_s"": ""Greg Griffo"", ""refNum_s"": """"",TRUE,
"""OR-SPKSU24 AND shipLocation_s:12702 AND businessUnit_s:Accu-Tech"", ""userName_s"": ""212861"", ""refNum_s"": ""614117""",TRUE,
"""RACKCOND1701 AND businessUnit_s:Accu-Tech"", ""userName_s"": ""332869"", ""refNum_s"": ""614388""",TRUE,
"""QM32C* AND salesLocation_s:62401 AND shipLocation_s:12601 AND customerAccount_s:AC0158-3380 AND businessUnit_s:Accu-Tech"", ""userName_s"": ""Aryan Javan"", ""refNum_s"": """"",TRUE,
"""SCF-ST-099* AND businessUnit_s:Accu-Tech AND shipLocation_s:13429 AND advancedPartSearch:Y AND businessUnit_s:Accu-Tech"", ""userName_s"": """", ""refNum_s"": ""100012447""",TRUE,
"""CAT16HP4Z34* AND salesLocation_s:62474 AND shipLocation_s:13417 AND customerAccount_s:AC0158-6317 AND businessUnit_s:Accu-Tech"", ""userName_s"": ""Kelly Szymanski"", ""refNum_s"": """"",TRUE,
"""vr AND shipLocation_s:12114 AND businessUnit_s:Accu-Tech"", ""userName_s"": ""235327"", ""refNum_s"": ""614399""",TRUE,
"""E4DRS19F AND shipLocation_s:12702 AND businessUnit_s:Accu-Tech"", ""userName_s"": ""212861"", ""refNum_s"": ""614117""",TRUE,
"""FI-1000-KIT AND shipLocation_s:15609 AND businessUnit_s:Accu-Tech"", ""userName_s"": ""337705"", ""refNum_s"": ""614398""",TRUE,
"""10506-706 AND shipLocation_s:12702 AND businessUnit_s:Accu-Tech"", ""userName_s"": ""212861"", ""refNum_s"": ""614117""",TRUE,
"""C1-US AND businessUnit_s:Accu-Tech"", ""userName_s"": ""332869"", ""refNum_s"": ""614388""",TRUE,
"""CPP-UDDM-M-2U-48 AND shipLocation_s:13417 AND businessUnit_s:Accu-Tech"", ""userName_s"": ""308716"", ""refNum_s"": ""614238""",TRUE,
"""576-110-005 AND shipLocation_s:14611 AND businessUnit_s:Accu-Tech"", ""userName_s"": ""226411"", ""refNum_s"": ""614373""",TRUE,
"""760162826* AND salesLocation_s:62679 AND shipLocation_s:12908 AND customerAccount_s:AC0158-0571 AND businessUnit_s:Accu-Tech"", ""userName_s"": ""Chad Schroeder"", ""refNum_s"": """"",TRUE,
"""DISP-HD-6ST* AND salesLocation_s:62395 AND shipLocation_s:12702 AND customerAccount_s:AC0161-8088 AND businessUnit_s:Accu-Tech"", ""userName_s"": ""Zach Kahn"", ""refNum_s"": """"",TRUE,
"""61110- AND shipLocation_s:14611 AND businessUnit_s:Accu-Tech"", ""userName_s"": ""226411"", ""refNum_s"": ""614373""",TRUE,
"""UN874019914/10 AND shipLocation_s:13603 AND businessUnit_s:Accu-Tech"", ""userName_s"": ""332229"", ""refNum_s"": ""613867""",TRUE,
"""FRMPAD1 AND shipLocation_s:12702 AND businessUnit_s:Accu-Tech"", ""userName_s"": """", ""refNum_s"": ""614364""",TRUE,
"""cs34p-6w AND shipLocation_s:13603 AND businessUnit_s:Accu-Tech"", ""userName_s"": ""332229"", ""refNum_s"": ""613867""",TRUE,
"""760092403* AND salesLocation_s:62747 AND shipLocation_s:11411 AND customerAccount_s:AC0159-1043 AND businessUnit_s:Accu-Tech"", ""userName_s"": ""Thomas Cousins"", ""refNum_s"": """"",TRUE,
"""BFN AND shipLocation_s:12702 AND businessUnit_s:Accu-Tech"", ""userName_s"": """", ""refNum_s"": ""614364""",TRUE,
"""apdu9941* AND salesLocation_s:62747 AND shipLocation_s:11411 AND customerAccount_s:AC0159-1043 AND businessUnit_s:Accu-Tech"", ""userName_s"": ""Thomas Cousins"", ""refNum_s"": """"",TRUE,
"""ar3100b2* AND salesLocation_s:62747 AND shipLocation_s:11411 AND customerAccount_s:AC0159-1043 AND businessUnit_s:Accu-Tech"", ""userName_s"": ""Thomas Cousins"", ""refNum_s"": """"",TRUE,
"""576-125-001 AND shipLocation_s:12908 AND businessUnit_s:Accu-Tech"", ""userName_s"": ""321469"", ""refNum_s"": ""614352""",TRUE,
"""77-2 AND shipLocation_s:15609 AND businessUnit_s:Accu-Tech"", ""userName_s"": ""226022"", ""refNum_s"": ""614366""",TRUE,
"""43080-1l4 AND shipLocation_s:14611 AND businessUnit_s:Accu-Tech"", ""userName_s"": ""226411"", ""refNum_s"": ""614373""",TRUE,
"""SCF-6C22-01-72* AND businessUnit_s:Accu-Tech AND shipLocation_s:13429 AND advancedPartSearch:Y AND businessUnit_s:Accu-Tech"", ""userName_s"": """", ""refNum_s"": ""100012447""",TRUE,
"""760257321 AND shipLocation_s:13002 AND businessUnit_s:Accu-Tech"", ""userName_s"": ""233601"", ""refNum_s"": ""614374""",TRUE,
"""TSRW-JB3* AND salesLocation_s:62530 AND shipLocation_s:15642 AND customerAccount_s:AC0159-0504 AND businessUnit_s:Accu-Tech"", ""userName_s"": ""Simon Ruppert"", ""refNum_s"": """"",TRUE,
"""cf AND shipLocation_s:15009 AND businessUnit_s:Accu-Tech"", ""userName_s"": ""231421"", ""refNum_s"": ""613503""",TRUE,
"""CJ6X88TGWH AND shipLocation_s:11726 AND businessUnit_s:Accu-Tech"", ""userName_s"": ""327898"", ""refNum_s"": ""614256""",TRUE,
"""760117960* AND salesLocation_s:62471 AND shipLocation_s:14509 AND customerAccount_s:AC0161-9597 AND businessUnit_s:Accu-Tech"", ""userName_s"": ""Patrick Allen"", ""refNum_s"": """"",TRUE,
"""PDPK024FB3010/F5 * AND businessUnit_s:Accu-Tech AND shipLocation_s:14611 AND advancedPartSearch:Y AND businessUnit_s:Accu-Tech"", ""userName_s"": """", ""refNum_s"": ""100012447""",TRUE,
"""ar3100* AND salesLocation_s:62747 AND shipLocation_s:11411 AND customerAccount_s:AC0159-1043 AND businessUnit_s:Accu-Tech"", ""userName_s"": ""Thomas Cousins"", ""refNum_s"": """"",TRUE,
"""ix-d AND shipLocation_s:15625 AND businessUnit_s:Accu-Tech"", ""userName_s"": ""307308"", ""refNum_s"": ""614358""",TRUE,
"""FAP6WEIDSCZ* AND salesLocation_s:62471 AND shipLocation_s:14509 AND customerAccount_s:AC0161-9597 AND businessUnit_s:Accu-Tech"", ""userName_s"": ""Patrick Allen"", ""refNum_s"": """"",TRUE,
"""cs44 AND shipLocation_s:13417 AND businessUnit_s:Accu-Tech"", ""userName_s"": ""308716"", ""refNum_s"": ""614238""",TRUE,
"""PUP6AS04BU-GZ AND shipLocation_s:13603 AND businessUnit_s:Accu-Tech"", ""userName_s"": ""227835"", ""refNum_s"": ""614360""",TRUE,
"""PUP AND shipLocation_s:13603 AND businessUnit_s:Accu-Tech"", ""userName_s"": ""227835"", ""refNum_s"": ""614360""",TRUE,
"""566-135-010 AND shipLocation_s:11102 AND businessUnit_s:Accu-Tech"", ""userName_s"": ""238320"", ""refNum_s"": ""614279""",TRUE,
"""11310-001* AND salesLocation_s:61963 AND shipLocation_s:16041 AND customerAccount_s:AC0158-0488 AND businessUnit_s:Accu-Tech"", ""userName_s"": ""Jeff Jones"", ""refNum_s"": """"",TRUE,
"""HXJ6Y AND shipLocation_s:12908 AND businessUnit_s:Accu-Tech"", ""userName_s"": ""321469"", ""refNum_s"": ""614352""",TRUE,
"""EX-S AND shipLocation_s:11102 AND businessUnit_s:Accu-Tech"", ""userName_s"": ""206552"", ""refNum_s"": ""614316""",TRUE,
"""108258419 AND shipLocation_s:16041 AND businessUnit_s:Accu-Tech"", ""userName_s"": ""228064"", ""refNum_s"": ""613516""",TRUE,
"""JNP-QSFP- AND shipLocation_s:11102 AND businessUnit_s:Accu-Tech"", ""userName_s"": ""206552"", ""refNum_s"": ""614316""",TRUE,
"""FSTN912 AND shipLocation_s:11726 AND businessUnit_s:Accu-Tech"", ""userName_s"": ""327898"", ""refNum_s"": ""614256""",TRUE,
"""522 AND shipLocation_s:15642 AND businessUnit_s:Accu-Tech"", ""userName_s"": ""313136"", ""refNum_s"": ""608447""",TRUE,
"""41075-dbe* AND businessUnit_s:Accu-Tech AND shipLocation_s:15625 AND advancedPartSearch:Y AND businessUnit_s:Accu-Tech"", ""userName_s"": """", ""refNum_s"": ""100012447""",TRUE,
"""0404 AND shipLocation_s:15609 AND businessUnit_s:Accu-Tech"", ""userName_s"": ""226022"", ""refNum_s"": ""614315""",TRUE,
"""048 AND businessUnit_s:Accu-Tech"", ""userName_s"": ""328947"", ""refNum_s"": ""613802""",TRUE,
"""FCC-Cleaner AND shipLocation_s:15609 AND businessUnit_s:Accu-Tech"", ""userName_s"": ""226022"", ""refNum_s"": ""614315""",TRUE,
"""C-10-UW-43-Ai6* AND businessUnit_s:Accu-Tech AND shipLocation_s:12702 AND advancedPartSearch:Y AND businessUnit_s:Accu-Tech"", ""userName_s"": """", ""refNum_s"": ""100012447""",TRUE,
"""JNP-QSF-100G-LR4 AND shipLocation_s:11102 AND businessUnit_s:Accu-Tech"", ""userName_s"": ""206552"", ""refNum_s"": ""614316""",TRUE,
"""L4HM-D* AND businessUnit_s:Accu-Tech AND shipLocation_s:12702 AND advancedPartSearch:Y AND businessUnit_s:Accu-Tech"", ""userName_s"": """", ""refNum_s"": ""100012447""",TRUE,
"""11301-701 AND shipLocation_s:14611 AND businessUnit_s:Accu-Tech"", ""userName_s"": ""303596"", ""refNum_s"": ""614307""",TRUE,
"""7131100* AND salesLocation_s:62681 AND shipLocation_s:14611 AND customerAccount_s:AC0158-9292 AND businessUnit_s:Accu-Tech"", ""userName_s"": ""Joshua Luffman"", ""refNum_s"": """"",TRUE,
"""fan-bt2 AND shipLocation_s:12304 AND businessUnit_s:Accu-Tech"", ""userName_s"": ""308638"", ""refNum_s"": ""614277""",TRUE,
"""0503706 AND shipLocation_s:16023 AND businessUnit_s:Accu-Tech"", ""userName_s"": ""339483"", ""refNum_s"": ""613495""",TRUE,
"""CF150/300EZ AND shipLocation_s:11726 AND businessUnit_s:Accu-Tech"", ""userName_s"": ""327898"", ""refNum_s"": ""614256""",TRUE,
"""6005bk* AND businessUnit_s:Accu-Tech AND shipLocation_s:13429 AND advancedPartSearch:Y AND businessUnit_s:Accu-Tech"", ""userName_s"": """", ""refNum_s"": ""100012447""",TRUE,
"""WQS-02P* AND salesLocation_s:62395 AND shipLocation_s:12702 AND customerAccount_s:AC0158-2999 AND businessUnit_s:Accu-Tech"", ""userName_s"": ""Melissa Saul"", ""refNum_s"": """"",TRUE,
"""OFP-LCD12LC* AND salesLocation_s:62395 AND shipLocation_s:12702 AND customerAccount_s:AC0158-2999 AND businessUnit_s:Accu-Tech"", ""userName_s"": ""Melissa Saul"", ""refNum_s"": """"",TRUE,
"""lv1* AND salesLocation_s:62395 AND shipLocation_s:12702 AND customerAccount_s:AC0162-2761 AND businessUnit_s:Accu-Tech"", ""userName_s"": ""Steve Kurtinitis"", ""refNum_s"": """"",TRUE,
"""mxed64 AND shipLocation_s:11102 AND businessUnit_s:Accu-Tech"", ""userName_s"": ""226317"", ""refNum_s"": ""605270""",TRUE,
"""mx AND shipLocation_s:11102 AND businessUnit_s:Accu-Tech"", ""userName_s"": ""226317"", ""refNum_s"": ""605270""",TRUE,
"""cat6 cmp white superior esse AND shipLocation_s:11102 AND businessUnit_s:Accu-Tech"", ""userName_s"": ""238320"", ""refNum_s"": ""614279""",TRUE,
"""nk688mbu* AND salesLocation_s:62474 AND shipLocation_s:13417 AND customerAccount_s:AC0158-6317 AND businessUnit_s:Accu-Tech"", ""userName_s"": ""Kelly Szymanski"", ""refNum_s"": """"",TRUE,
"""760249129 AND businessUnit_s:Accu-Tech"", ""userName_s"": ""235121"", ""refNum_s"": """"",TRUE,
"""CCH-CP06-A9 AND shipLocation_s:11726 AND businessUnit_s:Accu-Tech"", ""userName_s"": ""327898"", ""refNum_s"": ""614256""",TRUE,
"""7600782959 AND businessUnit_s:Accu-Tech"", ""userName_s"": ""235121"", ""refNum_s"": """"",TRUE,
"""unj10g-yl* AND businessUnit_s:Accu-Tech AND shipLocation_s:15642 AND advancedPartSearch:Y AND businessUnit_s:Accu-Tech"", ""userName_s"": """", ""refNum_s"": ""100012447""",TRUE,
"""78227443570* AND salesLocation_s:60682 AND shipLocation_s:15408 AND customerAccount_s:AC0015-4621 AND dcLocation_s:7305 AND businessUnit_s:WESCO"", ""userName_s"": ""Nicholas Garets"", ""refNum_s"": """"",FALSE,
"""165BK4A* AND salesLocation_s:61997 AND shipLocation_s:12114 AND customerAccount_s:AC0158-0320 AND businessUnit_s:Accu-Tech"", ""userName_s"": ""Melisha Savage"", ""refNum_s"": """"",TRUE,
"""mctp6i AND shipLocation_s:12304 AND businessUnit_s:Accu-Tech"", ""userName_s"": ""308638"", ""refNum_s"": ""614277""",TRUE,
"""ksfp AND shipLocation_s:12304 AND businessUnit_s:Accu-Tech"", ""userName_s"": ""308638"", ""refNum_s"": ""614277""",TRUE,
"""048euf- AND shipLocation_s:14802 AND businessUnit_s:Accu-Tech"", ""userName_s"": ""208873"", ""refNum_s"": ""614269""",TRUE,
"""222202R5120002M AND shipLocation_s:13429 AND businessUnit_s:Accu-Tech"", ""userName_s"": ""307614"", ""refNum_s"": ""614263""",TRUE,
"""CEX-506C-SWL-HI* AND businessUnit_s:Accu-Tech AND shipLocation_s:13429 AND advancedPartSearch:Y AND businessUnit_s:Accu-Tech"", ""userName_s"": """", ""refNum_s"": ""100012447""",TRUE,
"""TS1058011 AND shipLocation_s:15428 AND businessUnit_s:Accu-Tech"", ""userName_s"": ""239908"", ""refNum_s"": ""614159""",TRUE,
"""35521-703* AND salesLocation_s:61960 AND shipLocation_s:16043 AND customerAccount_s:AC0158-0463 AND businessUnit_s:Accu-Tech"", ""userName_s"": ""Alton Balentine"", ""refNum_s"": """"",TRUE,
"""pup6c04vl-wz* AND salesLocation_s:61999 AND shipLocation_s:13603 AND customerAccount_s:AC0158-1029 AND businessUnit_s:Accu-Tech"", ""userName_s"": ""Zachary Boyd"", ""refNum_s"": """"",TRUE,
"""10gxs13* AND businessUnit_s:Accu-Tech AND shipLocation_s:15642 AND advancedPartSearch:Y AND businessUnit_s:Accu-Tech"", ""userName_s"": """", ""refNum_s"": ""100012447""",TRUE,
"""RDC61005-00* AND salesLocation_s:62395 AND shipLocation_s:12702 AND customerAccount_s:AC0158-1821 AND businessUnit_s:Accu-Tech"", ""userName_s"": ""Melissa Saul"", ""refNum_s"": """"",TRUE,
"""CCH-01u AND shipLocation_s:12702 AND businessUnit_s:Accu-Tech"", ""userName_s"": ""323615"", ""refNum_s"": ""614164""",TRUE,
"""T-2-UW-43-M AND shipLocation_s:15009 AND businessUnit_s:Accu-Tech"", ""userName_s"": ""334224"", ""refNum_s"": ""607375""",TRUE,
"""H6A10- AND shipLocation_s:16023 AND businessUnit_s:Accu-Tech"", ""userName_s"": ""339483"", ""refNum_s"": ""613981""",TRUE,
"""F112474 AND shipLocation_s:13429 AND businessUnit_s:Accu-Tech"", ""userName_s"": ""324609"", ""refNum_s"": ""614211""",TRUE,
"""*:* AND transPartOrFilter:(transactablePart_s:1055260AT OR transactablePart_s:1055375AT OR transactablePart_s:1055659AT) AND salesLocation_s:62395 AND shipLocation_s:12702 AND customerAccount_s:AC0158-1821 AND businessUnit_s:Accu-Tech"", ""userName_s"": ""Melissa Saul"", ""refNum_s"": ""100079069""",TRUE,
"""6ASP0-07 AND shipLocation_s:16023 AND businessUnit_s:Accu-Tech"", ""userName_s"": ""339483"", ""refNum_s"": ""613981""",TRUE,
"""faceplate 1* AND salesLocation_s:61963 AND shipLocation_s:16041 AND customerAccount_s:AC0186-3068 AND businessUnit_s:Accu-Tech"", ""userName_s"": ""Von Small"", ""refNum_s"": """"",TRUE,
"""ksj-00096-04* AND businessUnit_s:Accu-Tech AND shipLocation_s:15428 AND advancedPartSearch:Y AND businessUnit_s:Accu-Tech"", ""userName_s"": """", ""refNum_s"": ""100012447""",TRUE,
"""Z6A-S80 AND shipLocation_s:15416 AND businessUnit_s:Accu-Tech"", ""userName_s"": ""233831"", ""refNum_s"": ""614237""",TRUE,
"""11746-71 AND shipLocation_s:15642 AND businessUnit_s:Accu-Tech"", ""userName_s"": ""208850"", ""refNum_s"": ""614225""",TRUE,
"""X4799* AND salesLocation_s:61171 AND shipLocation_s:12402 AND customerAccount_s:AC0001-5961 AND dcLocation_s:7302 AND businessUnit_s:WESCO"", ""userName_s"": ""Mike Albright"", ""refNum_s"": """"",FALSE,
"""12101-712 AND shipLocation_s:15642 AND businessUnit_s:Accu-Tech"", ""userName_s"": ""208850"", ""refNum_s"": ""614225""",TRUE,
"""VIS-P20MULTI27135NH-AI* AND salesLocation_s:62682 AND shipLocation_s:15819 AND customerAccount_s:AC0160-3736 AND businessUnit_s:Accu-Tech"", ""userName_s"": ""Jeremy Smith"", ""refNum_s"": """"",TRUE,
"""6t00up_0091000 AND shipLocation_s:15819 AND businessUnit_s:Accu-Tech"", ""userName_s"": ""223220"", ""refNum_s"": ""614224""",TRUE,
"""DECES3* AND salesLocation_s:69609 AND shipLocation_s:12702 AND customerAccount_s:AC0158-2307 AND businessUnit_s:Accu-Tech"", ""userName_s"": ""Ryan Punsalan"", ""refNum_s"": """"",TRUE,
"""EWMW242425* AND businessUnit_s:Accu-Tech AND shipLocation_s:14611 AND advancedPartSearch:Y AND businessUnit_s:Accu-Tech"", ""userName_s"": """", ""refNum_s"": ""100012447""",TRUE,
"""OR-MC607-09 AND businessUnit_s:Accu-Tech"", ""userName_s"": ""323615"", ""refNum_s"": """"",TRUE,
"""ADX-R-P33M-X AND shipLocation_s:15625 AND businessUnit_s:Accu-Tech"", ""userName_s"": ""307308"", ""refNum_s"": ""613752""",TRUE,
"""49255-H24 AND shipLocation_s:12702 AND businessUnit_s:Accu-Tech"", ""userName_s"": ""238367"", ""refNum_s"": ""612582""",TRUE,
"""10250-712 AND businessUnit_s:Accu-Tech"", ""userName_s"": ""329187"", ""refNum_s"": """"",TRUE,
"""FSPP624Y AND shipLocation_s:16041 AND businessUnit_s:Accu-Tech"", ""userName_s"": ""337765"", ""refNum_s"": ""614202""",TRUE,
"""N225SS6* AND salesLocation_s:60682 AND shipLocation_s:15408 AND customerAccount_s:AC0191-1721 AND dcLocation_s:7305 AND businessUnit_s:WESCO"", ""userName_s"": ""Brian Wortmann"", ""refNum_s"": """"",FALSE,
"""cat64hpbcb* AND salesLocation_s:62474 AND shipLocation_s:13417 AND customerAccount_s:AC0158-6317 AND businessUnit_s:Accu-Tech"", ""userName_s"": ""Kelly Szymanski"", ""refNum_s"": """"",TRUE,
"""p&S 1432* AND salesLocation_s:60682 AND shipLocation_s:15408 AND customerAccount_s:AC0045-5338 AND dcLocation_s:7305 AND businessUnit_s:WESCO"", ""userName_s"": ""Roberto Gonzalez"", ""refNum_s"": """"",FALSE,
"""LWS12* AND salesLocation_s:60682 AND shipLocation_s:15408 AND customerAccount_s:AC0191-1721 AND dcLocation_s:7305 AND businessUnit_s:WESCO"", ""userName_s"": ""Brian Wortmann"", ""refNum_s"": """"",FALSE,
"""1053586AT* AND businessUnit_s:Accu-Tech AND shipLocation_s:11411 AND advancedPartSearch:Y AND businessUnit_s:Accu-Tech"", ""userName_s"": """", ""refNum_s"": ""100012447""",TRUE,
"""EXTENDED_WARRANTY AND shipLocation_s:14205 AND businessUnit_s:Accu-Tech"", ""userName_s"": ""230516"", ""refNum_s"": ""614203""",TRUE,
"""B441-22A-SS* AND salesLocation_s:60682 AND shipLocation_s:15408 AND customerAccount_s:AC0191-1721 AND dcLocation_s:7305 AND businessUnit_s:WESCO"", ""userName_s"": ""Brian Wortmann"", ""refNum_s"": """"",FALSE,
"""18 IN COVER* AND salesLocation_s:61963 AND shipLocation_s:16041 AND customerAccount_s:AC0158-0377 AND businessUnit_s:Accu-Tech"", ""userName_s"": ""Nina Olson"", ""refNum_s"": """"",TRUE,
"""B22SHA-120HDG* AND salesLocation_s:60682 AND shipLocation_s:15408 AND customerAccount_s:AC0191-1721 AND dcLocation_s:7305 AND businessUnit_s:WESCO"", ""userName_s"": ""Brian Wortmann"", ""refNum_s"": """"",FALSE,
"""1432* AND salesLocation_s:60682 AND shipLocation_s:15408 AND customerAccount_s:AC0045-5338 AND dcLocation_s:7305 AND businessUnit_s:WESCO"", ""userName_s"": ""Roberto Gonzalez"", ""refNum_s"": """"",FALSE,
"""B22SH-120HDG* AND salesLocation_s:60682 AND shipLocation_s:15408 AND customerAccount_s:AC0191-1721 AND dcLocation_s:7305 AND businessUnit_s:WESCO"", ""userName_s"": ""Brian Wortmann"", ""refNum_s"": """"",FALSE,
"""FSWN924 AND shipLocation_s:16041 AND businessUnit_s:Accu-Tech"", ""userName_s"": ""337765"", ""refNum_s"": ""614202""",TRUE,
"""1597trdb* AND salesLocation_s:60682 AND shipLocation_s:15408 AND customerAccount_s:AC0045-5338 AND dcLocation_s:7305 AND businessUnit_s:WESCO"", ""userName_s"": ""Roberto Gonzalez"", ""refNum_s"": """"",FALSE,
"""72917-2* AND salesLocation_s:60682 AND shipLocation_s:15408 AND customerAccount_s:AC0191-1721 AND dcLocation_s:7305 AND businessUnit_s:WESCO"", ""userName_s"": ""Brian Wortmann"", ""refNum_s"": """"",FALSE,
"""HCA-HH1B-0250F AND shipLocation_s:15625 AND businessUnit_s:Accu-Tech"", ""userName_s"": ""239937"", ""refNum_s"": ""614166""",TRUE,
"""PA1-001-AZB-AZB-003M* AND salesLocation_s:62745 AND shipLocation_s:15009 AND customerAccount_s:AC0160-0848 AND businessUnit_s:Accu-Tech"", ""userName_s"": ""Kyle Celli"", ""refNum_s"": """"",TRUE,
"""ksfp4- AND shipLocation_s:14509 AND businessUnit_s:Accu-Tech"", ""userName_s"": ""316066"", ""refNum_s"": ""614197""",TRUE,
"""RCD609- AND businessUnit_s:Accu-Tech"", ""userName_s"": ""313507"", ""refNum_s"": """"",TRUE,
"""41089-4 AND shipLocation_s:12702 AND businessUnit_s:Accu-Tech"", ""userName_s"": ""238367"", ""refNum_s"": ""612582""",TRUE,
"""MCTP6abI-4-1 AND shipLocation_s:11726 AND businessUnit_s:Accu-Tech"", ""userName_s"": ""327898"", ""refNum_s"": ""612845""",TRUE,
"""cs44ps-6* AND businessUnit_s:Accu-Tech AND shipLocation_s:12114 AND advancedPartSearch:Y AND businessUnit_s:Accu-Tech"", ""userName_s"": """", ""refNum_s"": ""100012447""",TRUE,
"""LL27* AND salesLocation_s:60682 AND shipLocation_s:15408 AND customerAccount_s:AC0191-1721 AND dcLocation_s:7305 AND businessUnit_s:WESCO"", ""userName_s"": ""Brian Wortmann"", ""refNum_s"": """"",FALSE,
"""STG 2* AND salesLocation_s:60682 AND shipLocation_s:15408 AND customerAccount_s:AC0191-1721 AND dcLocation_s:7305 AND businessUnit_s:WESCO"", ""userName_s"": ""Brian Wortmann"", ""refNum_s"": """"",FALSE,
"""DN-34FN* AND businessUnit_s:Accu-Tech AND shipLocation_s:12702 AND advancedPartSearch:Y AND businessUnit_s:Accu-Tech"", ""userName_s"": """", ""refNum_s"": ""100012447""",TRUE,
"""327w* AND salesLocation_s:60682 AND shipLocation_s:15408 AND customerAccount_s:AC0045-5338 AND dcLocation_s:7305 AND businessUnit_s:WESCO"", ""userName_s"": ""Roberto Gonzalez"", ""refNum_s"": """"",FALSE,
"""6ASP0-07 AND shipLocation_s:11411 AND businessUnit_s:Accu-Tech"", ""userName_s"": ""302766"", ""refNum_s"": ""612063""",TRUE,
"""100- AND shipLocation_s:16023 AND businessUnit_s:Accu-Tech"", ""userName_s"": ""339483"", ""refNum_s"": ""613981""",TRUE,
"""f5100 AND shipLocation_s:16023 AND businessUnit_s:Accu-Tech"", ""userName_s"": ""339483"", ""refNum_s"": ""613981""",TRUE,
"""5356GR* AND salesLocation_s:60682 AND shipLocation_s:15408 AND customerAccount_s:AC0191-1721 AND dcLocation_s:7305 AND businessUnit_s:WESCO"", ""userName_s"": ""Brian Wortmann"", ""refNum_s"": """"",FALSE,
"""hdj66-88 AND shipLocation_s:11305 AND businessUnit_s:Accu-Tech"", ""userName_s"": ""313507"", ""refNum_s"": ""614107""",TRUE,
"""CCH-CP12-59* AND salesLocation_s:62395 AND shipLocation_s:12702 AND customerAccount_s:AC0186-3068 AND businessUnit_s:Accu-Tech"", ""userName_s"": ""Donald Lozzi"", ""refNum_s"": """"",TRUE,
"""576-RD10-006 AND shipLocation_s:11726 AND businessUnit_s:Accu-Tech"", ""userName_s"": ""327898"", ""refNum_s"": ""612845""",TRUE,
"""012T88-33190-A3* AND businessUnit_s:Accu-Tech AND shipLocation_s:14112 AND advancedPartSearch:Y AND businessUnit_s:Accu-Tech"", ""userName_s"": """", ""refNum_s"": ""100012447""",TRUE,
"""5f100-6lc AND shipLocation_s:16023 AND businessUnit_s:Accu-Tech"", ""userName_s"": ""339483"", ""refNum_s"": ""613981""",TRUE,
"""CCH-CS12-A9-P00RE AND shipLocation_s:15416 AND businessUnit_s:Accu-Tech"", ""userName_s"": ""332907"", ""refNum_s"": ""613564""",TRUE,
"""LB37* AND salesLocation_s:60682 AND shipLocation_s:15408 AND customerAccount_s:AC0191-1721 AND dcLocation_s:7305 AND businessUnit_s:WESCO"", ""userName_s"": ""Brian Wortmann"", ""refNum_s"": """"",FALSE,
"""95-000-99 AND shipLocation_s:13429 AND businessUnit_s:Accu-Tech"", ""userName_s"": ""307614"", ""refNum_s"": ""614183""",TRUE,
"""FEWLCLC42JXM003 * AND businessUnit_s:Accu-Tech AND shipLocation_s:11726 AND advancedPartSearch:Y AND businessUnit_s:Accu-Tech"", ""userName_s"": """", ""refNum_s"": ""100012447""",TRUE,
"""cj6 AND shipLocation_s:15642 AND businessUnit_s:Accu-Tech"", ""userName_s"": ""208850"", ""refNum_s"": ""614180""",TRUE,
"""AL4RP-50W* AND businessUnit_s:Accu-Tech AND shipLocation_s:12702 AND advancedPartSearch:Y AND businessUnit_s:Accu-Tech"", ""userName_s"": """", ""refNum_s"": ""100012447""",TRUE,
"""ax1041963-b24 AND shipLocation_s:14802 AND businessUnit_s:Accu-Tech"", ""userName_s"": ""208873"", ""refNum_s"": ""614160""",TRUE,
"""vdv826 AND shipLocation_s:13603 AND businessUnit_s:Accu-Tech"", ""userName_s"": ""227835"", ""refNum_s"": ""614146""",TRUE,
"""80781 AND shipLocation_s:12702 AND businessUnit_s:Accu-Tech"", ""userName_s"": ""323615"", ""refNum_s"": ""614171""",TRUE,
"""BRENAU* AND salesLocation_s:60001 AND shipLocation_s:12619 AND customerAccount_s:AC0155-5833 AND dcLocation_s:7302 AND businessUnit_s:WESCO"", ""userName_s"": ""Christopher Stone"", ""refNum_s"": """"",FALSE,
"""MM20706-b AND shipLocation_s:14112 AND businessUnit_s:Accu-Tech"", ""userName_s"": ""221887"", ""refNum_s"": ""614150""",TRUE,
"""S-2-UW-H-43-i6* AND businessUnit_s:Accu-Tech AND shipLocation_s:12702 AND advancedPartSearch:Y AND businessUnit_s:Accu-Tech"", ""userName_s"": """", ""refNum_s"": ""100012447""",TRUE,
"""FSJ4-50B AND shipLocation_s:11726 AND businessUnit_s:Accu-Tech"", ""userName_s"": ""327898"", ""refNum_s"": ""614167""",TRUE,
"""49255-H48_| AND shipLocation_s:12908 AND businessUnit_s:Accu-Tech"", ""userName_s"": ""233430"", ""refNum_s"": ""614168""",TRUE,
"""wch-02p* AND salesLocation_s:62401 AND shipLocation_s:12601 AND customerAccount_s:AC0158-8375 AND businessUnit_s:Accu-Tech"", ""userName_s"": ""Randy Schnepel"", ""refNum_s"": """"",TRUE,
"""OFRBC-8R* AND businessUnit_s:Accu-Tech AND shipLocation_s:12702 AND advancedPartSearch:Y AND businessUnit_s:Accu-Tech"", ""userName_s"": """", ""refNum_s"": ""100012447""",TRUE,
"""520093702/00 AND shipLocation_s:11726 AND businessUnit_s:Accu-Tech"", ""userName_s"": ""327898"", ""refNum_s"": ""614167""",TRUE,
"""GLL 6* AND salesLocation_s:60682 AND shipLocation_s:15408 AND customerAccount_s:AC0191-1721 AND dcLocation_s:7305 AND businessUnit_s:WESCO"", ""userName_s"": ""Brian Wortmann"", ""refNum_s"": """"",FALSE,
"""NSC6Y10 AND shipLocation_s:12702 AND businessUnit_s:Accu-Tech"", ""userName_s"": ""323615"", ""refNum_s"": ""614164""",TRUE,
"""T00032265* AND salesLocation_s:61962 AND shipLocation_s:16023 AND customerAccount_s:AC0162-7123 AND businessUnit_s:Accu-Tech"", ""userName_s"": ""Calvin Armstrong"", ""refNum_s"": """"",TRUE,
"""11421-718* AND salesLocation_s:62400 AND shipLocation_s:14112 AND customerAccount_s:AC0159-1988 AND businessUnit_s:Accu-Tech"", ""userName_s"": ""Ewan Pessoa"", ""refNum_s"": """"",TRUE,
"""PDPK012FB3010/F5-I/O-C4C5(AQU) AND shipLocation_s:16011 AND businessUnit_s:Accu-Tech"", ""userName_s"": ""322620"", ""refNum_s"": ""614154""",TRUE,
"""mxed64283gr AND shipLocation_s:16041 AND businessUnit_s:Accu-Tech"", ""userName_s"": ""313089"", ""refNum_s"": ""612088""",TRUE,
"""UTPSP6X AND shipLocation_s:14205 AND businessUnit_s:Accu-Tech"", ""userName_s"": ""230516"", ""refNum_s"": ""614082""",TRUE,
"""C-6-UW-43-Ai6* AND businessUnit_s:Accu-Tech AND shipLocation_s:12702 AND advancedPartSearch:Y AND businessUnit_s:Accu-Tech"", ""userName_s"": """", ""refNum_s"": ""100012447""",TRUE,
"""6160-007* AND salesLocation_s:62473 AND shipLocation_s:13429 AND customerAccount_s:AC0158-6182 AND businessUnit_s:Accu-Tech"", ""userName_s"": ""Jeremy Prevette"", ""refNum_s"": """"",TRUE,
"""DCHS1 AND shipLocation_s:16023 AND businessUnit_s:Accu-Tech"", ""userName_s"": ""339483"", ""refNum_s"": ""613495""",TRUE,
"""79-14c- AND shipLocation_s:11726 AND businessUnit_s:Accu-Tech"", ""userName_s"": ""331169"", ""refNum_s"": ""613322""",TRUE,
"""IX-DVFâ€‚â€‚â€‚â€‚â€‚â€‚ AND shipLocation_s:12908 AND businessUnit_s:Accu-Tech"", ""userName_s"": ""233430"", ""refNum_s"": ""614136""",TRUE,
"""10506-706 AND shipLocation_s:16011 AND businessUnit_s:Accu-Tech"", ""userName_s"": ""322620"", ""refNum_s"": ""614118""",TRUE,
"""4G2404/6W-9-DG-BT AND shipLocation_s:14611 AND businessUnit_s:Accu-Tech"", ""userName_s"": ""303596"", ""refNum_s"": ""614120""",TRUE,
"""B441-22-SS4* AND salesLocation_s:60682 AND shipLocation_s:15408 AND customerAccount_s:AC0191-1721 AND dcLocation_s:7305 AND businessUnit_s:WESCO"", ""userName_s"": ""Brian Wortmann"", ""refNum_s"": """"",FALSE,
"""STL8* AND salesLocation_s:60682 AND shipLocation_s:15408 AND customerAccount_s:AC0191-1721 AND dcLocation_s:7305 AND businessUnit_s:WESCO"", ""userName_s"": ""Brian Wortmann"", ""refNum_s"": """"",FALSE,
"""6d AND shipLocation_s:14611 AND businessUnit_s:Accu-Tech"", ""userName_s"": ""303596"", ""refNum_s"": ""614120""",TRUE,
"""810-ll7 AND shipLocation_s:12304 AND businessUnit_s:Accu-Tech"", ""userName_s"": ""327282"", ""refNum_s"": ""614124""",TRUE,
"""810 AND shipLocation_s:12304 AND businessUnit_s:Accu-Tech"", ""userName_s"": ""327282"", ""refNum_s"": ""614124""",TRUE,
"""13912-703* AND salesLocation_s:62395 AND shipLocation_s:12702 AND customerAccount_s:AC0158-4571 AND businessUnit_s:Accu-Tech"", ""userName_s"": ""Steve Kurtinitis"", ""refNum_s"": """"",TRUE,
"""61110 AND shipLocation_s:14611 AND businessUnit_s:Accu-Tech"", ""userName_s"": ""303596"", ""refNum_s"": ""614120""",TRUE,
"""CPPL48WBLY* AND salesLocation_s:62401 AND shipLocation_s:12601 AND customerAccount_s:AC0163-1829 AND businessUnit_s:Accu-Tech"", ""userName_s"": ""Randy Schnepel"", ""refNum_s"": """"",TRUE,
"""49255-h48 AND shipLocation_s:14611 AND businessUnit_s:Accu-Tech"", ""userName_s"": ""303596"", ""refNum_s"": ""614120""",TRUE,
"""5R4UMâ€‘S03 AND shipLocation_s:16023 AND businessUnit_s:Accu-Tech"", ""userName_s"": ""339483"", ""refNum_s"": ""613981""",TRUE,
"""CJ688TGBU* AND salesLocation_s:62401 AND shipLocation_s:12601 AND customerAccount_s:AC0163-1829 AND businessUnit_s:Accu-Tech"", ""userName_s"": ""Randy Schnepel"", ""refNum_s"": """"",TRUE,
"""61110-ro6 AND businessUnit_s:Accu-Tech"", ""userName_s"": ""312371"", ""refNum_s"": """"",TRUE,
"""13885-103* AND salesLocation_s:61283 AND shipLocation_s:11411 AND customerAccount_s:AC0162-9247 AND businessUnit_s:Accu-Tech"", ""userName_s"": ""Audra Brock"", ""refNum_s"": """"",TRUE,
"""WP9002WH* AND salesLocation_s:62472 AND shipLocation_s:14506 AND customerAccount_s:AC0158-6910 AND businessUnit_s:Accu-Tech"", ""userName_s"": ""Grant McIntyre"", ""refNum_s"": """"",TRUE,
"""ks6a-36 AND shipLocation_s:15642 AND businessUnit_s:Accu-Tech"", ""userName_s"": ""233931"", ""refNum_s"": ""614109""",TRUE,
"""kj6a-36 AND shipLocation_s:15642 AND businessUnit_s:Accu-Tech"", ""userName_s"": ""233931"", ""refNum_s"": ""614109""",TRUE,
"""ksj6a- AND shipLocation_s:15642 AND businessUnit_s:Accu-Tech"", ""userName_s"": ""233931"", ""refNum_s"": ""614109""",TRUE,
"""cch-cs24-a9-p00rj* AND businessUnit_s:Accu-Tech AND shipLocation_s:13429 AND mfgPartNumberFilter:Y AND advancedPartSearch:Y AND businessUnit_s:Accu-Tech"", ""userName_s"": """", ""refNum_s"": ""100012447""",TRUE,
"""4F2404/6W-9-DG-BT* AND businessUnit_s:Accu-Tech AND shipLocation_s:12114 AND advancedPartSearch:Y AND businessUnit_s:Accu-Tech"", ""userName_s"": """", ""refNum_s"": ""100012447""",TRUE,
"""FSC24 AND businessUnit_s:Accu-Tech"", ""userName_s"": ""339478"", ""refNum_s"": """"",TRUE,
"""6A- AND businessUnit_s:Accu-Tech"", ""userName_s"": ""235121"", ""refNum_s"": """"",TRUE,
"""WP9001WH* AND shipLocation_s:14506 AND customerAccount_s:AC0158-6910 AND businessUnit_s:Accu-Tech AND advancedPartSearch:Y"", ""userName_s"": ""Grant McIntyre"", ""refNum_s"": ""100083450""",FALSE,
"""9133300* AND salesLocation_s:62474 AND shipLocation_s:13417 AND customerAccount_s:AC0158-5463 AND businessUnit_s:Accu-Tech"", ""userName_s"": ""David Bunting"", ""refNum_s"": """"",TRUE,
"""11301-70 AND shipLocation_s:14810 AND businessUnit_s:Accu-Tech"", ""userName_s"": ""324409"", ""refNum_s"": ""614090""",TRUE,
"""006ZUC-T4122D20 AND shipLocation_s:14611 AND businessUnit_s:Accu-Tech"", ""userName_s"": ""339347"", ""refNum_s"": ""614092""",TRUE,
"""100003C* AND salesLocation_s:61961 AND shipLocation_s:16011 AND customerAccount_s:AC0159-1634 AND businessUnit_s:Accu-Tech"", ""userName_s"": ""Austin Thielges"", ""refNum_s"": """"",TRUE,
"""DAUP_D151000 AND shipLocation_s:12304 AND businessUnit_s:Accu-Tech"", ""userName_s"": ""327282"", ""refNum_s"": ""614006""",TRUE,
"""RS1U2T AND shipLocation_s:15642 AND businessUnit_s:Accu-Tech"", ""userName_s"": ""311815"", ""refNum_s"": ""614067""",TRUE,
"""209574* AND salesLocation_s:62399 AND shipLocation_s:15812 AND customerAccount_s:AC0161-2669 AND businessUnit_s:Accu-Tech"", ""userName_s"": ""Patrick Sweeney"", ""refNum_s"": """"",TRUE,
"""CPP-4-R* AND salesLocation_s:62395 AND shipLocation_s:12702 AND customerAccount_s:AC0158-3148 AND businessUnit_s:Accu-Tech"", ""userName_s"": ""Melissa Saul"", ""refNum_s"": """"",TRUE,
"""https://accutech.partfiniti.com/part_v2/specifications?number=006K8P-31130-29&manufacturer=corning-optical-communicatio AND businessUnit_s:Accu-Tech"", ""userName_s"": ""328476"", ""refNum_s"": ""614075""",TRUE,
"""FOAS12FSMLCX-3M AND shipLocation_s:15642 AND businessUnit_s:Accu-Tech"", ""userName_s"": ""311815"", ""refNum_s"": ""614067""",TRUE,
"""1061469AT* AND businessUnit_s:Accu-Tech AND shipLocation_s:11726 AND advancedPartSearch:Y AND businessUnit_s:Accu-Tech"", ""userName_s"": """", ""refNum_s"": ""100012447""",TRUE,
"""cj6x88tgbu* AND salesLocation_s:62474 AND shipLocation_s:13417 AND customerAccount_s:AC0158-6327 AND businessUnit_s:Accu-Tech"", ""userName_s"": ""Tyler Ballengee"", ""refNum_s"": """"",TRUE,
"""3/0-thhn* AND salesLocation_s:60608 AND shipLocation_s:12008 AND customerAccount_s:AC0058-2068 AND dcLocation_s:7305 AND businessUnit_s:WESCO"", ""userName_s"": ""Noah Gelman"", ""refNum_s"": """"",FALSE,
"""Z06AT1P9E1-1F395P1 AND shipLocation_s:13417 AND businessUnit_s:Accu-Tech"", ""userName_s"": ""310311"", ""refNum_s"": ""614059""",TRUE,
"""7131100 AND shipLocation_s:14802 AND businessUnit_s:Accu-Tech"", ""userName_s"": ""208873"", ""refNum_s"": ""614068""",TRUE,
"""77-240-4b* AND salesLocation_s:62397 AND shipLocation_s:14810 AND customerAccount_s:AC0196-2358 AND businessUnit_s:Accu-Tech"", ""userName_s"": ""Cody Farrar"", ""refNum_s"": """"",TRUE,
"""6672_G_NK AND businessUnit_s:Accu-Tech"", ""userName_s"": ""328842"", ""refNum_s"": ""613572""",TRUE,
"""ya39l6* AND salesLocation_s:60608 AND shipLocation_s:12008 AND customerAccount_s:AC0145-3638 AND dcLocation_s:7305 AND businessUnit_s:WESCO"", ""userName_s"": ""matt trautman"", ""refNum_s"": """"",FALSE,
"""11312-718* AND salesLocation_s:62746 AND shipLocation_s:15428 AND customerAccount_s:AC0159-1030 AND businessUnit_s:Accu-Tech"", ""userName_s"": ""Robert Bodnar"", ""refNum_s"": """"",TRUE,
"""ks01cs* AND salesLocation_s:61171 AND shipLocation_s:12402 AND customerAccount_s:AC0001-5961 AND dcLocation_s:7302 AND businessUnit_s:WESCO"", ""userName_s"": ""Aiereona Palmer"", ""refNum_s"": """"",FALSE,
"""6D460-5L AND shipLocation_s:14205 AND businessUnit_s:Accu-Tech"", ""userName_s"": ""317857"", ""refNum_s"": ""614043""",TRUE,
"""ks6a* AND businessUnit_s:Accu-Tech AND shipLocation_s:12702 AND advancedPartSearch:Y AND businessUnit_s:Accu-Tech"", ""userName_s"": """", ""refNum_s"": ""100012447""",TRUE,
"""*:* AND transPartOrFilter:(transactablePart_s:1017669AT) AND salesLocation_s:62399 AND shipLocation_s:15812 AND customerAccount_s:AC0158-1437 AND businessUnit_s:Accu-Tech"", ""userName_s"": ""Patrick Sweeney"", ""refNum_s"": ""100083318""",TRUE,
"""cch AND shipLocation_s:12304 AND businessUnit_s:Accu-Tech"", ""userName_s"": ""308638"", ""refNum_s"": ""614036""",TRUE,
"""88601* AND businessUnit_s:Accu-Tech AND shipLocation_s:15625 AND advancedPartSearch:Y AND businessUnit_s:Accu-Tech"", ""userName_s"": """", ""refNum_s"": ""100012447""",TRUE,
"""658AFS_0001000 AND shipLocation_s:15416 AND businessUnit_s:Accu-Tech"", ""userName_s"": ""233831"", ""refNum_s"": ""613978""",TRUE,
"""658FS AND shipLocation_s:15416 AND businessUnit_s:Accu-Tech"", ""userName_s"": ""233831"", ""refNum_s"": ""613978""",TRUE,
"""v12 AND shipLocation_s:12304 AND businessUnit_s:Accu-Tech"", ""userName_s"": ""327282"", ""refNum_s"": ""614006""",TRUE,
"""760004333 AND shipLocation_s:13429 AND businessUnit_s:Accu-Tech"", ""userName_s"": ""324609"", ""refNum_s"": ""614037""",TRUE,
"""CJ21HACSSBC AND shipLocation_s:14506 AND businessUnit_s:Accu-Tech"", ""userName_s"": ""320529"", ""refNum_s"": ""613724""",TRUE,
"""42080-2ws AND shipLocation_s:12304 AND businessUnit_s:Accu-Tech"", ""userName_s"": ""233642"", ""refNum_s"": ""614026""",TRUE,
"""6300fe* AND salesLocation_s:62474 AND shipLocation_s:13417 AND customerAccount_s:AC0158-6304 AND businessUnit_s:Accu-Tech"", ""userName_s"": ""Kelly Szymanski"", ""refNum_s"": """"",TRUE,
"""WCY55PB* AND businessUnit_s:WESCO AND shipLocation_s:12619 AND advancedPartSearch:Y AND businessUnit_s:WESCO"", ""userName_s"": """", ""refNum_s"": ""100012447""",FALSE,
"""FLCSSCBUY* AND salesLocation_s:62530 AND shipLocation_s:15642 AND customerAccount_s:AC0158-1663 AND businessUnit_s:Accu-Tech"", ""userName_s"": ""Greg Griffo"", ""refNum_s"": """"",TRUE,
"""unj10 AND shipLocation_s:13603 AND businessUnit_s:Accu-Tech"", ""userName_s"": ""227835"", ""refNum_s"": ""612991""",TRUE,
"""11911-712* AND businessUnit_s:Accu-Tech AND shipLocation_s:14810 AND advancedPartSearch:Y AND businessUnit_s:Accu-Tech"", ""userName_s"": """", ""refNum_s"": ""100012447""",TRUE,
"""m67-112* AND businessUnit_s:Accu-Tech AND shipLocation_s:13429 AND advancedPartSearch:Y AND businessUnit_s:Accu-Tech"", ""userName_s"": """", ""refNum_s"": ""100012447""",TRUE,
"""7131106* AND salesLocation_s:62396 AND shipLocation_s:14802 AND customerAccount_s:AC0186-3068 AND businessUnit_s:Accu-Tech"", ""userName_s"": ""Andrew Holman"", ""refNum_s"": """"",TRUE,
"""10250-712 AND shipLocation_s:16011 AND businessUnit_s:Accu-Tech"", ""userName_s"": ""322620"", ""refNum_s"": ""613967""",TRUE,
"""cs34p-5w* AND salesLocation_s:62396 AND shipLocation_s:14802 AND customerAccount_s:AC0186-3068 AND businessUnit_s:Accu-Tech"", ""userName_s"": ""Andrew Holman"", ""refNum_s"": """"",TRUE,
"""1048172AT* AND salesLocation_s:61963 AND shipLocation_s:16041 AND customerAccount_s:AC0186-3068 AND businessUnit_s:Accu-Tech"", ""userName_s"": ""Von Small"", ""refNum_s"": """"",TRUE,
"""FGWMPMPAD-JAF090* AND salesLocation_s:62395 AND shipLocation_s:12702 AND customerAccount_s:AC0158-4571 AND businessUnit_s:Accu-Tech"", ""userName_s"": ""Steve Kurtinitis"", ""refNum_s"": """"",TRUE,
"""800h-13* AND salesLocation_s:60697 AND shipLocation_s:16014 AND customerAccount_s:AC0000-0821 AND dcLocation_s:5689 AND businessUnit_s:WESCO"", ""userName_s"": ""Jennifer Lee"", ""refNum_s"": """"",FALSE,
"""10622-010* AND salesLocation_s:62397 AND shipLocation_s:14810 AND customerAccount_s:AC0186-3068 AND businessUnit_s:Accu-Tech"", ""userName_s"": ""Camden Lee"", ""refNum_s"": """"",TRUE,
"""12419-736* AND salesLocation_s:62679 AND shipLocation_s:12908 AND customerAccount_s:AC0158-0571 AND businessUnit_s:Accu-Tech"", ""userName_s"": ""Chad Schroeder"", ""refNum_s"": """"",TRUE,
"""FLCSSCBUY* AND salesLocation_s:62530 AND shipLocation_s:15642 AND customerAccount_s:AC0158-1663 AND businessUnit_s:Accu-Tech"", ""userName_s"": ""Greg Griffo"", ""refNum_s"": """"",TRUE,
"""B22SH-120HDG* AND salesLocation_s:62747 AND shipLocation_s:11411 AND customerAccount_s:AC0160-2849 AND businessUnit_s:Accu-Tech"", ""userName_s"": ""Jeff Chartraw"", ""refNum_s"": """"",TRUE,
"""11911-712* AND businessUnit_s:Accu-Tech AND shipLocation_s:14810 AND advancedPartSearch:Y AND businessUnit_s:Accu-Tech"", ""userName_s"": """", ""refNum_s"": ""100012447""",TRUE,
"""1514 AND shipLocation_s:12304 AND businessUnit_s:Accu-Tech"", ""userName_s"": ""233642"", ""refNum_s"": ""614009""",TRUE,
"""17 AND shipLocation_s:12304 AND businessUnit_s:Accu-Tech"", ""userName_s"": ""233642"", ""refNum_s"": ""614009""",TRUE,
"""d6up015 AND shipLocation_s:12304 AND businessUnit_s:Accu-Tech"", ""userName_s"": ""327282"", ""refNum_s"": ""614006""",TRUE,
"""fp-lbl AND shipLocation_s:11411 AND businessUnit_s:Accu-Tech"", ""userName_s"": ""302766"", ""refNum_s"": ""612750""",TRUE,
"""SBX-IXDV30 AND shipLocation_s:15819 AND businessUnit_s:Accu-Tech"", ""userName_s"": ""237306"", ""refNum_s"": ""614003""",TRUE,
"""GHG6232101R1010* AND salesLocation_s:60682 AND shipLocation_s:15408 AND customerAccount_s:AC0150-4462 AND dcLocation_s:7305 AND businessUnit_s:WESCO"", ""userName_s"": ""Brian Wortmann"", ""refNum_s"": """"",FALSE,
"""pup6c04 AND businessUnit_s:Accu-Tech"", ""userName_s"": ""235882"", ""refNum_s"": """"",TRUE,
"""5100 AND shipLocation_s:16023 AND businessUnit_s:Accu-Tech"", ""userName_s"": ""339483"", ""refNum_s"": ""613981""",TRUE,
"""258300336* AND salesLocation_s:62472 AND shipLocation_s:14506 AND customerAccount_s:AC0158-6798 AND businessUnit_s:Accu-Tech"", ""userName_s"": ""Brian Hughes"", ""refNum_s"": """"",TRUE,
"""FASUCB300 AND shipLocation_s:15642 AND businessUnit_s:Accu-Tech"", ""userName_s"": ""311815"", ""refNum_s"": ""613464""",TRUE,
"""*:* AND transPartOrFilter:(transactablePart_s:SQZFF2A23) AND salesLocation_s:60682 AND shipLocation_s:15408 AND dcLocation_s:7305 AND customerAccount_s:AC0007-4961 AND businessUnit_s:WESCO"", ""userName_s"": ""Brian Wortmann"", ""refNum_s"": ""QU100030449""",FALSE,
"""cci2w37HS AND shipLocation_s:12304 AND businessUnit_s:Accu-Tech"", ""userName_s"": ""327282"", ""refNum_s"": ""613980""",TRUE,
"""cci2w3 AND shipLocation_s:12304 AND businessUnit_s:Accu-Tech"", ""userName_s"": ""327282"", ""refNum_s"": ""613980""",TRUE,
"""TEG-S50G* AND salesLocation_s:62682 AND shipLocation_s:15819 AND customerAccount_s:AC0160-8765 AND businessUnit_s:Accu-Tech"", ""userName_s"": ""Cam Nusser"", ""refNum_s"": """"",TRUE,
"""SB1810R15T* AND salesLocation_s:61171 AND shipLocation_s:12402 AND customerAccount_s:AC0001-5961 AND dcLocation_s:7302 AND businessUnit_s:WESCO"", ""userName_s"": ""Aiereona Palmer"", ""refNum_s"": """"",FALSE,
"""PUP6004BU-WLPZ* AND salesLocation_s:62530 AND shipLocation_s:15642 AND customerAccount_s:AC0158-5379 AND businessUnit_s:Accu-Tech"", ""userName_s"": ""Matt Duncan"", ""refNum_s"": """"",TRUE,
"""41089* AND businessUnit_s:Accu-Tech AND shipLocation_s:12304 AND advancedPartSearch:Y AND businessUnit_s:Accu-Tech"", ""userName_s"": """", ""refNum_s"": ""100012447""",TRUE,
"""pdpk02 AND shipLocation_s:16023 AND businessUnit_s:Accu-Tech"", ""userName_s"": ""339483"", ""refNum_s"": ""613981""",TRUE,
"""49910* AND businessUnit_s:Accu-Tech AND shipLocation_s:12304 AND advancedPartSearch:Y AND businessUnit_s:Accu-Tech"", ""userName_s"": """", ""refNum_s"": ""100012447""",TRUE,
"""APCRBC133-CP AND shipLocation_s:16023 AND businessUnit_s:Accu-Tech"", ""userName_s"": ""312371"", ""refNum_s"": ""613991""",TRUE,
"""7800100* AND salesLocation_s:60608 AND shipLocation_s:12008 AND customerAccount_s:AC0154-5071 AND dcLocation_s:7305 AND businessUnit_s:WESCO"", ""userName_s"": ""matt trautman"", ""refNum_s"": """"",FALSE,
"""pdpk0 AND shipLocation_s:16023 AND businessUnit_s:Accu-Tech"", ""userName_s"": ""339483"", ""refNum_s"": ""613981""",TRUE,
"""MiNo6A-BL- AND shipLocation_s:15416 AND businessUnit_s:Accu-Tech"", ""userName_s"": ""233831"", ""refNum_s"": ""613978""",TRUE,
"""012zu4 AND shipLocation_s:14802 AND businessUnit_s:Accu-Tech"", ""userName_s"": ""208873"", ""refNum_s"": ""613948""",TRUE,
"""012zu AND shipLocation_s:14802 AND businessUnit_s:Accu-Tech"", ""userName_s"": ""208873"", ""refNum_s"": ""613948""",TRUE,
"""MiNo6A-BL-3FT AND shipLocation_s:15416 AND businessUnit_s:Accu-Tech"", ""userName_s"": ""233831"", ""refNum_s"": ""613978""",TRUE,
"""024z AND shipLocation_s:14802 AND businessUnit_s:Accu-Tech"", ""userName_s"": ""208873"", ""refNum_s"": ""613948""",TRUE,
"""PUR6AS04BU-Z* AND salesLocation_s:61997 AND shipLocation_s:12114 AND customerAccount_s:AC0161-8156 AND businessUnit_s:Accu-Tech"", ""userName_s"": ""Ignacio Torres"", ""refNum_s"": """"",TRUE,
"""CF105/450ez* AND salesLocation_s:62745 AND shipLocation_s:15009 AND customerAccount_s:AC0162-1805 AND businessUnit_s:Accu-Tech"", ""userName_s"": ""Garrett Boyd"", ""refNum_s"": """"",TRUE,
"""048zu4-t4 AND shipLocation_s:14802 AND businessUnit_s:Accu-Tech"", ""userName_s"": ""208873"", ""refNum_s"": ""613948""",TRUE,
"""048zu4-t AND shipLocation_s:14802 AND businessUnit_s:Accu-Tech"", ""userName_s"": ""208873"", ""refNum_s"": ""613948""",TRUE,
"""WCH-02P AND shipLocation_s:15819 AND businessUnit_s:Accu-Tech"", ""userName_s"": ""237306"", ""refNum_s"": ""613966""",TRUE,
"""PUR6004OR-W AND shipLocation_s:12114 AND businessUnit_s:Accu-Tech"", ""userName_s"": ""235882"", ""refNum_s"": ""613975""",TRUE,
"""PUR6004WH-W AND shipLocation_s:12114 AND businessUnit_s:Accu-Tech"", ""userName_s"": ""235882"", ""refNum_s"": ""613975""",TRUE,
"""PUR6004WH AND shipLocation_s:12114 AND businessUnit_s:Accu-Tech"", ""userName_s"": ""235882"", ""refNum_s"": ""613975""",TRUE,
"""88014- AND shipLocation_s:16043 AND businessUnit_s:Accu-Tech"", ""userName_s"": ""227199"", ""refNum_s"": ""613968""",TRUE,
"""E57SAL18A2E* AND salesLocation_s:66708 AND shipLocation_s:12008 AND customerAccount_s:AC0065-3276 AND dcLocation_s:7305 AND businessUnit_s:WESCO"", ""userName_s"": ""Doug Lindsay"", ""refNum_s"": """"",FALSE,
"""40153-012* AND salesLocation_s:62530 AND shipLocation_s:15642 AND customerAccount_s:AC0196-9504 AND businessUnit_s:Accu-Tech"", ""userName_s"": ""Billy Caine"", ""refNum_s"": """"",TRUE,
"""LCC4-14DW-L* AND businessUnit_s:Accu-Tech AND shipLocation_s:16041 AND advancedPartSearch:Y AND businessUnit_s:Accu-Tech"", ""userName_s"": """", ""refNum_s"": ""100012447""",TRUE,
"""012T8P-31190-A3 AND shipLocation_s:15819 AND businessUnit_s:Accu-Tech"", ""userName_s"": ""237306"", ""refNum_s"": ""613966""",TRUE,
"""CP653 4* AND salesLocation_s:62530 AND shipLocation_s:15642 AND customerAccount_s:AC0158-4229 AND businessUnit_s:Accu-Tech"", ""userName_s"": ""Greg Griffo"", ""refNum_s"": """"",TRUE,
"""dx2-t1h1* AND salesLocation_s:62530 AND shipLocation_s:15642 AND customerAccount_s:AC0196-9504 AND businessUnit_s:Accu-Tech"", ""userName_s"": ""Billy Caine"", ""refNum_s"": """"",TRUE,
"""pup6004bu AND businessUnit_s:Accu-Tech"", ""userName_s"": ""208907"", ""refNum_s"": """"",TRUE,
"""PUP6004BU AND shipLocation_s:16023 AND businessUnit_s:Accu-Tech"", ""userName_s"": ""208907"", ""refNum_s"": ""613624""",TRUE,
"""61110-re6* AND salesLocation_s:62530 AND shipLocation_s:15642 AND customerAccount_s:AC0160-7718 AND businessUnit_s:Accu-Tech"", ""userName_s"": ""Matt Duncan"", ""refNum_s"": """"",TRUE,
"""wmpv45e* AND businessUnit_s:Accu-Tech AND shipLocation_s:16011 AND taxonomy_level_1_s:(\""B14-Enclosures and Cabinets\"") AND taxonomy_level_2_s:(\""B1412-Rack, Cabinet and Enclosure Accessories\"") AND taxonomy_level_3_s:(\""B141217-Rack and Cabinet Cable Managers\"") AND advancedPartSearch:Y AND businessUnit_s:Accu-Tech"", ""userName_s"": """", ""refNum_s"": ""100012447""",TRUE,
"""pruny305* AND salesLocation_s:60697 AND shipLocation_s:16014 AND customerAccount_s:AC0199-0993 AND dcLocation_s:5689 AND businessUnit_s:WESCO"", ""userName_s"": ""Jennifer Lee"", ""refNum_s"": """"",FALSE,
"""CBX1WH-A AND shipLocation_s:16043 AND businessUnit_s:Accu-Tech"", ""userName_s"": ""325146"", ""refNum_s"": ""613925""",TRUE,
"""cf54/50-ez AND shipLocation_s:12601 AND businessUnit_s:Accu-Tech"", ""userName_s"": ""224014"", ""refNum_s"": ""613958""",TRUE,
"""M6-22-422* AND salesLocation_s:62396 AND shipLocation_s:14802 AND customerAccount_s:AC0158-2313 AND businessUnit_s:Accu-Tech"", ""userName_s"": ""Jacob Lunsford"", ""refNum_s"": """"",TRUE,
"""EHN9000U-0006* AND salesLocation_s:69609 AND shipLocation_s:12702 AND customerAccount_s:AC0161-4698 AND businessUnit_s:Accu-Tech"", ""userName_s"": ""Tyler Sauer"", ""refNum_s"": """"",TRUE,
"""04- AND businessUnit_s:Accu-Tech"", ""userName_s"": ""327898"", ""refNum_s"": """"",TRUE,
"""LCA12-LCU-BC- AND shipLocation_s:12304 AND businessUnit_s:Accu-Tech"", ""userName_s"": ""327282"", ""refNum_s"": ""613906""",TRUE,
"""LCA12 AND shipLocation_s:12304 AND businessUnit_s:Accu-Tech"", ""userName_s"": ""327282"", ""refNum_s"": ""613906""",TRUE,
"""1LAN_-_SDOLT-G81 AND shipLocation_s:12114 AND businessUnit_s:Accu-Tech"", ""userName_s"": ""320729"", ""refNum_s"": ""613532""",TRUE,
"""UTP28X10bu AND shipLocation_s:16043 AND businessUnit_s:Accu-Tech"", ""userName_s"": ""325146"", ""refNum_s"": ""613925""",TRUE,
"""UTP28xSP10bu AND shipLocation_s:16043 AND businessUnit_s:Accu-Tech"", ""userName_s"": ""325146"", ""refNum_s"": ""613925""",TRUE,
"""76018005 AND shipLocation_s:15642 AND businessUnit_s:Accu-Tech"", ""userName_s"": ""208850"", ""refNum_s"": ""613904""",TRUE,
"""DP486X88TGY AND businessUnit_s:Accu-Tech"", ""userName_s"": ""230714"", ""refNum_s"": """"",TRUE,
"""9910-0100PL-01 AND shipLocation_s:12601 AND businessUnit_s:Accu-Tech"", ""userName_s"": ""219448"", ""refNum_s"": ""613874""",TRUE,
"""cs34p-6w AND shipLocation_s:12908 AND businessUnit_s:Accu-Tech"", ""userName_s"": ""321469"", ""refNum_s"": ""613924""",TRUE,
"""rs AND shipLocation_s:11726 AND businessUnit_s:Accu-Tech"", ""userName_s"": ""327898"", ""refNum_s"": ""613915""",TRUE,
"""lvs AND shipLocation_s:11726 AND businessUnit_s:Accu-Tech"", ""userName_s"": ""327898"", ""refNum_s"": ""613915""",TRUE,
"""042-378/48* AND salesLocation_s:62530 AND shipLocation_s:15642 AND customerAccount_s:AC0158-5056 AND businessUnit_s:Accu-Tech"", ""userName_s"": ""Matt Duncan"", ""refNum_s"": """"",TRUE,
"""LAFS617-4200N AND shipLocation_s:12702 AND businessUnit_s:Accu-Tech"", ""userName_s"": """", ""refNum_s"": ""613923""",TRUE,
"""L4TNM-PSA AND shipLocation_s:12702 AND businessUnit_s:Accu-Tech"", ""userName_s"": """", ""refNum_s"": ""613923""",TRUE,
"""mx-d1z-02 AND shipLocation_s:11726 AND businessUnit_s:Accu-Tech"", ""userName_s"": ""327898"", ""refNum_s"": ""613915""",TRUE,
"""95-200-99* AND salesLocation_s:62471 AND shipLocation_s:14509 AND customerAccount_s:AC0161-8183 AND businessUnit_s:Accu-Tech"", ""userName_s"": ""Patrick Allen"", ""refNum_s"": """"",TRUE,
"""mx- AND shipLocation_s:11726 AND businessUnit_s:Accu-Tech"", ""userName_s"": ""327898"", ""refNum_s"": ""613915""",TRUE,
"""ptl-19-42 AND shipLocation_s:11305 AND businessUnit_s:Accu-Tech"", ""userName_s"": ""313507"", ""refNum_s"": ""613914""",TRUE,
"""AX102652 AND shipLocation_s:12601 AND businessUnit_s:Accu-Tech"", ""userName_s"": ""219448"", ""refNum_s"": ""613874""",TRUE,
"""9c6p4-e2-06a AND shipLocation_s:11726 AND businessUnit_s:Accu-Tech"", ""userName_s"": ""327898"", ""refNum_s"": ""613915""",TRUE,
"""55P AND businessUnit_s:Accu-Tech"", ""userName_s"": ""328841"", ""refNum_s"": ""613896""",TRUE,
"""AX104564 AND shipLocation_s:12601 AND businessUnit_s:Accu-Tech"", ""userName_s"": ""219448"", ""refNum_s"": ""613874""",TRUE,
"""VENDOR_SPECIFIC AND shipLocation_s:16041 AND businessUnit_s:Accu-Tech"", ""userName_s"": ""313089"", ""refNum_s"": ""612088""",TRUE,
"""PX3-5497V-E2K1 AND shipLocation_s:13417 AND businessUnit_s:Accu-Tech"", ""userName_s"": ""310311"", ""refNum_s"": ""613901""",TRUE,
"""14zzz-cut AND shipLocation_s:15625 AND businessUnit_s:Accu-Tech"", ""userName_s"": ""307308"", ""refNum_s"": ""613754""",TRUE,
"""AX103121 AND shipLocation_s:12601 AND businessUnit_s:Accu-Tech"", ""userName_s"": ""219448"", ""refNum_s"": ""613874""",TRUE,
"""cs34r-6 AND shipLocation_s:15642 AND businessUnit_s:Accu-Tech"", ""userName_s"": ""208850"", ""refNum_s"": ""613904""",TRUE,
"""OCA207679MTMT0400F* AND salesLocation_s:62395 AND shipLocation_s:12702 AND customerAccount_s:AC0197-2428 AND businessUnit_s:Accu-Tech"", ""userName_s"": ""Parker Mitchell"", ""refNum_s"": """"",TRUE,
"""6110G-RE6 AND shipLocation_s:14611 AND businessUnit_s:Accu-Tech"", ""userName_s"": ""339347"", ""refNum_s"": ""613893""",TRUE,
"""CCH-CS12-A8-P00KE* AND salesLocation_s:69609 AND shipLocation_s:12702 AND customerAccount_s:AC0160-2040 AND businessUnit_s:Accu-Tech"", ""userName_s"": ""Matthew Zito"", ""refNum_s"": """"",TRUE,
"""18-899-33 AND shipLocation_s:15625 AND businessUnit_s:Accu-Tech"", ""userName_s"": ""307308"", ""refNum_s"": ""613754""",TRUE,
"""IXD-360V03NP AND shipLocation_s:13417 AND businessUnit_s:Accu-Tech"", ""userName_s"": ""308716"", ""refNum_s"": ""612913""",TRUE,
"""5wsm AND shipLocation_s:11726 AND businessUnit_s:Accu-Tech"", ""userName_s"": ""327898"", ""refNum_s"": ""613882""",TRUE,
"""69587-2 AND shipLocation_s:11411 AND businessUnit_s:Accu-Tech"", ""userName_s"": ""210666"", ""refNum_s"": ""613877""",TRUE,
"""69587- AND shipLocation_s:11411 AND businessUnit_s:Accu-Tech"", ""userName_s"": ""210666"", ""refNum_s"": ""613877""",TRUE,
"""RDC61010-06 AND businessUnit_s:Accu-Tech"", ""userName_s"": ""235307"", ""refNum_s"": ""613472""",TRUE,
"""iccabt6v AND shipLocation_s:13603 AND businessUnit_s:Accu-Tech"", ""userName_s"": ""332229"", ""refNum_s"": ""613867""",TRUE,
"""6aspq-6i* AND salesLocation_s:62474 AND shipLocation_s:13417 AND customerAccount_s:AC0186-3068 AND businessUnit_s:Accu-Tech"", ""userName_s"": ""Dennis Stafford"", ""refNum_s"": """"",TRUE,
"""cs34p-9w AND shipLocation_s:11411 AND businessUnit_s:Accu-Tech"", ""userName_s"": ""210666"", ""refNum_s"": ""613877""",TRUE,
"""096* AND salesLocation_s:62530 AND shipLocation_s:15642 AND customerAccount_s:AC0161-7039 AND businessUnit_s:Accu-Tech"", ""userName_s"": ""Greg Griffo"", ""refNum_s"": """"",TRUE,
"""NM-LCF12-D01 AND shipLocation_s:12702 AND businessUnit_s:Accu-Tech"", ""userName_s"": ""339478"", ""refNum_s"": ""613645""",TRUE,
"""95-050-41-x AND businessUnit_s:Accu-Tech"", ""userName_s"": ""228294"", ""refNum_s"": """"",TRUE,
"""6300fe AND shipLocation_s:15642 AND businessUnit_s:Accu-Tech"", ""userName_s"": ""208850"", ""refNum_s"": ""613791""",TRUE,
"""ACBB AND shipLocation_s:13429 AND businessUnit_s:Accu-Tech"", ""userName_s"": ""334120"", ""refNum_s"": ""613030""",TRUE,
"""11302-701* AND salesLocation_s:62474 AND shipLocation_s:13417 AND customerAccount_s:AC0158-6317 AND businessUnit_s:Accu-Tech"", ""userName_s"": ""Kelly Szymanski"", ""refNum_s"": """"",TRUE,
"""1008301AT* AND businessUnit_s:Accu-Tech AND shipLocation_s:11726 AND advancedPartSearch:Y AND businessUnit_s:Accu-Tech"", ""userName_s"": """", ""refNum_s"": ""100012447""",TRUE,
"""SRT2200RMXLA-NC* AND salesLocation_s:62530 AND shipLocation_s:15642 AND customerAccount_s:AC0158-5056 AND businessUnit_s:Accu-Tech"", ""userName_s"": ""Matt Duncan"", ""refNum_s"": """"",TRUE,
"""WBTDBLSPLICEBA* AND businessUnit_s:Accu-Tech AND shipLocation_s:11726 AND advancedPartSearch:Y AND businessUnit_s:Accu-Tech"", ""userName_s"": """", ""refNum_s"": ""100012447""",TRUE,
"""wp804* AND salesLocation_s:62396 AND shipLocation_s:14802 AND customerAccount_s:AC0158-2313 AND businessUnit_s:Accu-Tech"", ""userName_s"": ""Jacob Lunsford"", ""refNum_s"": """"",TRUE,
"""wp1850* AND salesLocation_s:62396 AND shipLocation_s:14802 AND customerAccount_s:AC0158-2313 AND businessUnit_s:Accu-Tech"", ""userName_s"": ""Jacob Lunsford"", ""refNum_s"": """"",TRUE,
"""Foas2FSMlcst-5m AND businessUnit_s:Accu-Tech"", ""userName_s"": ""226022"", ""refNum_s"": """"",TRUE,
"""Foas2FSMlcst-2m AND businessUnit_s:Accu-Tech"", ""userName_s"": ""226022"", ""refNum_s"": """"",TRUE,
"""ax102262* AND businessUnit_s:Accu-Tech AND shipLocation_s:15625 AND advancedPartSearch:Y AND businessUnit_s:Accu-Tech"", ""userName_s"": """", ""refNum_s"": ""100012447""",TRUE,
"""ch-01 AND shipLocation_s:12702 AND businessUnit_s:Accu-Tech"", ""userName_s"": ""227520"", ""refNum_s"": ""613863""",TRUE,
"""98410601000* AND salesLocation_s:61999 AND shipLocation_s:13603 AND customerAccount_s:AC0199-2473 AND businessUnit_s:Accu-Tech"", ""userName_s"": ""Jacquelyn Booth"", ""refNum_s"": """"",TRUE,
"""1933674-2* AND salesLocation_s:62396 AND shipLocation_s:14802 AND customerAccount_s:AC0158-2313 AND businessUnit_s:Accu-Tech"", ""userName_s"": ""Jacob Lunsford"", ""refNum_s"": """"",TRUE,
"""76011 AND shipLocation_s:15642 AND businessUnit_s:Accu-Tech"", ""userName_s"": ""208850"", ""refNum_s"": ""613791""",TRUE,
"""DTK-VM6WM AND shipLocation_s:15609 AND businessUnit_s:Accu-Tech"", ""userName_s"": ""234627"", ""refNum_s"": ""613788""",TRUE,
"""ax10 AND shipLocation_s:15625 AND businessUnit_s:Accu-Tech"", ""userName_s"": ""307308"", ""refNum_s"": ""613840""",TRUE,
"""utp28sp AND shipLocation_s:16043 AND businessUnit_s:Accu-Tech"", ""userName_s"": ""325146"", ""refNum_s"": ""613859""",TRUE,
"""760257312 AND shipLocation_s:15642 AND businessUnit_s:Accu-Tech"", ""userName_s"": ""208850"", ""refNum_s"": ""613791""",TRUE,
"""1506 AND shipLocation_s:14205 AND businessUnit_s:Accu-Tech"", ""userName_s"": ""230516"", ""refNum_s"": ""612185""",TRUE,
"""5'_hdm AND shipLocation_s:12114 AND businessUnit_s:Accu-Tech"", ""userName_s"": ""320729"", ""refNum_s"": ""612826""",TRUE,
"""NKHDMIWH AND shipLocation_s:11726 AND businessUnit_s:Accu-Tech"", ""userName_s"": ""327898"", ""refNum_s"": ""612845""",TRUE,
"""DGS-8 AND shipLocation_s:11726 AND businessUnit_s:Accu-Tech"", ""userName_s"": ""327898"", ""refNum_s"": ""612845""",TRUE,
"""80Z139D29* AND salesLocation_s:61138 AND shipLocation_s:11204 AND customerAccount_s:AC0009-8650 AND dcLocation_s:7302 AND businessUnit_s:WESCO"", ""userName_s"": ""Jarod Hart"", ""refNum_s"": """"",FALSE,
"""760172288 AND shipLocation_s:13603 AND businessUnit_s:Accu-Tech"", ""userName_s"": ""227835"", ""refNum_s"": ""613850""",TRUE,
"""30237-008 AND shipLocation_s:15819 AND businessUnit_s:Accu-Tech"", ""userName_s"": ""223220"", ""refNum_s"": ""613851""",TRUE,
"""SC100RR* AND businessUnit_s:Accu-Tech AND shipLocation_s:12702 AND advancedPartSearch:Y AND businessUnit_s:Accu-Tech"", ""userName_s"": """", ""refNum_s"": ""100012447""",TRUE,
"""40236 AND shipLocation_s:11411 AND businessUnit_s:Accu-Tech"", ""userName_s"": ""336274"", ""refNum_s"": ""611812""",TRUE,
"""S110AA2-100FT AND shipLocation_s:11726 AND businessUnit_s:Accu-Tech"", ""userName_s"": ""327898"", ""refNum_s"": ""612845""",TRUE,
"""ksfp1-88 AND shipLocation_s:12601 AND businessUnit_s:Accu-Tech"", ""userName_s"": ""224014"", ""refNum_s"": ""613817""",TRUE,
"""WAVE-PRO-48 AND shipLocation_s:12601 AND businessUnit_s:Accu-Tech"", ""userName_s"": ""334092"", ""refNum_s"": ""613835""",TRUE,
"""159339 AND shipLocation_s:11411 AND businessUnit_s:Accu-Tech"", ""userName_s"": ""336274"", ""refNum_s"": ""611812""",TRUE,
"""foas2flclc-5m* AND businessUnit_s:Accu-Tech AND shipLocation_s:12702 AND advancedPartSearch:Y AND businessUnit_s:Accu-Tech"", ""userName_s"": """", ""refNum_s"": ""100012447""",TRUE,
"""ceiling24 AND businessUnit_s:Accu-Tech"", ""userName_s"": ""210308"", ""refNum_s"": """"",TRUE,
"""40162-951 AND shipLocation_s:15609 AND businessUnit_s:Accu-Tech"", ""userName_s"": ""234627"", ""refNum_s"": ""613788""",TRUE,
"""48DCWC-08-2X100-B0NB AND shipLocation_s:13429 AND businessUnit_s:Accu-Tech"", ""userName_s"": ""324609"", ""refNum_s"": ""613816""",TRUE,
"""40162-903* AND salesLocation_s:62396 AND shipLocation_s:14802 AND customerAccount_s:AC0158-2313 AND businessUnit_s:Accu-Tech"", ""userName_s"": ""Jacob Lunsford"", ""refNum_s"": """"",TRUE,
"""5073.391* AND salesLocation_s:61171 AND shipLocation_s:12402 AND customerAccount_s:AC0001-5961 AND dcLocation_s:7302 AND businessUnit_s:WESCO"", ""userName_s"": ""Hannah Shook"", ""refNum_s"": """"",FALSE,
"""PHD66U24 AND shipLocation_s:14112 AND businessUnit_s:Accu-Tech"", ""userName_s"": ""221887"", ""refNum_s"": ""613829""",TRUE,
"""11310 AND shipLocation_s:15642 AND businessUnit_s:Accu-Tech"", ""userName_s"": ""208850"", ""refNum_s"": ""613791""",TRUE,
"""CF54EL6EZ AND shipLocation_s:13002 AND businessUnit_s:Accu-Tech"", ""userName_s"": ""233601"", ""refNum_s"": ""613827""",TRUE,
"""11302-701 AND shipLocation_s:15642 AND businessUnit_s:Accu-Tech"", ""userName_s"": ""208850"", ""refNum_s"": ""613791""",TRUE,
"""39725 AND shipLocation_s:11411 AND businessUnit_s:Accu-Tech"", ""userName_s"": ""336274"", ""refNum_s"": ""611812""",TRUE,
"""CJ6X88TGWH AND shipLocation_s:15609 AND businessUnit_s:Accu-Tech"", ""userName_s"": ""234627"", ""refNum_s"": ""613788""",TRUE,
"""11312-71 AND shipLocation_s:15642 AND businessUnit_s:Accu-Tech"", ""userName_s"": ""208850"", ""refNum_s"": ""613791""",TRUE,
"""760149344 AND shipLocation_s:16011 AND businessUnit_s:Accu-Tech"", ""userName_s"": ""335361"", ""refNum_s"": ""613716""",TRUE,
"""4080-1WP AND shipLocation_s:12601 AND businessUnit_s:Accu-Tech"", ""userName_s"": ""224014"", ""refNum_s"": ""613817""",TRUE,
"""10250-712 AND shipLocation_s:15642 AND businessUnit_s:Accu-Tech"", ""userName_s"": ""208850"", ""refNum_s"": ""613791""",TRUE,
"""410 AND shipLocation_s:12601 AND businessUnit_s:Accu-Tech"", ""userName_s"": ""224014"", ""refNum_s"": ""613817""",TRUE,
"""FS200* AND salesLocation_s:62395 AND shipLocation_s:12702 AND customerAccount_s:AC0186-3068 AND businessUnit_s:Accu-Tech"", ""userName_s"": ""Melissa Saul"", ""refNum_s"": """"",TRUE,
"""DTK-MRJEXTS AND shipLocation_s:15609 AND businessUnit_s:Accu-Tech"", ""userName_s"": ""234627"", ""refNum_s"": ""613788""",TRUE,
"""10506-706* AND salesLocation_s:62401 AND shipLocation_s:12601 AND customerAccount_s:AC0197-3363 AND businessUnit_s:Accu-Tech"", ""userName_s"": ""Randy Schnepel"", ""refNum_s"": """"",TRUE,
"""6120ul* AND salesLocation_s:61996 AND shipLocation_s:12304 AND customerAccount_s:AC0158-0962 AND businessUnit_s:Accu-Tech"", ""userName_s"": ""Nathan Ward"", ""refNum_s"": """"",TRUE,
"""10642-001* AND businessUnit_s:Accu-Tech AND shipLocation_s:15609 AND advancedPartSearch:Y AND businessUnit_s:Accu-Tech"", ""userName_s"": """", ""refNum_s"": ""100012447""",TRUE,
"""12100-718* AND salesLocation_s:62401 AND shipLocation_s:12601 AND customerAccount_s:AC0197-3363 AND businessUnit_s:Accu-Tech"", ""userName_s"": ""Randy Schnepel"", ""refNum_s"": """"",TRUE,
"""jb* AND salesLocation_s:62474 AND shipLocation_s:13417 AND customerAccount_s:AC0158-6317 AND businessUnit_s:Accu-Tech"", ""userName_s"": ""Kelly Szymanski"", ""refNum_s"": """"",TRUE,
"""Gth- AND shipLocation_s:12702 AND businessUnit_s:Accu-Tech"", ""userName_s"": ""339478"", ""refNum_s"": ""613645""",TRUE,
"""VACL4012BN* AND salesLocation_s:60001 AND shipLocation_s:12619 AND customerAccount_s:AC0062-8178 AND dcLocation_s:7302 AND businessUnit_s:WESCO"", ""userName_s"": ""Josephine Trupiano"", ""refNum_s"": """"",FALSE,
"""unj600-wh AND shipLocation_s:15642 AND businessUnit_s:Accu-Tech"", ""userName_s"": ""208850"", ""refNum_s"": ""613791""",TRUE,
"""760149328 AND shipLocation_s:16011 AND businessUnit_s:Accu-Tech"", ""userName_s"": ""335361"", ""refNum_s"": ""613716""",TRUE,
"""nk6ppg AND shipLocation_s:14611 AND businessUnit_s:Accu-Tech"", ""userName_s"": ""303596"", ""refNum_s"": ""613806""",TRUE,
"""svc-ip AND shipLocation_s:16041 AND businessUnit_s:Accu-Tech"", ""userName_s"": ""231195"", ""refNum_s"": ""613743""",TRUE,
"""im2k1bk AND shipLocation_s:14611 AND businessUnit_s:Accu-Tech"", ""userName_s"": ""303596"", ""refNum_s"": ""613806""",TRUE,
"""galv* AND businessUnit_s:WESCO AND shipLocation_s:16009 AND shipLocationOnlyFlag:Y AND advancedPartSearch:Y AND businessUnit_s:WESCO"", ""userName_s"": """", ""refNum_s"": ""100012447""",FALSE,
"""106622285 AND shipLocation_s:15642 AND businessUnit_s:Accu-Tech"", ""userName_s"": ""208850"", ""refNum_s"": ""613791""",TRUE,
"""m4c- AND shipLocation_s:14205 AND businessUnit_s:Accu-Tech"", ""userName_s"": ""317857"", ""refNum_s"": ""611530""",TRUE,
"""cs34p-6w* AND salesLocation_s:62747 AND shipLocation_s:11411 AND customerAccount_s:AC0159-7685 AND businessUnit_s:Accu-Tech"", ""userName_s"": ""Shane Linden"", ""refNum_s"": """"",TRUE,
"""760248525 AND shipLocation_s:15642 AND businessUnit_s:Accu-Tech"", ""userName_s"": ""208850"", ""refNum_s"": ""613791""",TRUE,
"""ty27* AND salesLocation_s:60608 AND shipLocation_s:12008 AND customerAccount_s:AC0145-3638 AND dcLocation_s:7305 AND businessUnit_s:WESCO"", ""userName_s"": ""matt trautman"", ""refNum_s"": """"",FALSE,
"""LGX/1000-MODULES AND shipLocation_s:16011 AND businessUnit_s:Accu-Tech"", ""userName_s"": ""335361"", ""refNum_s"": ""613716""",TRUE,
"""PUP6AS04BU-GZ* AND businessUnit_s:Accu-Tech AND shipLocation_s:16043 AND advancedPartSearch:Y AND businessUnit_s:Accu-Tech"", ""userName_s"": """", ""refNum_s"": ""100012447""",TRUE,
"""576-A25-001_RETURNABLE AND shipLocation_s:12702 AND businessUnit_s:Accu-Tech"", ""userName_s"": ""323615"", ""refNum_s"": ""613796""",TRUE,
"""SPH-01P* AND salesLocation_s:62533 AND shipLocation_s:11102 AND customerAccount_s:AC0161-7423 AND businessUnit_s:Accu-Tech"", ""userName_s"": ""Jarred Henderson"", ""refNum_s"": """"",TRUE,
"""760 AND shipLocation_s:14611 AND businessUnit_s:Accu-Tech"", ""userName_s"": ""240568"", ""refNum_s"": ""613799""",TRUE,
"""TNV-C7013RC* AND businessUnit_s:Accu-Tech AND shipLocation_s:15642 AND advancedPartSearch:Y AND businessUnit_s:Accu-Tech"", ""userName_s"": """", ""refNum_s"": ""100012447""",TRUE,
"""TB 430* AND salesLocation_s:60608 AND shipLocation_s:12008 AND customerAccount_s:AC0084-1801 AND dcLocation_s:7305 AND businessUnit_s:WESCO"", ""userName_s"": ""Noah Gelman"", ""refNum_s"": """"",FALSE,
"""cs34 AND shipLocation_s:15642 AND businessUnit_s:Accu-Tech"", ""userName_s"": ""208850"", ""refNum_s"": ""613791""",TRUE,
"""12419-724 AND shipLocation_s:15625 AND businessUnit_s:Accu-Tech"", ""userName_s"": ""307308"", ""refNum_s"": ""613754""",TRUE,
"""11301-701 AND shipLocation_s:15609 AND businessUnit_s:Accu-Tech"", ""userName_s"": ""234627"", ""refNum_s"": ""613788""",TRUE,
"""foas12fsmlcx AND shipLocation_s:16023 AND businessUnit_s:Accu-Tech"", ""userName_s"": ""326749"", ""refNum_s"": ""613781""",TRUE,
"""foa AND shipLocation_s:16023 AND businessUnit_s:Accu-Tech"", ""userName_s"": ""326749"", ""refNum_s"": ""613781""",TRUE,
"""HMCP250W5C* AND salesLocation_s:60697 AND shipLocation_s:16014 AND customerAccount_s:AC0000-0821 AND dcLocation_s:5689 AND businessUnit_s:WESCO"", ""userName_s"": ""Jennifer Lee"", ""refNum_s"": """"",FALSE,
"""300252 AND shipLocation_s:11411 AND businessUnit_s:Accu-Tech"", ""userName_s"": ""336274"", ""refNum_s"": ""611812""",TRUE,
"""ceptics-schuko* AND salesLocation_s:69609 AND shipLocation_s:12702 AND customerAccount_s:AC0158-1127 AND businessUnit_s:Accu-Tech"", ""userName_s"": ""Jared Ferguson"", ""refNum_s"": """"",TRUE,
"""SSKF-1P* AND salesLocation_s:62532 AND shipLocation_s:11726 AND customerAccount_s:AC0158-5689 AND businessUnit_s:Accu-Tech"", ""userName_s"": ""John Croucher"", ""refNum_s"": """"",TRUE,
"""ax1047156* AND businessUnit_s:Accu-Tech AND shipLocation_s:12114 AND advancedPartSearch:Y AND businessUnit_s:Accu-Tech"", ""userName_s"": """", ""refNum_s"": ""100012447""",TRUE,
"""760239 AND shipLocation_s:11102 AND businessUnit_s:Accu-Tech"", ""userName_s"": ""206552"", ""refNum_s"": ""613783""",TRUE,
"""10032090* AND businessUnit_s:Accu-Tech AND shipLocation_s:14112 AND advancedPartSearch:Y AND businessUnit_s:Accu-Tech"", ""userName_s"": """", ""refNum_s"": ""100012447""",TRUE,
"""ethernet AND shipLocation_s:12114 AND businessUnit_s:Accu-Tech"", ""userName_s"": ""320729"", ""refNum_s"": ""612826""",TRUE,
"""*:* AND transPartOrFilter:(transactablePart_s:1004939AT OR transactablePart_s:1033094AT OR transactablePart_s:1048658AT) AND salesLocation_s:62530 AND shipLocation_s:15642 AND customerAccount_s:AC0158-4229 AND businessUnit_s:Accu-Tech"", ""userName_s"": ""Matt Duncan"", ""refNum_s"": ""QU100030471""",TRUE,
"""cs44p-8w AND businessUnit_s:Accu-Tech"", ""userName_s"": ""226022"", ""refNum_s"": """"",TRUE,
"""221213 AND businessUnit_s:Accu-Tech"", ""userName_s"": ""219448"", ""refNum_s"": """"",TRUE,
"""UN874049914/10 AND shipLocation_s:16011 AND businessUnit_s:Accu-Tech"", ""userName_s"": ""322620"", ""refNum_s"": ""613778""",TRUE,
"""95-000-99* AND salesLocation_s:62396 AND shipLocation_s:14802 AND customerAccount_s:AC0158-2313 AND businessUnit_s:Accu-Tech"", ""userName_s"": ""Jacob Lunsford"", ""refNum_s"": """"",TRUE,
"""qnv AND shipLocation_s:14205 AND businessUnit_s:Accu-Tech"", ""userName_s"": ""317857"", ""refNum_s"": ""613775""",TRUE,
"""76010711 AND shipLocation_s:13429 AND businessUnit_s:Accu-Tech"", ""userName_s"": ""307614"", ""refNum_s"": ""613771""",TRUE,
"""900-FA AND shipLocation_s:15625 AND businessUnit_s:Accu-Tech"", ""userName_s"": ""307308"", ""refNum_s"": ""613752""",TRUE,
"""DAUP 008a1000* AND salesLocation_s:62536 AND shipLocation_s:15609 AND customerAccount_s:AC0158-1970 AND businessUnit_s:Accu-Tech"", ""userName_s"": ""Jason Jarvis"", ""refNum_s"": """"",TRUE,
"""6b-272-er* AND businessUnit_s:Accu-Tech AND shipLocation_s:12702 AND advancedPartSearch:Y AND businessUnit_s:Accu-Tech"", ""userName_s"": """", ""refNum_s"": ""100012447""",TRUE,
"""cppl48wbly* AND salesLocation_s:62532 AND shipLocation_s:11726 AND customerAccount_s:AC0163-4802 AND businessUnit_s:Accu-Tech"", ""userName_s"": ""Christian Anderson"", ""refNum_s"": """"",TRUE,
"""6b-272-edr* AND businessUnit_s:Accu-Tech AND shipLocation_s:12702 AND advancedPartSearch:Y AND businessUnit_s:Accu-Tech"", ""userName_s"": """", ""refNum_s"": ""100012447""",TRUE,
"""black jacket single mode* AND businessUnit_s:Accu-Tech AND shipLocation_s:12702 AND advancedPartSearch:Y AND businessUnit_s:Accu-Tech"", ""userName_s"": """", ""refNum_s"": ""100012447""",TRUE,
"""900- AND shipLocation_s:15625 AND businessUnit_s:Accu-Tech"", ""userName_s"": ""307308"", ""refNum_s"": ""613752""",TRUE,
"""9940* AND businessUnit_s:Accu-Tech AND shipLocation_s:14611 AND advancedPartSearch:Y AND businessUnit_s:Accu-Tech"", ""userName_s"": """", ""refNum_s"": ""100012447""",TRUE,
"""31090* AND businessUnit_s:Accu-Tech AND shipLocation_s:12702 AND advancedPartSearch:Y AND businessUnit_s:Accu-Tech"", ""userName_s"": """", ""refNum_s"": ""100012447""",TRUE,
"""GL480N12 AND businessUnit_s:Accu-Tech"", ""userName_s"": ""328501"", ""refNum_s"": ""613651""",TRUE,
"""012E8P-31131-29* AND salesLocation_s:62397 AND shipLocation_s:14810 AND customerAccount_s:AC0158-2758 AND businessUnit_s:Accu-Tech"", ""userName_s"": ""Camden Lee"", ""refNum_s"": """"",TRUE,
"""14zzz-frt* AND salesLocation_s:62473 AND shipLocation_s:13429 AND customerAccount_s:AC0158-6232 AND businessUnit_s:Accu-Tech"", ""userName_s"": ""Jacquelyn Booth"", ""refNum_s"": """"",TRUE,
"""PHDHJU48* AND salesLocation_s:62473 AND shipLocation_s:13429 AND customerAccount_s:AC0158-6202 AND businessUnit_s:Accu-Tech"", ""userName_s"": ""Jeremy Prevette"", ""refNum_s"": """"",TRUE,
"""M21-750-499* AND salesLocation_s:62680 AND shipLocation_s:14205 AND customerAccount_s:AC0158-2472 AND businessUnit_s:Accu-Tech"", ""userName_s"": ""Sean Stazen"", ""refNum_s"": """"",TRUE,
"""LD5WH6-A AND businessUnit_s:Accu-Tech"", ""userName_s"": ""324687"", ""refNum_s"": ""613735""",TRUE,
"""MC AND shipLocation_s:14112 AND businessUnit_s:Accu-Tech"", ""userName_s"": ""221887"", ""refNum_s"": ""613760""",TRUE,
"""10081255 AND businessUnit_s:Accu-Tech"", ""userName_s"": ""302568"", ""refNum_s"": """"",TRUE,
"""6t-27 AND businessUnit_s:Accu-Tech"", ""userName_s"": ""328947"", ""refNum_s"": ""613759""",TRUE,
"""11746-724 AND shipLocation_s:16011 AND businessUnit_s:Accu-Tech"", ""userName_s"": ""329137"", ""refNum_s"": ""613727""",TRUE,
"""OR-40300010 AND businessUnit_s:Accu-Tech"", ""userName_s"": ""324687"", ""refNum_s"": ""613735""",TRUE,
"""165bk4a* AND salesLocation_s:62474 AND shipLocation_s:13417 AND customerAccount_s:AC0158-6335 AND businessUnit_s:Accu-Tech"", ""userName_s"": ""Kelly Szymanski"", ""refNum_s"": """"",TRUE,
"""cj64h AND shipLocation_s:14509 AND businessUnit_s:Accu-Tech"", ""userName_s"": ""316066"", ""refNum_s"": ""613753""",TRUE,
"""11421-712 AND shipLocation_s:16011 AND businessUnit_s:Accu-Tech"", ""userName_s"": ""329137"", ""refNum_s"": ""613727""",TRUE,
"""1896 AND shipLocation_s:14611 AND businessUnit_s:Accu-Tech"", ""userName_s"": ""339347"", ""refNum_s"": ""613730""",TRUE,
"""1000 AND shipLocation_s:12702 AND businessUnit_s:Accu-Tech"", ""userName_s"": ""238367"", ""refNum_s"": ""613748""",TRUE,
"""DC-R13-ON300Cxh AND shipLocation_s:12702 AND businessUnit_s:Accu-Tech"", ""userName_s"": ""339478"", ""refNum_s"": ""613645""",TRUE,
"""PHD6AU24* AND salesLocation_s:62400 AND shipLocation_s:14112 AND customerAccount_s:AC0163-3983 AND businessUnit_s:Accu-Tech"", ""userName_s"": ""Ewan Pessoa"", ""refNum_s"": """"",TRUE,
"""fs11 AND shipLocation_s:15812 AND businessUnit_s:Accu-Tech"", ""userName_s"": ""321886"", ""refNum_s"": ""613705""",TRUE,
"""2413_012A1000 AND shipLocation_s:12702 AND businessUnit_s:Accu-Tech"", ""userName_s"": ""323615"", ""refNum_s"": ""613736""",TRUE,
"""30-23-117* AND salesLocation_s:60001 AND shipLocation_s:12619 AND customerAccount_s:AC0051-5771 AND dcLocation_s:7302 AND businessUnit_s:WESCO"", ""userName_s"": ""John Allgaier"", ""refNum_s"": """"",FALSE,
"""pr2vd06* AND businessUnit_s:Accu-Tech AND shipLocation_s:12702 AND advancedPartSearch:Y AND businessUnit_s:Accu-Tech"", ""userName_s"": """", ""refNum_s"": ""100012447""",TRUE,
"""cat6 i/o su AND shipLocation_s:11102 AND businessUnit_s:Accu-Tech"", ""userName_s"": ""238320"", ""refNum_s"": ""613383""",TRUE,
"""(877)_877-2269 AND shipLocation_s:16011 AND businessUnit_s:Accu-Tech"", ""userName_s"": ""335361"", ""refNum_s"": ""613716""",TRUE,
"""760258743* AND salesLocation_s:62747 AND shipLocation_s:11411 AND customerAccount_s:AC0159-1043 AND businessUnit_s:Accu-Tech"", ""userName_s"": ""Thomas Cousins"", ""refNum_s"": """"",TRUE,
"""048zu AND shipLocation_s:14802 AND businessUnit_s:Accu-Tech"", ""userName_s"": ""208873"", ""refNum_s"": ""613714""",TRUE,
"""upl-4mt-12* AND salesLocation_s:61960 AND shipLocation_s:16043 AND customerAccount_s:AC0158-9192 AND businessUnit_s:Accu-Tech"", ""userName_s"": ""Alton Balentine"", ""refNum_s"": """"",TRUE,
"""JBX3510WH-A AND shipLocation_s:12601 AND businessUnit_s:Accu-Tech"", ""userName_s"": ""334092"", ""refNum_s"": ""613686""",TRUE,
"""\t1001178AT* AND businessUnit_s:Accu-Tech AND shipLocation_s:15609 AND advancedPartSearch:Y AND businessUnit_s:Accu-Tech"", ""userName_s"": """", ""refNum_s"": ""100012447""",TRUE,
"""760257310 AND shipLocation_s:16043 AND businessUnit_s:Accu-Tech"", ""userName_s"": ""325146"", ""refNum_s"": ""613258""",TRUE,
"""JBP1WH-PAN* AND salesLocation_s:62681 AND shipLocation_s:14611 AND customerAccount_s:AC0158-1392 AND businessUnit_s:Accu-Tech"", ""userName_s"": ""Joshua Luffman"", ""refNum_s"": """"",TRUE,
"""JS-NMNF1.5F-R141 AND shipLocation_s:12702 AND businessUnit_s:Accu-Tech"", ""userName_s"": ""339478"", ""refNum_s"": ""613645""",TRUE,
"""TB8* AND salesLocation_s:60181 AND shipLocation_s:12004 AND customerAccount_s:AC0067-7604 AND businessUnit_s:WESCO"", ""userName_s"": ""Olaf Morledge"", ""refNum_s"": """"",FALSE,
"""ax104601* AND salesLocation_s:62530 AND shipLocation_s:15642 AND customerAccount_s:AC0197-3668 AND businessUnit_s:Accu-Tech"", ""userName_s"": ""Greg Griffo"", ""refNum_s"": """"",TRUE,
"""558AFS_0001000 AND shipLocation_s:15642 AND businessUnit_s:Accu-Tech"", ""userName_s"": ""208850"", ""refNum_s"": ""613688""",TRUE,
"""44-030BLK-WH AND shipLocation_s:15625 AND businessUnit_s:Accu-Tech"", ""userName_s"": ""239937"", ""refNum_s"": ""613662""",TRUE,
"""658AMJ_0041 AND shipLocation_s:15642 AND businessUnit_s:Accu-Tech"", ""userName_s"": ""208850"", ""refNum_s"": ""613688""",TRUE,
"""632 AND businessUnit_s:Accu-Tech"", ""userName_s"": ""208904"", ""refNum_s"": """"",TRUE,
"""DSTR* AND businessUnit_s:Accu-Tech AND shipLocation_s:14611 AND advancedPartSearch:Y AND businessUnit_s:Accu-Tech"", ""userName_s"": """", ""refNum_s"": ""100012447""",TRUE,
"""fa62-stst-3* AND salesLocation_s:62395 AND shipLocation_s:12702 AND customerAccount_s:AC0194-7020 AND businessUnit_s:Accu-Tech"", ""userName_s"": ""Steve Kurtinitis"", ""refNum_s"": """"",TRUE,
"""cch-cp06 AND shipLocation_s:13429 AND businessUnit_s:Accu-Tech"", ""userName_s"": ""307614"", ""refNum_s"": ""613660""",TRUE,
"""C601106015* AND salesLocation_s:62533 AND shipLocation_s:11102 AND customerAccount_s:AC0159-3220 AND businessUnit_s:Accu-Tech"", ""userName_s"": ""Jarred Henderson"", ""refNum_s"": """"",TRUE,
"""AX104599* AND businessUnit_s:Accu-Tech AND shipLocation_s:15642 AND advancedPartSearch:Y AND businessUnit_s:Accu-Tech"", ""userName_s"": """", ""refNum_s"": ""100012447""",TRUE,
"""006TU4-T4780D20 AND businessUnit_s:Accu-Tech"", ""userName_s"": ""208850"", ""refNum_s"": """"",TRUE,
"""ZC64M9SB-SBF010* AND salesLocation_s:62532 AND shipLocation_s:11726 AND customerAccount_s:AC0158-2155 AND businessUnit_s:Accu-Tech"", ""userName_s"": ""Austin Collins"", ""refNum_s"": """"",TRUE,
"""15213-703 AND businessUnit_s:Accu-Tech"", ""userName_s"": ""219448"", ""refNum_s"": """"",TRUE,
"""5057N* AND salesLocation_s:60001 AND shipLocation_s:12619 AND customerAccount_s:AC0200-3234 AND dcLocation_s:7302 AND businessUnit_s:WESCO"", ""userName_s"": ""Sam Alford"", ""refNum_s"": """"",FALSE,
"""cch-01 AND shipLocation_s:11726 AND businessUnit_s:Accu-Tech"", ""userName_s"": ""327898"", ""refNum_s"": ""612845""",TRUE,
"""61110-rl6* AND salesLocation_s:61960 AND shipLocation_s:16043 AND customerAccount_s:AC0158-0571 AND businessUnit_s:Accu-Tech"", ""userName_s"": ""Alton Balentine"", ""refNum_s"": """"",TRUE,
"""sbv-120gw AND shipLocation_s:14611 AND businessUnit_s:Accu-Tech"", ""userName_s"": ""303596"", ""refNum_s"": ""613640""",TRUE,
"""ltr12b048a AND shipLocation_s:12702 AND businessUnit_s:Accu-Tech"", ""userName_s"": ""213117"", ""refNum_s"": ""613619""",TRUE,
"""77-240-2a* AND salesLocation_s:61960 AND shipLocation_s:16043 AND customerAccount_s:AC0158-0571 AND businessUnit_s:Accu-Tech"", ""userName_s"": ""Alton Balentine"", ""refNum_s"": """"",TRUE,
"""sbv- AND shipLocation_s:14611 AND businessUnit_s:Accu-Tech"", ""userName_s"": ""303596"", ""refNum_s"": ""613640""",TRUE,
"""MCTP6Iâ€“5â€“3* AND salesLocation_s:62532 AND shipLocation_s:11726 AND customerAccount_s:IC1036-0000 AND businessUnit_s:Accu-Tech"", ""userName_s"": ""John Croucher"", ""refNum_s"": """"",TRUE,
"""NK6X88MBL* AND businessUnit_s:Accu-Tech AND shipLocation_s:11726 AND advancedPartSearch:Y AND businessUnit_s:Accu-Tech"", ""userName_s"": """", ""refNum_s"": ""100012447""",TRUE,
"""ltr12b024ab04 AND shipLocation_s:12702 AND businessUnit_s:Accu-Tech"", ""userName_s"": ""213117"", ""refNum_s"": ""613619""",TRUE,
"""658amj* AND salesLocation_s:61996 AND shipLocation_s:12304 AND customerAccount_s:AC0161-3217 AND businessUnit_s:Accu-Tech"", ""userName_s"": ""Matt Daly"", ""refNum_s"": """"",TRUE,
"""ltr12b072ab AND shipLocation_s:12702 AND businessUnit_s:Accu-Tech"", ""userName_s"": ""213117"", ""refNum_s"": ""613619""",TRUE,
"""10FT AND shipLocation_s:14205 AND businessUnit_s:Accu-Tech"", ""userName_s"": ""230516"", ""refNum_s"": ""612185""",TRUE,
"""90-C6ACBSL-WH-003 AND shipLocation_s:15625 AND businessUnit_s:Accu-Tech"", ""userName_s"": ""239937"", ""refNum_s"": ""613662""",TRUE,
"""FISX006 AND shipLocation_s:16043 AND businessUnit_s:Accu-Tech"", ""userName_s"": ""227199"", ""refNum_s"": ""601917""",TRUE,
"""6a-272* AND businessUnit_s:Accu-Tech AND shipLocation_s:12702 AND mfgPartNumberFilter:Y AND advancedPartSearch:Y AND businessUnit_s:Accu-Tech"", ""userName_s"": """", ""refNum_s"": ""100012447""",TRUE,
"""2412006u1 AND shipLocation_s:16043 AND businessUnit_s:Accu-Tech"", ""userName_s"": ""227199"", ""refNum_s"": ""601917""",TRUE,
"""1107510* AND salesLocation_s:60001 AND shipLocation_s:12619 AND customerAccount_s:AC0001-4164 AND dcLocation_s:7302 AND businessUnit_s:WESCO"", ""userName_s"": ""John Allgaier"", ""refNum_s"": """"",FALSE,
"""65-ACWK-U AND shipLocation_s:12702 AND businessUnit_s:Accu-Tech"", ""userName_s"": ""339478"", ""refNum_s"": ""613645""",TRUE,
"""576-RD15-006 AND shipLocation_s:11726 AND businessUnit_s:Accu-Tech"", ""userName_s"": ""327898"", ""refNum_s"": ""612845""",TRUE,
"""SG12-12 AND shipLocation_s:12702 AND businessUnit_s:Accu-Tech"", ""userName_s"": ""339478"", ""refNum_s"": ""613645""",TRUE,
"""BE8YZ622Z* AND salesLocation_s:60608 AND shipLocation_s:14001 AND customerAccount_s:AC0155-5833 AND dcLocation_s:7305 AND businessUnit_s:WESCO"", ""userName_s"": ""Scott Martin"", ""refNum_s"": """"",FALSE,
"""EF538Y52Z* AND salesLocation_s:60608 AND shipLocation_s:14001 AND customerAccount_s:AC0155-5833 AND dcLocation_s:7305 AND businessUnit_s:WESCO"", ""userName_s"": ""Scott Martin"", ""refNum_s"": """"",FALSE,
"""165WH4A* AND salesLocation_s:62395 AND shipLocation_s:12702 AND customerAccount_s:AC0162-5224 AND businessUnit_s:Accu-Tech"", ""userName_s"": ""Ryan Thenell"", ""refNum_s"": """"",TRUE,
"""725116 AND shipLocation_s:14611 AND businessUnit_s:Accu-Tech"", ""userName_s"": ""303596"", ""refNum_s"": ""613640""",TRUE,
"""wp2500* AND salesLocation_s:61082 AND shipLocation_s:16009 AND customerAccount_s:AC0015-9592 AND dcLocation_s:5689 AND businessUnit_s:WESCO"", ""userName_s"": ""Nate Archer"", ""refNum_s"": """"",FALSE,
"""FDSD012P9* AND salesLocation_s:62530 AND shipLocation_s:15642 AND customerAccount_s:AC0164-6108 AND businessUnit_s:Accu-Tech"", ""userName_s"": ""Greg Griffo"", ""refNum_s"": """"",TRUE,
"""AX105203 AND shipLocation_s:16043 AND businessUnit_s:Accu-Tech"", ""userName_s"": ""227199"", ""refNum_s"": ""613614""",TRUE,
"""760148 AND shipLocation_s:15609 AND businessUnit_s:Accu-Tech"", ""userName_s"": ""226022"", ""refNum_s"": ""613615""",TRUE,
"""tl AND shipLocation_s:12702 AND businessUnit_s:Accu-Tech"", ""userName_s"": ""238367"", ""refNum_s"": ""612582""",TRUE,
"""08870001569* AND salesLocation_s:60608 AND shipLocation_s:14001 AND customerAccount_s:AC0155-5833 AND dcLocation_s:7305 AND businessUnit_s:WESCO"", ""userName_s"": ""Scott Martin"", ""refNum_s"": """"",FALSE,
"""760018838 AND shipLocation_s:15609 AND businessUnit_s:Accu-Tech"", ""userName_s"": ""226022"", ""refNum_s"": ""613615""",TRUE,
"""288EUF-T4101D20 AND shipLocation_s:15609 AND businessUnit_s:Accu-Tech"", ""userName_s"": ""337705"", ""refNum_s"": ""613622""",TRUE,
"""CABEDROPOUT AND shipLocation_s:16043 AND businessUnit_s:Accu-Tech"", ""userName_s"": ""227199"", ""refNum_s"": ""613614""",TRUE,
"""EX6XLB50* AND businessUnit_s:Accu-Tech AND shipLocation_s:11726 AND advancedPartSearch:Y AND businessUnit_s:Accu-Tech"", ""userName_s"": """", ""refNum_s"": ""100012447""",TRUE,
"""ssp100* AND salesLocation_s:62401 AND shipLocation_s:12601 AND customerAccount_s:AC0158-8375 AND businessUnit_s:Accu-Tech"", ""userName_s"": ""Randy Schnepel"", ""refNum_s"": """"",TRUE,
"""sd- AND shipLocation_s:15609 AND businessUnit_s:Accu-Tech"", ""userName_s"": ""226022"", ""refNum_s"": ""613615""",TRUE,
"""RVAFPBUbK-S1 AND shipLocation_s:16043 AND businessUnit_s:Accu-Tech"", ""userName_s"": ""227199"", ""refNum_s"": ""613614""",TRUE,
"""idr1 AND shipLocation_s:15609 AND businessUnit_s:Accu-Tech"", ""userName_s"": ""226022"", ""refNum_s"": ""613615""",TRUE,
"""760127 AND shipLocation_s:15609 AND businessUnit_s:Accu-Tech"", ""userName_s"": ""226022"", ""refNum_s"": ""613615""",TRUE,
"""ksfp1* AND salesLocation_s:62396 AND shipLocation_s:14802 AND customerAccount_s:AC0186-3068 AND businessUnit_s:Accu-Tech"", ""userName_s"": ""Ryan Odom"", ""refNum_s"": """"",TRUE,
"""super7* AND salesLocation_s:62474 AND shipLocation_s:13417 AND customerAccount_s:AC0158-6319 AND businessUnit_s:Accu-Tech"", ""userName_s"": ""Tyler Ballengee"", ""refNum_s"": """"",TRUE,
"""E3052S.41.03* AND salesLocation_s:62680 AND shipLocation_s:14205 AND customerAccount_s:AC0160-5355 AND businessUnit_s:Accu-Tech"", ""userName_s"": ""Jacquelyn Booth"", ""refNum_s"": """"",TRUE,
"""*:* AND transPartOrFilter:(transactablePart_s:1055915AT OR transactablePart_s:1023951AT OR transactablePart_s:1040094AT OR transactablePart_s:1039707AT) AND salesLocation_s:62530 AND shipLocation_s:15642 AND customerAccount_s:AC0158-5445 AND businessUnit_s:Accu-Tech"", ""userName_s"": ""Matt Duncan"", ""refNum_s"": ""100082934""",TRUE,
"""41089-2wp* AND salesLocation_s:62530 AND shipLocation_s:15642 AND customerAccount_s:AC0196-9504 AND businessUnit_s:Accu-Tech"", ""userName_s"": ""Billy Caine"", ""refNum_s"": """"",TRUE,
"""33e140c* AND salesLocation_s:61171 AND shipLocation_s:12402 AND customerAccount_s:AC0018-5130 AND dcLocation_s:7302 AND businessUnit_s:WESCO"", ""userName_s"": ""Danny Jenkins"", ""refNum_s"": """"",FALSE,
"""tl25* AND salesLocation_s:62530 AND shipLocation_s:15642 AND customerAccount_s:AC0196-9504 AND businessUnit_s:Accu-Tech"", ""userName_s"": ""Billy Caine"", ""refNum_s"": """"",TRUE,
"""SB57904* AND salesLocation_s:62530 AND shipLocation_s:15642 AND customerAccount_s:AC0191-1059 AND businessUnit_s:Accu-Tech"", ""userName_s"": ""Billy Caine"", ""refNum_s"": """"",TRUE,
"""10506-716* AND salesLocation_s:62395 AND shipLocation_s:12702 AND customerAccount_s:AC0186-3068 AND businessUnit_s:Accu-Tech"", ""userName_s"": ""Melissa Saul"", ""refNum_s"": """"",TRUE,
"""42777-1WA* AND salesLocation_s:62473 AND shipLocation_s:13429 AND customerAccount_s:AC0158-6182 AND businessUnit_s:Accu-Tech"", ""userName_s"": ""Jeremy Prevette"", ""refNum_s"": """"",TRUE,
"""61110-BV6* AND salesLocation_s:62473 AND shipLocation_s:13429 AND customerAccount_s:AC0158-6182 AND businessUnit_s:Accu-Tech"", ""userName_s"": ""Jeremy Prevette"", ""refNum_s"": """"",TRUE,
"""cat16hp4z34* AND salesLocation_s:62474 AND shipLocation_s:13417 AND customerAccount_s:AC0158-6317 AND businessUnit_s:Accu-Tech"", ""userName_s"": ""Kelly Szymanski"", ""refNum_s"": """"",TRUE,
"""11408-003 AND businessUnit_s:Accu-Tech"", ""userName_s"": ""208739"", ""refNum_s"": ""613596""",TRUE,
"""FBC2 AND businessUnit_s:Accu-Tech"", ""userName_s"": ""208739"", ""refNum_s"": ""613588""",TRUE,
"""42100009- AND shipLocation_s:15812 AND businessUnit_s:Accu-Tech"", ""userName_s"": ""216856"", ""refNum_s"": ""613589""",TRUE,
"""CATHP AND shipLocation_s:15812 AND businessUnit_s:Accu-Tech"", ""userName_s"": ""216856"", ""refNum_s"": ""612709""",TRUE,
"""paint* AND businessUnit_s:WESCO AND shipLocation_s:12402 AND advancedPartSearch:Y AND businessUnit_s:WESCO"", ""userName_s"": """", ""refNum_s"": ""100012447""",FALSE,
"""T50 AND shipLocation_s:15812 AND businessUnit_s:Accu-Tech"", ""userName_s"": ""216856"", ""refNum_s"": ""612410""",TRUE,
"""hub50* AND salesLocation_s:60664 AND shipLocation_s:14001 AND customerAccount_s:AC0001-4341 AND dcLocation_s:7305 AND businessUnit_s:WESCO"", ""userName_s"": ""Garrett Rucker"", ""refNum_s"": """"",FALSE,
"""DCAPPFIU24 AND shipLocation_s:14112 AND businessUnit_s:Accu-Tech"", ""userName_s"": ""230714"", ""refNum_s"": ""613412""",TRUE,
"""66662xl* AND salesLocation_s:60664 AND shipLocation_s:14001 AND customerAccount_s:AC0001-4341 AND dcLocation_s:7305 AND businessUnit_s:WESCO"", ""userName_s"": ""Garrett Rucker"", ""refNum_s"": """"",FALSE,
"""cch-cp12-a9* AND businessUnit_s:Accu-Tech AND shipLocation_s:14509 AND shipLocationOnlyFlag:Y AND advancedPartSearch:Y AND businessUnit_s:Accu-Tech"", ""userName_s"": """", ""refNum_s"": ""100012447""",TRUE,
"""cch-01u* AND businessUnit_s:Accu-Tech AND shipLocation_s:14509 AND shipLocationOnlyFlag:Y AND advancedPartSearch:Y AND businessUnit_s:Accu-Tech"", ""userName_s"": """", ""refNum_s"": ""100012447""",TRUE,
"""452049* AND salesLocation_s:60608 AND shipLocation_s:12008 AND customerAccount_s:AC0016-2584 AND dcLocation_s:7305 AND businessUnit_s:WESCO"", ""userName_s"": ""matt trautman"", ""refNum_s"": """"",FALSE,
"""D-LU2TU-SR2-020M AND shipLocation_s:15428 AND businessUnit_s:Accu-Tech"", ""userName_s"": ""239908"", ""refNum_s"": ""613568""",TRUE,
"""10250-7 AND shipLocation_s:15414 AND businessUnit_s:Accu-Tech"", ""userName_s"": ""216112"", ""refNum_s"": ""613570""",TRUE,
"""SMX120RMBP2U* AND businessUnit_s:Accu-Tech AND shipLocation_s:13429 AND advancedPartSearch:Y AND businessUnit_s:Accu-Tech"", ""userName_s"": """", ""refNum_s"": ""100012447""",TRUE,
"""cch-cp06-e4* AND salesLocation_s:62532 AND shipLocation_s:11726 AND customerAccount_s:AC0158-0346 AND businessUnit_s:Accu-Tech"", ""userName_s"": ""Christian Anderson"", ""refNum_s"": """"",TRUE,
"""CAT32HP4 AND shipLocation_s:11305 AND businessUnit_s:Accu-Tech"", ""userName_s"": ""337844"", ""refNum_s"": ""613554""",TRUE,
"""NCMHf AND shipLocation_s:11411 AND businessUnit_s:Accu-Tech"", ""userName_s"": ""302766"", ""refNum_s"": ""613552""",TRUE,
"""5140104* AND salesLocation_s:60682 AND shipLocation_s:15408 AND customerAccount_s:AC0005-9619 AND dcLocation_s:7305 AND businessUnit_s:WESCO"", ""userName_s"": ""Roberto Gonzalez"", ""refNum_s"": """"",FALSE,
"""9C6R4-E3-06-_RXA AND shipLocation_s:14611 AND businessUnit_s:Accu-Tech"", ""userName_s"": ""307070"", ""refNum_s"": ""613550""",TRUE,
"""UP6- AND shipLocation_s:12114 AND businessUnit_s:Accu-Tech"", ""userName_s"": ""235882"", ""refNum_s"": ""613538""",TRUE,
"""mx-fp- AND shipLocation_s:12114 AND businessUnit_s:Accu-Tech"", ""userName_s"": ""235882"", ""refNum_s"": ""613538""",TRUE,
"""CPPL24WBLY AND shipLocation_s:14611 AND businessUnit_s:Accu-Tech"", ""userName_s"": ""307070"", ""refNum_s"": ""613537""",TRUE,
"""9c6 AND shipLocation_s:12114 AND businessUnit_s:Accu-Tech"", ""userName_s"": ""235882"", ""refNum_s"": ""613538""",TRUE,
"""CMBWH-X AND shipLocation_s:14611 AND businessUnit_s:Accu-Tech"", ""userName_s"": ""307070"", ""refNum_s"": ""613537""",TRUE,
"""165BK4A AND businessUnit_s:Accu-Tech"", ""userName_s"": ""228593"", ""refNum_s"": ""613536""",TRUE,
"""11840-724 AND shipLocation_s:13002 AND businessUnit_s:Accu-Tech"", ""userName_s"": ""316046"", ""refNum_s"": ""613525""",TRUE,
"""10595-712 AND shipLocation_s:13002 AND businessUnit_s:Accu-Tech"", ""userName_s"": ""316046"", ""refNum_s"": ""613525""",TRUE,
"""D4100 AND businessUnit_s:Accu-Tech"", ""userName_s"": ""307091"", ""refNum_s"": ""613527""",TRUE,
"""12D1-1-03* AND salesLocation_s:62681 AND shipLocation_s:14611 AND customerAccount_s:AC0158-1612 AND businessUnit_s:Accu-Tech"", ""userName_s"": ""Ryan Van Horn"", ""refNum_s"": """"",TRUE,
"""AX101433* AND salesLocation_s:62532 AND shipLocation_s:11726 AND customerAccount_s:AC0162-3694 AND businessUnit_s:Accu-Tech"", ""userName_s"": ""John Croucher"", ""refNum_s"": """"",TRUE,
"""*:* AND transPartOrFilter:(transactablePart_s:1024234AT) AND salesLocation_s:62746 AND shipLocation_s:15428 AND customerAccount_s:AC0158-7303 AND businessUnit_s:Accu-Tech"", ""userName_s"": ""Nelson Albanesi"", ""refNum_s"": ""100081657""",TRUE,
"""1041029at* AND salesLocation_s:62747 AND shipLocation_s:11411 AND customerAccount_s:AC0160-8038 AND businessUnit_s:Accu-Tech"", ""userName_s"": ""JR Luck"", ""refNum_s"": """"",TRUE,
"""3923 AND shipLocation_s:16043 AND businessUnit_s:Accu-Tech"", ""userName_s"": ""227199"", ""refNum_s"": ""613512""",TRUE,
"""725* AND businessUnit_s:Accu-Tech AND shipLocation_s:14611 AND advancedPartSearch:Y AND businessUnit_s:Accu-Tech"", ""userName_s"": """", ""refNum_s"": ""100012447""",TRUE,
"""ac-a12* AND businessUnit_s:Accu-Tech AND shipLocation_s:14611 AND advancedPartSearch:Y AND businessUnit_s:Accu-Tech"", ""userName_s"": """", ""refNum_s"": ""100012447""",TRUE,
"""658af AND shipLocation_s:15642 AND businessUnit_s:Accu-Tech"", ""userName_s"": ""208850"", ""refNum_s"": ""613437""",TRUE,
"""utp28x10b AND shipLocation_s:15642 AND businessUnit_s:Accu-Tech"", ""userName_s"": ""208850"", ""refNum_s"": ""613437""",TRUE,
"""XUTPSP5ORY AND shipLocation_s:16041 AND businessUnit_s:Accu-Tech"", ""userName_s"": ""337765"", ""refNum_s"": ""613488""",TRUE,
"""mino6a AND shipLocation_s:12114 AND businessUnit_s:Accu-Tech"", ""userName_s"": ""235882"", ""refNum_s"": ""613511""",TRUE,
"""atr3 AND shipLocation_s:16023 AND businessUnit_s:Accu-Tech"", ""userName_s"": ""339483"", ""refNum_s"": ""613495""",TRUE,
"""CO199K2-07F001 AND shipLocation_s:12114 AND businessUnit_s:Accu-Tech"", ""userName_s"": ""235882"", ""refNum_s"": ""613511""",TRUE,
"""NCMHAEF2 AND shipLocation_s:13002 AND businessUnit_s:Accu-Tech"", ""userName_s"": ""316046"", ""refNum_s"": ""613401""",TRUE,
"""9950* AND businessUnit_s:Accu-Tech AND shipLocation_s:14611 AND advancedPartSearch:Y AND businessUnit_s:Accu-Tech"", ""userName_s"": """", ""refNum_s"": ""100012447""",TRUE,
"""fpsldl AND shipLocation_s:15642 AND businessUnit_s:Accu-Tech"", ""userName_s"": ""208850"", ""refNum_s"": ""613437""",TRUE,
"""258300336 AND shipLocation_s:13002 AND businessUnit_s:Accu-Tech"", ""userName_s"": ""316046"", ""refNum_s"": ""613401""",TRUE,
"""108168485 AND shipLocation_s:12114 AND businessUnit_s:Accu-Tech"", ""userName_s"": ""337344"", ""refNum_s"": ""613501""",TRUE,
"""b11004* AND salesLocation_s:60682 AND shipLocation_s:15408 AND customerAccount_s:AC0005-9619 AND dcLocation_s:7305 AND businessUnit_s:WESCO"", ""userName_s"": ""Roberto Gonzalez"", ""refNum_s"": """"",FALSE,
"""108333030 AND shipLocation_s:12114 AND businessUnit_s:Accu-Tech"", ""userName_s"": ""337344"", ""refNum_s"": ""613501""",TRUE,
"""m12 AND shipLocation_s:12114 AND businessUnit_s:Accu-Tech"", ""userName_s"": ""337344"", ""refNum_s"": ""613501""",TRUE,
"""404hdj2-88* AND salesLocation_s:62744 AND shipLocation_s:15416 AND customerAccount_s:AC0161-5083 AND businessUnit_s:Accu-Tech"", ""userName_s"": ""Chanel Cannon"", ""refNum_s"": """"",TRUE,
"""SMT3000RM2UCSMT3000RM2U AND shipLocation_s:14611 AND businessUnit_s:Accu-Tech"", ""userName_s"": ""303596"", ""refNum_s"": ""613478""",TRUE,
"""UTPSP7BUY AND shipLocation_s:13002 AND businessUnit_s:Accu-Tech"", ""userName_s"": ""316046"", ""refNum_s"": ""613401""",TRUE,
"""DG19 AND shipLocation_s:16023 AND businessUnit_s:Accu-Tech"", ""userName_s"": ""339483"", ""refNum_s"": ""613495""",TRUE,
"""10595-71 AND shipLocation_s:14611 AND businessUnit_s:Accu-Tech"", ""userName_s"": ""303596"", ""refNum_s"": ""613478""",TRUE,
"""1131 AND shipLocation_s:15642 AND businessUnit_s:Accu-Tech"", ""userName_s"": ""208850"", ""refNum_s"": ""613437""",TRUE,
"""11302 AND shipLocation_s:14611 AND businessUnit_s:Accu-Tech"", ""userName_s"": ""303596"", ""refNum_s"": ""613478""",TRUE,
"""11301- AND shipLocation_s:15642 AND businessUnit_s:Accu-Tech"", ""userName_s"": ""208850"", ""refNum_s"": ""613437""",TRUE,
"""55053-703 AND shipLocation_s:14611 AND businessUnit_s:Accu-Tech"", ""userName_s"": ""303596"", ""refNum_s"": ""613478""",TRUE,
"""24-4P-P-L7SH AND shipLocation_s:12114 AND businessUnit_s:Accu-Tech"", ""userName_s"": ""235882"", ""refNum_s"": ""612254""",TRUE,
"""WMPFSE-PAN* AND salesLocation_s:62533 AND shipLocation_s:11102 AND customerAccount_s:AC0159-8906 AND businessUnit_s:Accu-Tech"", ""userName_s"": ""Steven King"", ""refNum_s"": """"",TRUE,
"""DG19 AND shipLocation_s:13002 AND businessUnit_s:Accu-Tech"", ""userName_s"": ""316046"", ""refNum_s"": ""613401""",TRUE,
"""30130-719* AND salesLocation_s:62744 AND shipLocation_s:15416 AND customerAccount_s:AC0161-5083 AND businessUnit_s:Accu-Tech"", ""userName_s"": ""Chanel Cannon"", ""refNum_s"": """"",TRUE,
"""49910- AND shipLocation_s:14611 AND businessUnit_s:Accu-Tech"", ""userName_s"": ""303596"", ""refNum_s"": ""613478""",TRUE,
"""weather AND shipLocation_s:16041 AND businessUnit_s:Accu-Tech"", ""userName_s"": ""318654"", ""refNum_s"": ""613499""",TRUE,
"""1006-12 AND shipLocation_s:14611 AND businessUnit_s:Accu-Tech"", ""userName_s"": ""240568"", ""refNum_s"": ""608739""",TRUE,
"""PE89-2425-GCC* AND salesLocation_s:62399 AND shipLocation_s:15812 AND customerAccount_s:AC0162-8133 AND businessUnit_s:Accu-Tech"", ""userName_s"": ""Patrick Sweeney"", ""refNum_s"": """"",TRUE,
"""ksj-00005-02* AND salesLocation_s:62746 AND shipLocation_s:15428 AND customerAccount_s:AC0161-6850 AND businessUnit_s:Accu-Tech"", ""userName_s"": ""Peter Newman"", ""refNum_s"": """"",TRUE,
"""RVAMJKUBK-S1 AND shipLocation_s:16041 AND businessUnit_s:Accu-Tech"", ""userName_s"": ""318654"", ""refNum_s"": ""613499""",TRUE,
"""LRRMPBLK AND shipLocation_s:13002 AND businessUnit_s:Accu-Tech"", ""userName_s"": ""316046"", ""refNum_s"": ""613401""",TRUE,
"""6a110-001 AND shipLocation_s:14611 AND businessUnit_s:Accu-Tech"", ""userName_s"": ""303596"", ""refNum_s"": ""613478""",TRUE,
"""LBSKB AND shipLocation_s:13002 AND businessUnit_s:Accu-Tech"", ""userName_s"": ""316046"", ""refNum_s"": ""613401""",TRUE,
"""6A110-007 AND shipLocation_s:14611 AND businessUnit_s:Accu-Tech"", ""userName_s"": ""303596"", ""refNum_s"": ""613478""",TRUE,
"""ACGK AND shipLocation_s:13002 AND businessUnit_s:Accu-Tech"", ""userName_s"": ""316046"", ""refNum_s"": ""613401""",TRUE,
"""BCH12-c AND shipLocation_s:12114 AND businessUnit_s:Accu-Tech"", ""userName_s"": ""320729"", ""refNum_s"": ""613279""",TRUE,
"""10250-718 AND businessUnit_s:Accu-Tech"", ""userName_s"": ""302568"", ""refNum_s"": """"",TRUE,
"""6306FE-BELDEN* AND salesLocation_s:62399 AND shipLocation_s:15812 AND customerAccount_s:AC0162-8133 AND businessUnit_s:Accu-Tech"", ""userName_s"": ""Patrick Sweeney"", ""refNum_s"": """"",TRUE,
"""FRT12X4LYL AND shipLocation_s:16041 AND businessUnit_s:Accu-Tech"", ""userName_s"": ""212564"", ""refNum_s"": ""613487""",TRUE,
"""USL600-VLT AND businessUnit_s:Accu-Tech"", ""userName_s"": ""228593"", ""refNum_s"": ""613442""",TRUE,
"""FAPWAQDLCZ AND shipLocation_s:16043 AND businessUnit_s:Accu-Tech"", ""userName_s"": ""325146"", ""refNum_s"": ""613396""",TRUE,
"""be0021anu AND shipLocation_s:13002 AND businessUnit_s:Accu-Tech"", ""userName_s"": ""316046"", ""refNum_s"": ""613401""",TRUE,
"""CS34P-12w AND businessUnit_s:Accu-Tech"", ""userName_s"": ""228593"", ""refNum_s"": ""613442""",TRUE,
"""CFPL2SY AND shipLocation_s:13002 AND businessUnit_s:Accu-Tech"", ""userName_s"": ""316046"", ""refNum_s"": ""613401""",TRUE,
"""cat16hp* AND salesLocation_s:61996 AND shipLocation_s:12304 AND customerAccount_s:AC0158-0883 AND businessUnit_s:Accu-Tech"", ""userName_s"": ""Chris Keith"", ""refNum_s"": """"",TRUE,
"""CFPE6WHY AND shipLocation_s:13002 AND businessUnit_s:Accu-Tech"", ""userName_s"": ""316046"", ""refNum_s"": ""613401""",TRUE,
"""WI11454 AND shipLocation_s:12601 AND businessUnit_s:Accu-Tech"", ""userName_s"": ""219448"", ""refNum_s"": ""613482""",TRUE,
"""7525819 AND shipLocation_s:14802 AND businessUnit_s:Accu-Tech"", ""userName_s"": ""326020"", ""refNum_s"": ""613479""",TRUE,
"""cch AND shipLocation_s:12114 AND businessUnit_s:Accu-Tech"", ""userName_s"": ""235882"", ""refNum_s"": ""612254""",TRUE,
"""6M120-001 AND businessUnit_s:Accu-Tech"", ""userName_s"": ""328841"", ""refNum_s"": ""613475""",TRUE,
"""M51 AND shipLocation_s:14611 AND businessUnit_s:Accu-Tech"", ""userName_s"": ""339347"", ""refNum_s"": ""613471""",TRUE,
"""upl-nm- AND shipLocation_s:12114 AND businessUnit_s:Accu-Tech"", ""userName_s"": ""235882"", ""refNum_s"": ""612254""",TRUE,
"""yp AND shipLocation_s:12114 AND businessUnit_s:Accu-Tech"", ""userName_s"": ""235882"", ""refNum_s"": ""612254""",TRUE,
"""cj6x88tgwh AND shipLocation_s:15642 AND businessUnit_s:Accu-Tech"", ""userName_s"": ""208850"", ""refNum_s"": ""613437""",TRUE,
"""cbx1wh-sa AND shipLocation_s:15642 AND businessUnit_s:Accu-Tech"", ""userName_s"": ""208850"", ""refNum_s"": ""613437""",TRUE,
"""006ESF-T4101D20 AND shipLocation_s:12114 AND businessUnit_s:Accu-Tech"", ""userName_s"": ""235882"", ""refNum_s"": ""612254""",TRUE,
"""cffpl2wh AND shipLocation_s:15642 AND businessUnit_s:Accu-Tech"", ""userName_s"": ""208850"", ""refNum_s"": ""613437""",TRUE,
"""cf1064why AND shipLocation_s:15642 AND businessUnit_s:Accu-Tech"", ""userName_s"": ""208850"", ""refNum_s"": ""613437""",TRUE,
"""cf1064w AND shipLocation_s:15642 AND businessUnit_s:Accu-Tech"", ""userName_s"": ""208850"", ""refNum_s"": ""613437""",TRUE,
"""cj688tg AND shipLocation_s:12908 AND businessUnit_s:Accu-Tech"", ""userName_s"": ""321602"", ""refNum_s"": ""613454""",TRUE,
"""760248900 AND shipLocation_s:12114 AND businessUnit_s:Accu-Tech"", ""userName_s"": ""337344"", ""refNum_s"": ""613445""",TRUE,
"""cat21hp* AND salesLocation_s:61996 AND shipLocation_s:12304 AND customerAccount_s:AC0158-0883 AND businessUnit_s:Accu-Tech"", ""userName_s"": ""Chris Keith"", ""refNum_s"": """"",TRUE,
"""404tj1* AND salesLocation_s:61996 AND shipLocation_s:12304 AND customerAccount_s:AC0158-0883 AND businessUnit_s:Accu-Tech"", ""userName_s"": ""Chris Keith"", ""refNum_s"": """"",TRUE,
"""3cs AND shipLocation_s:15642 AND businessUnit_s:Accu-Tech"", ""userName_s"": ""208850"", ""refNum_s"": ""613437""",TRUE,
"""WS-UHK AND shipLocation_s:13417 AND businessUnit_s:Accu-Tech"", ""userName_s"": ""234589"", ""refNum_s"": ""613453""",TRUE,
"""Q40-0XNU* AND businessUnit_s:Accu-Tech AND shipLocation_s:12702 AND advancedPartSearch:Y AND businessUnit_s:Accu-Tech"", ""userName_s"": """", ""refNum_s"": ""100012447""",TRUE,
"""3m 130c* AND salesLocation_s:60697 AND shipLocation_s:16014 AND customerAccount_s:AC0000-0821 AND dcLocation_s:5689 AND businessUnit_s:WESCO"", ""userName_s"": ""Jennifer Lee"", ""refNum_s"": """"",FALSE,
"""638AFS* AND salesLocation_s:62745 AND shipLocation_s:15009 AND customerAccount_s:AC0160-0848 AND businessUnit_s:Accu-Tech"", ""userName_s"": ""Kyle Celli"", ""refNum_s"": """"",TRUE,
"""mctp6bi-sd-0-5* AND salesLocation_s:62531 AND shipLocation_s:15625 AND customerAccount_s:AC0194-0534 AND businessUnit_s:Accu-Tech"", ""userName_s"": ""Dean Laden"", ""refNum_s"": """"",TRUE,
"""STP6X10YL AND shipLocation_s:11411 AND businessUnit_s:Accu-Tech"", ""userName_s"": ""336136"", ""refNum_s"": ""598931""",TRUE,
"""6A-272-2A* AND salesLocation_s:62473 AND shipLocation_s:13429 AND customerAccount_s:AC0200-2580 AND businessUnit_s:Accu-Tech"", ""userName_s"": ""Ben Leonard"", ""refNum_s"": """"",TRUE,
"""nm* AND salesLocation_s:60608 AND shipLocation_s:12008 AND customerAccount_s:AC0063-6538 AND dcLocation_s:7305 AND businessUnit_s:WESCO"", ""userName_s"": ""Noah Gelman"", ""refNum_s"": """"",FALSE,
"""7131100* AND businessUnit_s:Accu-Tech AND shipLocation_s:14611 AND advancedPartSearch:Y AND businessUnit_s:Accu-Tech"", ""userName_s"": """", ""refNum_s"": ""100012447""",TRUE,
"""95-000-99* AND salesLocation_s:62474 AND shipLocation_s:13417 AND customerAccount_s:AC0160-5915 AND businessUnit_s:Accu-Tech"", ""userName_s"": ""Tyler Ballengee"", ""refNum_s"": """"",TRUE,
"""foas2f10glclc-50- AND shipLocation_s:11102 AND businessUnit_s:Accu-Tech"", ""userName_s"": ""238320"", ""refNum_s"": ""613383""",TRUE,
"""10610-019 AND shipLocation_s:16023 AND businessUnit_s:Accu-Tech"", ""userName_s"": ""312371"", ""refNum_s"": ""612916""",TRUE,
"""FTSTLCWH* AND salesLocation_s:62532 AND shipLocation_s:11726 AND customerAccount_s:AC0161-7908 AND businessUnit_s:Accu-Tech"", ""userName_s"": ""Austin Collins"", ""refNum_s"": """"",TRUE,
"""FTSTLC WH* AND salesLocation_s:62532 AND shipLocation_s:11726 AND customerAccount_s:AC0161-7908 AND businessUnit_s:Accu-Tech"", ""userName_s"": ""Austin Collins"", ""refNum_s"": """"",TRUE,
"""120483D01 AND shipLocation_s:16041 AND businessUnit_s:Accu-Tech"", ""userName_s"": ""331970"", ""refNum_s"": ""602043""",TRUE,
"""41084-bw AND shipLocation_s:12114 AND businessUnit_s:Accu-Tech"", ""userName_s"": ""337344"", ""refNum_s"": ""613431""",TRUE,
"""r2p AND shipLocation_s:16043 AND businessUnit_s:Accu-Tech"", ""userName_s"": ""325146"", ""refNum_s"": ""613396""",TRUE,
"""Aircheck- AND shipLocation_s:11102 AND businessUnit_s:Accu-Tech"", ""userName_s"": ""226317"", ""refNum_s"": ""613426""",TRUE,
"""202048j AND shipLocation_s:16043 AND businessUnit_s:Accu-Tech"", ""userName_s"": ""325146"", ""refNum_s"": ""613396""",TRUE,
"""cj688tgbu AND shipLocation_s:16043 AND businessUnit_s:Accu-Tech"", ""userName_s"": ""325146"", ""refNum_s"": ""613396""",TRUE,
"""cj688tgb AND shipLocation_s:16043 AND businessUnit_s:Accu-Tech"", ""userName_s"": ""325146"", ""refNum_s"": ""613396""",TRUE,
"""cj688 AND shipLocation_s:16043 AND businessUnit_s:Accu-Tech"", ""userName_s"": ""325146"", ""refNum_s"": ""613396""",TRUE,
"""cj6 AND shipLocation_s:16043 AND businessUnit_s:Accu-Tech"", ""userName_s"": ""325146"", ""refNum_s"": ""613396""",TRUE,
"""mctp6i-6-5* AND salesLocation_s:62399 AND shipLocation_s:15812 AND customerAccount_s:AC0158-4571 AND businessUnit_s:Accu-Tech"", ""userName_s"": ""Patrick Sweeney"", ""refNum_s"": """"",TRUE,
"""STP6X5YL AND shipLocation_s:11411 AND businessUnit_s:Accu-Tech"", ""userName_s"": ""336136"", ""refNum_s"": ""598931""",TRUE,
"""fp-l AND shipLocation_s:11411 AND businessUnit_s:Accu-Tech"", ""userName_s"": ""210666"", ""refNum_s"": ""613423""",TRUE,
"""77-240-eb* AND businessUnit_s:Accu-Tech AND shipLocation_s:15642 AND advancedPartSearch:Y AND businessUnit_s:Accu-Tech"", ""userName_s"": """", ""refNum_s"": ""100012447""",TRUE,
"""KSB10-88* AND salesLocation_s:61961 AND shipLocation_s:16011 AND customerAccount_s:AC0159-4787 AND businessUnit_s:Accu-Tech"", ""userName_s"": ""Andrew Lane"", ""refNum_s"": """"",TRUE,
"""UNJ10GT AND shipLocation_s:12114 AND businessUnit_s:Accu-Tech"", ""userName_s"": ""235882"", ""refNum_s"": ""613402""",TRUE,
"""UNJK AND shipLocation_s:12114 AND businessUnit_s:Accu-Tech"", ""userName_s"": ""235882"", ""refNum_s"": ""613402""",TRUE,
"""4s255-s24* AND salesLocation_s:62399 AND shipLocation_s:15812 AND customerAccount_s:AC0158-4571 AND businessUnit_s:Accu-Tech"", ""userName_s"": ""Patrick Sweeney"", ""refNum_s"": """"",TRUE,
"""cs34p-9w* AND businessUnit_s:Accu-Tech AND shipLocation_s:11411 AND advancedPartSearch:Y AND businessUnit_s:Accu-Tech"", ""userName_s"": """", ""refNum_s"": ""100012447""",TRUE,
"""*:* AND transPartOrFilter:(transactablePart_s:1014836AT OR transactablePart_s:1014332AT OR transactablePart_s:1014720AT OR transactablePart_s:1014304AT OR transactablePart_s:1052560AT) AND salesLocation_s:62401 AND shipLocation_s:12601 AND customerAccount_s:AC0197-0565 AND businessUnit_s:Accu-Tech"", ""userName_s"": ""Nolan Ostrander"", ""refNum_s"": ""100081116""",TRUE,
"""OR-SP6U48* AND salesLocation_s:61961 AND shipLocation_s:16011 AND customerAccount_s:AC0159-4787 AND businessUnit_s:Accu-Tech"", ""userName_s"": ""Andrew Lane"", ""refNum_s"": """"",TRUE,
"""isc-pb1-1 AND shipLocation_s:15416 AND businessUnit_s:Accu-Tech"", ""userName_s"": ""233831"", ""refNum_s"": ""613414""",TRUE,
"""71318 AND shipLocation_s:16023 AND businessUnit_s:Accu-Tech"", ""userName_s"": ""326749"", ""refNum_s"": ""613404""",TRUE,
"""11408-001 AND shipLocation_s:14112 AND businessUnit_s:Accu-Tech"", ""userName_s"": ""230714"", ""refNum_s"": ""613412""",TRUE,
"""CPPL48M6 AND shipLocation_s:15414 AND businessUnit_s:Accu-Tech"", ""userName_s"": ""216112"", ""refNum_s"": ""613411""",TRUE,
"""25225bbl1000 AND shipLocation_s:13002 AND businessUnit_s:Accu-Tech"", ""userName_s"": ""316046"", ""refNum_s"": ""613401""",TRUE,
"""cpp-sddm-sl-2u-48* AND salesLocation_s:62395 AND shipLocation_s:12702 AND customerAccount_s:AC0158-2992 AND businessUnit_s:Accu-Tech"", ""userName_s"": ""Steve Kurtinitis"", ""refNum_s"": """"",TRUE,
"""ex11n7 AND shipLocation_s:13002 AND businessUnit_s:Accu-Tech"", ""userName_s"": ""316046"", ""refNum_s"": ""613401""",TRUE,
"""*:* AND transPartOrFilter:(transactablePart_s:1041974AT OR transactablePart_s:1042057AT OR transactablePart_s:1039941AT OR transactablePart_s:1033461AT OR transactablePart_s:1039271AT OR transactablePart_s:1039648AT OR transactablePart_s:1039963AT OR transactablePart_s:1039983AT OR transactablePart_s:1012659AT OR transactablePart_s:1059855AT) AND salesLocation_s:61996 AND shipLocation_s:12304 AND customerAccount_s:AC0158-0867 AND businessUnit_s:Accu-Tech"", ""userName_s"": ""Joel Goering"", ""refNum_s"": ""100082724""",TRUE,
"""760258513* AND salesLocation_s:61999 AND shipLocation_s:13603 AND customerAccount_s:AC0185-4735 AND businessUnit_s:Accu-Tech"", ""userName_s"": ""Zachary Boyd"", ""refNum_s"": """"",TRUE,
"""WMPF1E AND shipLocation_s:15812 AND businessUnit_s:Accu-Tech"", ""userName_s"": ""321886"", ""refNum_s"": ""613397""",TRUE,
"""77-24-*6b- AND businessUnit_s:Accu-Tech"", ""userName_s"": ""208904"", ""refNum_s"": """"",TRUE,
"""cat32hp* AND salesLocation_s:62395 AND shipLocation_s:12702 AND customerAccount_s:AC0196-5279 AND businessUnit_s:Accu-Tech"", ""userName_s"": ""Amanda Wyckoff"", ""refNum_s"": """"",TRUE,
"""MCTP6I-0 AND businessUnit_s:Accu-Tech"", ""userName_s"": ""328841"", ""refNum_s"": ""613382""",TRUE,
"""L4006P401 AND shipLocation_s:12908 AND businessUnit_s:Accu-Tech"", ""userName_s"": ""321469"", ""refNum_s"": ""611631""",TRUE,
"""pup AND businessUnit_s:Accu-Tech"", ""userName_s"": ""326749"", ""refNum_s"": """"",TRUE,
"""cat16hpbu* AND salesLocation_s:62473 AND shipLocation_s:13429 AND customerAccount_s:AC0160-6516 AND businessUnit_s:Accu-Tech"", ""userName_s"": ""Jeremy Prevette"", ""refNum_s"": """"",TRUE,
"""006T88-31190-A3 AND shipLocation_s:12908 AND businessUnit_s:Accu-Tech"", ""userName_s"": ""321469"", ""refNum_s"": ""611631""",TRUE,
"""D4-85FN AND shipLocation_s:12908 AND businessUnit_s:Accu-Tech"", ""userName_s"": ""233430"", ""refNum_s"": ""613388""",TRUE,
"""P-006-DZ-5K-FSUBK AND shipLocation_s:16043 AND businessUnit_s:Accu-Tech"", ""userName_s"": ""227199"", ""refNum_s"": ""610647""",TRUE,
"""k1582tdg* AND salesLocation_s:61138 AND shipLocation_s:11204 AND customerAccount_s:AC0059-8008 AND dcLocation_s:7302 AND businessUnit_s:WESCO"", ""userName_s"": ""Jarod Hart"", ""refNum_s"": """"",FALSE,
"""fs3410 AND businessUnit_s:Accu-Tech"", ""userName_s"": ""332869"", ""refNum_s"": ""612790""",TRUE,
"""760258481 AND shipLocation_s:11726 AND businessUnit_s:Accu-Tech"", ""userName_s"": ""327898"", ""refNum_s"": ""613360""",TRUE,
"""760237778 AND businessUnit_s:Accu-Tech"", ""userName_s"": ""332229"", ""refNum_s"": """"",TRUE,
"""CAB-C15-CBN AND shipLocation_s:16043 AND businessUnit_s:Accu-Tech"", ""userName_s"": ""237291"", ""refNum_s"": ""613350""",TRUE,
"""SMB-2P-262 AND shipLocation_s:16041 AND businessUnit_s:Accu-Tech"", ""userName_s"": ""313089"", ""refNum_s"": ""613347""",TRUE,
"""P2RFC-2232* AND businessUnit_s:Accu-Tech AND shipLocation_s:16041 AND advancedPartSearch:Y AND businessUnit_s:Accu-Tech"", ""userName_s"": """", ""refNum_s"": ""100012447""",TRUE,
"""SRW AND businessUnit_s:Accu-Tech"", ""userName_s"": ""337705"", ""refNum_s"": """"",TRUE,
"""FP-LBL-2P-262 AND shipLocation_s:16041 AND businessUnit_s:Accu-Tech"", ""userName_s"": ""313089"", ""refNum_s"": ""613347""",TRUE,
"""ar771 AND shipLocation_s:12114 AND businessUnit_s:Accu-Tech"", ""userName_s"": ""235327"", ""refNum_s"": ""613340""",TRUE,
"""1114245 AND shipLocation_s:16023 AND businessUnit_s:Accu-Tech"", ""userName_s"": ""339483"", ""refNum_s"": ""613122""",TRUE,
"""11142 AND shipLocation_s:16023 AND businessUnit_s:Accu-Tech"", ""userName_s"": ""339483"", ""refNum_s"": ""613122""",TRUE,
"""49887-12S AND businessUnit_s:Accu-Tech"", ""userName_s"": ""323615"", ""refNum_s"": """"",TRUE,
"""AX101783* AND businessUnit_s:Accu-Tech AND shipLocation_s:16041 AND advancedPartSearch:Y AND businessUnit_s:Accu-Tech"", ""userName_s"": """", ""refNum_s"": ""100012447""",TRUE,
"""AX101783* AND businessUnit_s:Accu-Tech AND shipLocation_s:16041 AND advancedPartSearch:Y AND businessUnit_s:Accu-Tech"", ""userName_s"": """", ""refNum_s"": ""100012447""",TRUE,
"""012EUF-T4101DA1* AND businessUnit_s:Accu-Tech AND shipLocation_s:14112 AND advancedPartSearch:Y AND businessUnit_s:Accu-Tech"", ""userName_s"": """", ""refNum_s"": ""100012447""",TRUE,
"""CO199K2-09F007 AND businessUnit_s:Accu-Tech"", ""userName_s"": ""228294"", ""refNum_s"": """"",TRUE,
"""cs34 AND shipLocation_s:15812 AND businessUnit_s:Accu-Tech"", ""userName_s"": ""216856"", ""refNum_s"": ""612619""",TRUE,
"""LYNX3 AND shipLocation_s:15414 AND businessUnit_s:Accu-Tech"", ""userName_s"": ""216112"", ""refNum_s"": ""613335""",TRUE,
"""STP6X5BL AND shipLocation_s:11411 AND businessUnit_s:Accu-Tech"", ""userName_s"": ""336136"", ""refNum_s"": ""598931""",TRUE,
"""61UJK-SW6* AND salesLocation_s:62400 AND shipLocation_s:14112 AND customerAccount_s:AC0163-3983 AND businessUnit_s:Accu-Tech"", ""userName_s"": ""Ewan Pessoa"", ""refNum_s"": """"",TRUE,
"""UN874049914/10 AND shipLocation_s:16041 AND businessUnit_s:Accu-Tech"", ""userName_s"": ""331970"", ""refNum_s"": ""613336""",TRUE,
"""TF2-OS2-PL-LCLC-200FT-1PE* AND salesLocation_s:62395 AND shipLocation_s:12702 AND customerAccount_s:AC0158-2717 AND businessUnit_s:Accu-Tech"", ""userName_s"": ""Chris Seeman"", ""refNum_s"": """"",TRUE,
"""CPP48HDWBLY* AND salesLocation_s:62532 AND shipLocation_s:11726 AND customerAccount_s:AC0160-6760 AND businessUnit_s:Accu-Tech"", ""userName_s"": ""John Croucher"", ""refNum_s"": """"",TRUE,
"""1041029AT* AND salesLocation_s:62744 AND shipLocation_s:15416 AND customerAccount_s:AC0155-5833 AND businessUnit_s:Accu-Tech"", ""userName_s"": ""Roma Kay"", ""refNum_s"": """"",TRUE,
"""E2V-BOXED* AND salesLocation_s:62397 AND shipLocation_s:14810 AND customerAccount_s:AC0158-2247 AND businessUnit_s:Accu-Tech"", ""userName_s"": ""Camden Lee"", ""refNum_s"": """"",TRUE,
"""dcf5ei-x* AND salesLocation_s:62396 AND shipLocation_s:14802 AND customerAccount_s:AC0158-2487 AND businessUnit_s:Accu-Tech"", ""userName_s"": ""Andrew Holman"", ""refNum_s"": """"",TRUE,
"""RV6 AND shipLocation_s:11305 AND businessUnit_s:Accu-Tech"", ""userName_s"": ""313507"", ""refNum_s"": ""613333""",TRUE,
"""600* AND salesLocation_s:62396 AND shipLocation_s:14802 AND customerAccount_s:AC0158-2487 AND businessUnit_s:Accu-Tech"", ""userName_s"": ""Andrew Holman"", ""refNum_s"": """"",TRUE,
"""6112dlc50g* AND salesLocation_s:62396 AND shipLocation_s:14802 AND customerAccount_s:AC0158-2487 AND businessUnit_s:Accu-Tech"", ""userName_s"": ""Andrew Holman"", ""refNum_s"": """"",TRUE,
"""7131100 AND shipLocation_s:11726 AND businessUnit_s:Accu-Tech"", ""userName_s"": ""331169"", ""refNum_s"": ""613322""",TRUE,
"""SHMC2RUW* AND salesLocation_s:62531 AND shipLocation_s:15625 AND customerAccount_s:AC0158-5181 AND businessUnit_s:Accu-Tech"", ""userName_s"": ""Jacquelyn Booth"", ""refNum_s"": """"",TRUE,
"""cat32 AND shipLocation_s:13002 AND businessUnit_s:Accu-Tech"", ""userName_s"": ""316046"", ""refNum_s"": ""613296""",TRUE,
"""PNM-9031RV* AND businessUnit_s:Accu-Tech AND shipLocation_s:14611 AND advancedPartSearch:Y AND businessUnit_s:Accu-Tech"", ""userName_s"": """", ""refNum_s"": ""100012447""",TRUE,
"""10595-712 AND shipLocation_s:14205 AND businessUnit_s:Accu-Tech"", ""userName_s"": ""230516"", ""refNum_s"": ""613293""",TRUE,
"""dcc4888/110six* AND salesLocation_s:62396 AND shipLocation_s:14802 AND customerAccount_s:AC0158-2487 AND businessUnit_s:Accu-Tech"", ""userName_s"": ""Andrew Holman"", ""refNum_s"": """"",TRUE,
"""NKBMWH AND shipLocation_s:13002 AND businessUnit_s:Accu-Tech"", ""userName_s"": ""316046"", ""refNum_s"": ""613296""",TRUE,
"""T00011670* AND businessUnit_s:Accu-Tech"", ""userName_s"": """", ""refNum_s"": ""900000313""",TRUE,
"""31060 AND shipLocation_s:12908 AND businessUnit_s:Accu-Tech"", ""userName_s"": ""233430"", ""refNum_s"": ""613290""",TRUE,
"""SKI-KIT-REV1-7* AND salesLocation_s:61997 AND shipLocation_s:12114 AND customerAccount_s:AC0158-0346 AND businessUnit_s:Accu-Tech"", ""userName_s"": ""JR Luck"", ""refNum_s"": """"",TRUE,
"""77 AND shipLocation_s:14205 AND businessUnit_s:Accu-Tech"", ""userName_s"": ""230516"", ""refNum_s"": ""613293""",TRUE,
"""43080-1S6 AND businessUnit_s:Accu-Tech"", ""userName_s"": ""216112"", ""refNum_s"": """"",TRUE,
"""dtk-1106 AND shipLocation_s:11411 AND businessUnit_s:Accu-Tech"", ""userName_s"": ""210666"", ""refNum_s"": ""613286""",TRUE,
"""GS44P-6 AND shipLocation_s:15428 AND businessUnit_s:Accu-Tech"", ""userName_s"": ""337277"", ""refNum_s"": ""609203""",TRUE,
"""006eu4701d20 AND businessUnit_s:Accu-Tech"", ""userName_s"": ""328476"", ""refNum_s"": ""613247""",TRUE,
"""cch-cp12-e7* AND businessUnit_s:Accu-Tech AND shipLocation_s:11726 AND advancedPartSearch:Y AND businessUnit_s:Accu-Tech"", ""userName_s"": """", ""refNum_s"": ""100012447""",TRUE,
"""638AMJ* AND salesLocation_s:62745 AND shipLocation_s:15009 AND customerAccount_s:AC0160-0848 AND businessUnit_s:Accu-Tech"", ""userName_s"": ""Kyle Celli"", ""refNum_s"": """"",TRUE,
"""nkf AND shipLocation_s:14611 AND businessUnit_s:Accu-Tech"", ""userName_s"": ""303596"", ""refNum_s"": ""613234""",TRUE,
"""SBP_300PMW1 AND businessUnit_s:Accu-Tech"", ""userName_s"": ""307091"", ""refNum_s"": ""613278""",TRUE,
"""OR-PHD66U48 AND shipLocation_s:12908 AND businessUnit_s:Accu-Tech"", ""userName_s"": ""233430"", ""refNum_s"": ""613274""",TRUE,
"""10gx AND shipLocation_s:16023 AND businessUnit_s:Accu-Tech"", ""userName_s"": ""339483"", ""refNum_s"": ""613122""",TRUE,
"""421 AND shipLocation_s:11411 AND businessUnit_s:Accu-Tech"", ""userName_s"": ""210666"", ""refNum_s"": ""613269""",TRUE,
"""209176 AND businessUnit_s:Accu-Tech"", ""userName_s"": ""236157"", ""refNum_s"": ""613253""",TRUE,
"""403hdj12 AND shipLocation_s:11411 AND businessUnit_s:Accu-Tech"", ""userName_s"": ""210666"", ""refNum_s"": ""613269""",TRUE,
"""392301 AND shipLocation_s:14611 AND businessUnit_s:Accu-Tech"", ""userName_s"": ""303596"", ""refNum_s"": ""613234""",TRUE,
"""cch-cs06- AND shipLocation_s:13417 AND businessUnit_s:Accu-Tech"", ""userName_s"": ""208742"", ""refNum_s"": ""611871""",TRUE,
"""htct250-250- AND shipLocation_s:11411 AND businessUnit_s:Accu-Tech"", ""userName_s"": ""228294"", ""refNum_s"": ""613257""",TRUE,
"""MXCB4* AND businessUnit_s:Accu-Tech AND shipLocation_s:15428 AND advancedPartSearch:Y AND businessUnit_s:Accu-Tech"", ""userName_s"": """", ""refNum_s"": ""100012447""",TRUE,
"""10136339 AND shipLocation_s:12114 AND businessUnit_s:Accu-Tech"", ""userName_s"": ""337344"", ""refNum_s"": ""613260""",TRUE,
"""176-500-001* AND salesLocation_s:61171 AND shipLocation_s:12402 AND customerAccount_s:AC0001-5961 AND dcLocation_s:7302 AND businessUnit_s:WESCO"", ""userName_s"": ""Aiereona Palmer"", ""refNum_s"": """"",FALSE,
"""403hdj14- AND shipLocation_s:11411 AND businessUnit_s:Accu-Tech"", ""userName_s"": ""210666"", ""refNum_s"": ""613254""",TRUE,
"""UNC6-WH- AND shipLocation_s:15416 AND businessUnit_s:Accu-Tech"", ""userName_s"": ""233831"", ""refNum_s"": ""613248""",TRUE,
"""cj6x88tgyl* AND salesLocation_s:62396 AND shipLocation_s:14802 AND customerAccount_s:AC0158-2487 AND businessUnit_s:Accu-Tech"", ""userName_s"": ""Andrew Holman"", ""refNum_s"": """"",TRUE,
"""4015 AND shipLocation_s:14611 AND businessUnit_s:Accu-Tech"", ""userName_s"": ""303596"", ""refNum_s"": ""613234""",TRUE,
"""unc6-vl AND shipLocation_s:12908 AND businessUnit_s:Accu-Tech"", ""userName_s"": ""233430"", ""refNum_s"": ""613246""",TRUE,
"""hd AND shipLocation_s:11411 AND businessUnit_s:Accu-Tech"", ""userName_s"": ""210666"", ""refNum_s"": ""613254""",TRUE,
"""4030016 AND shipLocation_s:15642 AND businessUnit_s:Accu-Tech"", ""userName_s"": ""208850"", ""refNum_s"": ""613245""",TRUE,
"""RV6MJKUEW-S1* AND salesLocation_s:62395 AND shipLocation_s:12702 AND customerAccount_s:AC0158-3408 AND businessUnit_s:Accu-Tech"", ""userName_s"": ""Melissa Saul"", ""refNum_s"": """"",TRUE,
"""cs34p- AND shipLocation_s:16043 AND businessUnit_s:Accu-Tech"", ""userName_s"": ""227199"", ""refNum_s"": ""613242""",TRUE,
"""40300158 AND shipLocation_s:15642 AND businessUnit_s:Accu-Tech"", ""userName_s"": ""208850"", ""refNum_s"": ""613245""",TRUE,
"""phdhju AND shipLocation_s:11411 AND businessUnit_s:Accu-Tech"", ""userName_s"": ""210666"", ""refNum_s"": ""613239""",TRUE,
"""C1300-24P-4X* AND salesLocation_s:62474 AND shipLocation_s:13417 AND customerAccount_s:AC0158-6346 AND businessUnit_s:Accu-Tech"", ""userName_s"": ""David Bunting"", ""refNum_s"": """"",TRUE,
"""ax105353* AND salesLocation_s:61996 AND shipLocation_s:12304 AND customerAccount_s:AC0158-0883 AND businessUnit_s:Accu-Tech"", ""userName_s"": ""Chris Keith"", ""refNum_s"": """"",TRUE,
"""403hdj14-88 AND shipLocation_s:11411 AND businessUnit_s:Accu-Tech"", ""userName_s"": ""210666"", ""refNum_s"": ""613239""",TRUE,
"""cch-cp06 AND shipLocation_s:15609 AND businessUnit_s:Accu-Tech"", ""userName_s"": ""226022"", ""refNum_s"": ""613241""",TRUE,
"""hDJ6-27* AND salesLocation_s:62746 AND shipLocation_s:15428 AND customerAccount_s:AC0158-0704 AND businessUnit_s:Accu-Tech"", ""userName_s"": ""Nelson Albanesi"", ""refNum_s"": """"",TRUE,
"""d6 AND businessUnit_s:Accu-Tech"", ""userName_s"": ""237848"", ""refNum_s"": """"",TRUE,
"""RGRB19Y* AND businessUnit_s:Accu-Tech AND shipLocation_s:12114 AND advancedPartSearch:Y AND businessUnit_s:Accu-Tech"", ""userName_s"": """", ""refNum_s"": ""100012447""",TRUE,
"""760180042 AND shipLocation_s:12908 AND businessUnit_s:Accu-Tech"", ""userName_s"": ""233430"", ""refNum_s"": ""613229""",TRUE,
"""48353-703 AND shipLocation_s:14611 AND businessUnit_s:Accu-Tech"", ""userName_s"": ""303596"", ""refNum_s"": ""613234""",TRUE,
"""11301-701 AND shipLocation_s:14506 AND businessUnit_s:Accu-Tech"", ""userName_s"": ""208801"", ""refNum_s"": ""612340""",TRUE,
"""61110-rw6* AND businessUnit_s:Accu-Tech AND shipLocation_s:11726 AND advancedPartSearch:Y AND businessUnit_s:Accu-Tech"", ""userName_s"": """", ""refNum_s"": ""100012447""",TRUE,
"""TF72-OS2-LIO-LC-BLUNT-400FT-1PE AND shipLocation_s:13002 AND businessUnit_s:Accu-Tech"", ""userName_s"": ""316046"", ""refNum_s"": ""613230""",TRUE,
"""TL50 AND shipLocation_s:11726 AND businessUnit_s:Accu-Tech"", ""userName_s"": ""327898"", ""refNum_s"": ""613205""",TRUE,
"""nk2bxwh* AND salesLocation_s:62532 AND shipLocation_s:11726 AND customerAccount_s:AC0158-0346 AND businessUnit_s:Accu-Tech"", ""userName_s"": ""Christian Anderson"", ""refNum_s"": """"",TRUE,
"""30161-703 AND shipLocation_s:14506 AND businessUnit_s:Accu-Tech"", ""userName_s"": ""208801"", ""refNum_s"": ""612340""",TRUE,
"""SPLCS-2LL AND shipLocation_s:11726 AND businessUnit_s:Accu-Tech"", ""userName_s"": ""327898"", ""refNum_s"": ""613205""",TRUE,
"""#6 thhn* AND salesLocation_s:60181 AND shipLocation_s:12004 AND customerAccount_s:AC0067-4454 AND businessUnit_s:WESCO"", ""userName_s"": ""Mike Larkin"", ""refNum_s"": """"",FALSE,
"""8000c-12/ AND shipLocation_s:14611 AND businessUnit_s:Accu-Tech"", ""userName_s"": ""240568"", ""refNum_s"": ""608739""",TRUE,
"""E62-AU/RU-NC* AND businessUnit_s:Accu-Tech AND shipLocation_s:12702 AND advancedPartSearch:Y AND businessUnit_s:Accu-Tech"", ""userName_s"": """", ""refNum_s"": ""100012447""",TRUE,
"""1114* AND businessUnit_s:Accu-Tech AND shipLocation_s:14112 AND advancedPartSearch:Y AND businessUnit_s:Accu-Tech"", ""userName_s"": """", ""refNum_s"": ""100012447""",TRUE,
"""9995 AND shipLocation_s:12908 AND businessUnit_s:Accu-Tech"", ""userName_s"": ""321469"", ""refNum_s"": ""613172""",TRUE,
"""012t88-33190-a3* AND salesLocation_s:62473 AND shipLocation_s:13429 AND customerAccount_s:AC0158-4229 AND businessUnit_s:Accu-Tech"", ""userName_s"": ""John-Riley Hathcock"", ""refNum_s"": """"",TRUE,
"""CJ32H AND shipLocation_s:13603 AND businessUnit_s:Accu-Tech"", ""userName_s"": ""236163"", ""refNum_s"": ""613136""",TRUE,
"""cs34p-6 AND shipLocation_s:13603 AND businessUnit_s:Accu-Tech"", ""userName_s"": ""332229"", ""refNum_s"": ""613151""",TRUE,
"""61110-RY6 AND shipLocation_s:11726 AND businessUnit_s:Accu-Tech"", ""userName_s"": ""327898"", ""refNum_s"": ""613205""",TRUE,
"""2413 AND businessUnit_s:Accu-Tech"", ""userName_s"": ""211557"", ""refNum_s"": """"",TRUE,
"""31086 AND shipLocation_s:11726 AND businessUnit_s:Accu-Tech"", ""userName_s"": ""327898"", ""refNum_s"": ""612936""",TRUE,
"""CSD2X2VR/U* AND salesLocation_s:62400 AND shipLocation_s:14112 AND customerAccount_s:AC0197-6007 AND businessUnit_s:Accu-Tech"", ""userName_s"": ""Michael Cahalan"", ""refNum_s"": """"",TRUE,
"""cs44psd-6* AND salesLocation_s:62401 AND shipLocation_s:12601 AND customerAccount_s:AC0186-3068 AND businessUnit_s:Accu-Tech"", ""userName_s"": ""Christopher DeFeo"", ""refNum_s"": """"",TRUE,
"""SSS100 AND shipLocation_s:11726 AND businessUnit_s:Accu-Tech"", ""userName_s"": ""327898"", ""refNum_s"": ""612936""",TRUE,
"""55053-703 AND shipLocation_s:12908 AND businessUnit_s:Accu-Tech"", ""userName_s"": ""233430"", ""refNum_s"": ""613092""",TRUE,
"""RGCBNJ660PY* AND businessUnit_s:Accu-Tech AND shipLocation_s:12114 AND advancedPartSearch:Y AND businessUnit_s:Accu-Tech"", ""userName_s"": """", ""refNum_s"": ""100012447""",TRUE,
"""uy3* AND salesLocation_s:61997 AND shipLocation_s:12114 AND customerAccount_s:AC0159-4843 AND businessUnit_s:Accu-Tech"", ""userName_s"": ""Melisha Savage"", ""refNum_s"": """"",TRUE,
"""FCE1U AND shipLocation_s:13603 AND businessUnit_s:Accu-Tech"", ""userName_s"": ""236163"", ""refNum_s"": ""613136""",TRUE,
"""unj600t-blu* AND businessUnit_s:Accu-Tech AND shipLocation_s:13603 AND advancedPartSearch:Y AND businessUnit_s:Accu-Tech"", ""userName_s"": """", ""refNum_s"": ""100012447""",TRUE,
"""SMLE1-_24V5-3H AND shipLocation_s:12304 AND businessUnit_s:Accu-Tech"", ""userName_s"": ""308638"", ""refNum_s"": ""613176""",TRUE,
"""grounding AND businessUnit_s:Accu-Tech"", ""userName_s"": ""337844"", ""refNum_s"": """"",TRUE,
"""ac-a13-68* AND businessUnit_s:Accu-Tech AND shipLocation_s:11411 AND advancedPartSearch:Y AND businessUnit_s:Accu-Tech"", ""userName_s"": """", ""refNum_s"": ""100012447""",TRUE,
"""254245EZYE1000* AND salesLocation_s:62747 AND shipLocation_s:11411 AND customerAccount_s:AC0158-7691 AND businessUnit_s:Accu-Tech"", ""userName_s"": ""Thomas Cousins"", ""refNum_s"": """"",TRUE,
"""006t81-31180-24* AND salesLocation_s:62473 AND shipLocation_s:13429 AND customerAccount_s:AC0158-6168 AND businessUnit_s:Accu-Tech"", ""userName_s"": ""Patrick Saxe"", ""refNum_s"": """"",TRUE,
"""X9LALAS3FISCU* AND salesLocation_s:62395 AND shipLocation_s:12702 AND customerAccount_s:AC0160-6250 AND businessUnit_s:Accu-Tech"", ""userName_s"": ""Ryan Thenell"", ""refNum_s"": """"",TRUE,
"""11302-701 AND shipLocation_s:11726 AND businessUnit_s:Accu-Tech"", ""userName_s"": ""327898"", ""refNum_s"": ""612936""",TRUE,
"""SVC-ST* AND shipLocation_s:15408 AND customerAccount_s:AC0005-9619 AND businessUnit_s:WESCO AND advancedPartSearch:Y"", ""userName_s"": ""Jon Clark"", ""refNum_s"": ""100082485""",FALSE,
"""fw38* AND salesLocation_s:60608 AND shipLocation_s:12008 AND customerAccount_s:AC0084-1801 AND dcLocation_s:7305 AND businessUnit_s:WESCO"", ""userName_s"": ""Noah Gelman"", ""refNum_s"": """"",FALSE,
"""pdx-920r* AND salesLocation_s:62396 AND shipLocation_s:14802 AND customerAccount_s:AC0158-2487 AND businessUnit_s:Accu-Tech"", ""userName_s"": ""Andrew Holman"", ""refNum_s"": """"",TRUE,
"""CJ688TGBU* AND salesLocation_s:62400 AND shipLocation_s:14112 AND customerAccount_s:AC0189-0389 AND businessUnit_s:Accu-Tech"", ""userName_s"": ""Matthew Hosford"", ""refNum_s"": """"",TRUE,
"""FOAS2FSMLCSC-5M* AND salesLocation_s:62400 AND shipLocation_s:14112 AND customerAccount_s:AC0162-5408 AND businessUnit_s:Accu-Tech"", ""userName_s"": ""Paul Varone"", ""refNum_s"": """"",TRUE,
"""ac-a13-68* AND salesLocation_s:62747 AND shipLocation_s:11411 AND customerAccount_s:AC0160-0509 AND businessUnit_s:Accu-Tech"", ""userName_s"": ""Thomas Cousins"", ""refNum_s"": """"",TRUE,
"""z6a-s01 AND shipLocation_s:12702 AND businessUnit_s:Accu-Tech"", ""userName_s"": ""213117"", ""refNum_s"": ""613170""",TRUE,
"""30XSLP-M2* AND salesLocation_s:66708 AND shipLocation_s:12008 AND customerAccount_s:AC0065-3276 AND dcLocation_s:7305 AND businessUnit_s:WESCO"", ""userName_s"": ""Doug Lindsay"", ""refNum_s"": """"",FALSE,
"""foas2fsmlcsc-3m* AND salesLocation_s:62400 AND shipLocation_s:14112 AND customerAccount_s:AC0162-5408 AND businessUnit_s:Accu-Tech"", ""userName_s"": ""Paul Varone"", ""refNum_s"": """"",TRUE,
"""050502Q5820050M* AND salesLocation_s:69609 AND shipLocation_s:12702 AND customerAccount_s:AC0158-2845 AND businessUnit_s:Accu-Tech"", ""userName_s"": ""Tyler Sauer"", ""refNum_s"": """"",TRUE,
"""T50061- AND shipLocation_s:15428 AND businessUnit_s:Accu-Tech"", ""userName_s"": ""239908"", ""refNum_s"": ""613153""",TRUE,
"""66-240-2b* AND businessUnit_s:Accu-Tech AND shipLocation_s:12702 AND advancedPartSearch:Y AND businessUnit_s:Accu-Tech"", ""userName_s"": """", ""refNum_s"": ""100012447""",TRUE,
"""cat32hpbcb* AND salesLocation_s:62474 AND shipLocation_s:13417 AND customerAccount_s:AC0158-6317 AND businessUnit_s:Accu-Tech"", ""userName_s"": ""Kelly Szymanski"", ""refNum_s"": """"",TRUE,
"""ZPDS-208V60A-HW-6L21-20R* AND salesLocation_s:62536 AND shipLocation_s:15609 AND customerAccount_s:AC0200-5104 AND businessUnit_s:Accu-Tech"", ""userName_s"": ""Marco Bocanegra"", ""refNum_s"": """"",TRUE,
"""1420710* AND salesLocation_s:60001 AND shipLocation_s:12619 AND customerAccount_s:AC0001-4164 AND dcLocation_s:7302 AND businessUnit_s:WESCO"", ""userName_s"": ""John Allgaier"", ""refNum_s"": """"",FALSE,
"""*:* AND transPartOrFilter:(transactablePart_s:1051857AT) AND salesLocation_s:62530 AND shipLocation_s:15642 AND customerAccount_s:AC0158-5056 AND businessUnit_s:Accu-Tech"", ""userName_s"": ""Matt Duncan"", ""refNum_s"": ""QU100030645""",TRUE,
"""77-240-2b AND shipLocation_s:11411 AND businessUnit_s:Accu-Tech"", ""userName_s"": ""228294"", ""refNum_s"": ""613160""",TRUE,
"""66-246-4a* AND businessUnit_s:Accu-Tech AND shipLocation_s:12702 AND advancedPartSearch:Y AND businessUnit_s:Accu-Tech"", ""userName_s"": """", ""refNum_s"": ""100012447""",TRUE,
"""95-200-99 AND shipLocation_s:15009 AND businessUnit_s:Accu-Tech"", ""userName_s"": ""308831"", ""refNum_s"": ""613100""",TRUE,
"""cat21hp* AND salesLocation_s:62474 AND shipLocation_s:13417 AND customerAccount_s:AC0158-6317 AND businessUnit_s:Accu-Tech"", ""userName_s"": ""Kelly Szymanski"", ""refNum_s"": """"",TRUE,
"""PCH-04U* AND salesLocation_s:62471 AND shipLocation_s:14509 AND customerAccount_s:AC0186-3068 AND businessUnit_s:Accu-Tech"", ""userName_s"": ""Henry Frailey"", ""refNum_s"": """"",TRUE,
"""787802GD820012F AND businessUnit_s:Accu-Tech"", ""userName_s"": ""238684"", ""refNum_s"": ""613105""",TRUE,
"""1036464AT* AND salesLocation_s:62401 AND shipLocation_s:11204 AND customerAccount_s:AC0155-5833 AND businessUnit_s:Accu-Tech"", ""userName_s"": ""Scott Sweeny"", ""refNum_s"": """"",TRUE,
"""012T88-33190-A3 AND shipLocation_s:15609 AND businessUnit_s:Accu-Tech"", ""userName_s"": ""337705"", ""refNum_s"": ""612862""",TRUE,
"""42080-4ws* AND salesLocation_s:62530 AND shipLocation_s:15642 AND customerAccount_s:AC0196-9504 AND businessUnit_s:Accu-Tech"", ""userName_s"": ""Billy Caine"", ""refNum_s"": """"",TRUE,
"""CCH-04U AND shipLocation_s:14611 AND businessUnit_s:Accu-Tech"", ""userName_s"": ""307070"", ""refNum_s"": ""613149""",TRUE,
"""41084-0bw* AND salesLocation_s:62530 AND shipLocation_s:15642 AND customerAccount_s:AC0196-9504 AND businessUnit_s:Accu-Tech"", ""userName_s"": ""Billy Caine"", ""refNum_s"": """"",TRUE,
"""50120-703* AND salesLocation_s:62396 AND shipLocation_s:14802 AND customerAccount_s:AC0158-2487 AND businessUnit_s:Accu-Tech"", ""userName_s"": ""Andrew Holman"", ""refNum_s"": """"",TRUE,
"""daup005* AND salesLocation_s:62397 AND shipLocation_s:14810 AND customerAccount_s:AC0186-3068 AND businessUnit_s:Accu-Tech"", ""userName_s"": ""Cody Farrar"", ""refNum_s"": """"",TRUE,
"""40700071-00* AND businessUnit_s:Accu-Tech AND shipLocation_s:12702 AND advancedPartSearch:Y AND businessUnit_s:Accu-Tech"", ""userName_s"": """", ""refNum_s"": ""100012447""",TRUE,
"""*:* AND transPartOrFilter:(transactablePart_s:BEY343457 OR transactablePart_s:HYMJN2A23 OR transactablePart_s:BEY3365Z2 OR transactablePart_s:MH9HA2A23 OR transactablePart_s:T84RR2A23 OR transactablePart_s:DH43Y8737 OR transactablePart_s:ZUEZQ2A23 OR transactablePart_s:ZZ6SN2A23 OR transactablePart_s:YKNF22A23) AND salesLocation_s:61171 AND shipLocation_s:12402 AND dcLocation_s:7302 AND customerAccount_s:AC0001-5961 AND businessUnit_s:WESCO"", ""userName_s"": ""Aiereona Palmer"", ""refNum_s"": ""QU100030334""",FALSE,
"""prticon-88* AND businessUnit_s:Accu-Tech AND shipLocation_s:12702 AND advancedPartSearch:Y AND businessUnit_s:Accu-Tech"", ""userName_s"": """", ""refNum_s"": ""100012447""",TRUE,
"""cc AND shipLocation_s:14112 AND businessUnit_s:Accu-Tech"", ""userName_s"": ""210280"", ""refNum_s"": ""613135""",TRUE,
"""2413_010u1000 AND businessUnit_s:Accu-Tech"", ""userName_s"": ""219448"", ""refNum_s"": """"",TRUE,
"""241301 AND businessUnit_s:Accu-Tech"", ""userName_s"": ""219448"", ""refNum_s"": """"",TRUE,
"""CJ32HACHOK24* AND salesLocation_s:62681 AND shipLocation_s:14611 AND customerAccount_s:AC0159-3508 AND businessUnit_s:Accu-Tech"", ""userName_s"": ""Ryan Van Horn"", ""refNum_s"": """"",TRUE,
"""ASPG* AND businessUnit_s:Accu-Tech AND shipLocation_s:12702 AND advancedPartSearch:Y AND businessUnit_s:Accu-Tech"", ""userName_s"": """", ""refNum_s"": ""100012447""",TRUE,
"""CF105-200EZ* AND businessUnit_s:Accu-Tech AND shipLocation_s:12702 AND advancedPartSearch:Y AND businessUnit_s:Accu-Tech"", ""userName_s"": """", ""refNum_s"": ""100012447""",TRUE,
"""2412006 AND shipLocation_s:11102 AND businessUnit_s:Accu-Tech"", ""userName_s"": ""206552"", ""refNum_s"": ""613133""",TRUE,
"""1582H8E1* AND salesLocation_s:62401 AND shipLocation_s:12601 AND customerAccount_s:AC0160-1059 AND businessUnit_s:Accu-Tech"", ""userName_s"": ""Nolan Ostrander"", ""refNum_s"": """"",TRUE,
"""UN874035104/10 AND shipLocation_s:12702 AND businessUnit_s:Accu-Tech"", ""userName_s"": ""323615"", ""refNum_s"": ""613127""",TRUE,
"""vdv812-612* AND salesLocation_s:62399 AND shipLocation_s:15812 AND customerAccount_s:AC0158-4513 AND businessUnit_s:Accu-Tech"", ""userName_s"": ""Dennis Donegan"", ""refNum_s"": """"",TRUE,
"""cs44psd-6w AND businessUnit_s:Accu-Tech"", ""userName_s"": ""211557"", ""refNum_s"": """"",TRUE,
"""ksfurn4* AND salesLocation_s:62395 AND shipLocation_s:12702 AND customerAccount_s:AC0196-5279 AND businessUnit_s:Accu-Tech"", ""userName_s"": ""Amanda Wyckoff"", ""refNum_s"": """"",TRUE,
"""11996-736 AND shipLocation_s:15009 AND businessUnit_s:Accu-Tech"", ""userName_s"": ""308831"", ""refNum_s"": ""613100""",TRUE,
"""acc4888/1 AND shipLocation_s:14802 AND businessUnit_s:Accu-Tech"", ""userName_s"": ""208873"", ""refNum_s"": ""613051""",TRUE,
"""mxe402* AND businessUnit_s:Accu-Tech AND shipLocation_s:15642 AND advancedPartSearch:Y AND businessUnit_s:Accu-Tech"", ""userName_s"": """", ""refNum_s"": ""100012447""",TRUE,
"""SPKFU48* AND salesLocation_s:62530 AND shipLocation_s:15642 AND customerAccount_s:AC0158-1585 AND businessUnit_s:Accu-Tech"", ""userName_s"": ""Simon Ruppert"", ""refNum_s"": """"",TRUE,
"""CCH-CP12 AND shipLocation_s:15609 AND businessUnit_s:Accu-Tech"", ""userName_s"": ""337705"", ""refNum_s"": ""612862""",TRUE,
"""35-RED* AND salesLocation_s:62401 AND shipLocation_s:12601 AND customerAccount_s:AC0161-8153 AND businessUnit_s:Accu-Tech"", ""userName_s"": ""Randy Schnepel"", ""refNum_s"": """"",TRUE,
"""6202FE* AND salesLocation_s:62400 AND shipLocation_s:14112 AND customerAccount_s:AC0197-1082 AND businessUnit_s:Accu-Tech"", ""userName_s"": ""Paul Varone"", ""refNum_s"": """"",TRUE,
"""6FX2003-7BX00* AND salesLocation_s:60682 AND shipLocation_s:15408 AND customerAccount_s:AC0067-2995 AND dcLocation_s:7305 AND businessUnit_s:WESCO"", ""userName_s"": ""Brian Wortmann"", ""refNum_s"": """"",FALSE,
"""88014-000* AND salesLocation_s:62401 AND shipLocation_s:12601 AND customerAccount_s:AC0158-4062 AND businessUnit_s:Accu-Tech"", ""userName_s"": ""Leesette Bengar"", ""refNum_s"": """"",TRUE,
"""MX-FP-S-06-20-SIE* AND salesLocation_s:62401 AND shipLocation_s:12601 AND customerAccount_s:AC0161-5247 AND businessUnit_s:Accu-Tech"", ""userName_s"": ""Brenna Greene"", ""refNum_s"": """"",TRUE,
"""NBT-8701-F14VF* AND salesLocation_s:61963 AND shipLocation_s:16041 AND customerAccount_s:AC0162-5672 AND businessUnit_s:Accu-Tech"", ""userName_s"": ""Von Small"", ""refNum_s"": """"",TRUE,
"""cs AND shipLocation_s:12908 AND businessUnit_s:Accu-Tech"", ""userName_s"": ""233430"", ""refNum_s"": ""613092""",TRUE,
"""LD3WH8-A AND shipLocation_s:15819 AND businessUnit_s:Accu-Tech"", ""userName_s"": ""237306"", ""refNum_s"": ""612121""",TRUE,
"""10GX13_0071000 AND shipLocation_s:16041 AND businessUnit_s:Accu-Tech"", ""userName_s"": ""318654"", ""refNum_s"": ""613087""",TRUE,
"""100054 AND shipLocation_s:14611 AND businessUnit_s:Accu-Tech"", ""userName_s"": ""339347"", ""refNum_s"": ""613089""",TRUE,
"""1000 AND shipLocation_s:14611 AND businessUnit_s:Accu-Tech"", ""userName_s"": ""339347"", ""refNum_s"": ""613089""",TRUE,
"""6ep13341lb00* AND salesLocation_s:60627 AND shipLocation_s:14507 AND customerAccount_s:AC0042-1901 AND dcLocation_s:7303 AND businessUnit_s:WESCO"", ""userName_s"": ""John Van Vactor"", ""refNum_s"": """"",FALSE,
"""PUP6004OR-WLP AND shipLocation_s:14205 AND businessUnit_s:Accu-Tech"", ""userName_s"": ""230516"", ""refNum_s"": ""613084""",TRUE,
"""FPSSDSDM AND shipLocation_s:15428 AND businessUnit_s:Accu-Tech"", ""userName_s"": ""239908"", ""refNum_s"": ""613011""",TRUE,
"""760251044* AND salesLocation_s:62533 AND shipLocation_s:11102 AND customerAccount_s:AC0186-3068 AND businessUnit_s:Accu-Tech"", ""userName_s"": ""Jarred Henderson"", ""refNum_s"": """"",TRUE,
"""under min* AND salesLocation_s:62532 AND shipLocation_s:11726 AND customerAccount_s:AC0197-7685 AND businessUnit_s:Accu-Tech"", ""userName_s"": ""Christian Anderson"", ""refNum_s"": """"",TRUE,
"""CCH AND shipLocation_s:15609 AND businessUnit_s:Accu-Tech"", ""userName_s"": ""337705"", ""refNum_s"": ""612862""",TRUE,
"""9729 AND businessUnit_s:Accu-Tech"", ""userName_s"": ""323615"", ""refNum_s"": """"",TRUE,
"""6AS10-317-10W AND businessUnit_s:Accu-Tech"", ""userName_s"": ""235307"", ""refNum_s"": ""613062""",TRUE,
"""108685017 AND shipLocation_s:14112 AND businessUnit_s:Accu-Tech"", ""userName_s"": ""211741"", ""refNum_s"": ""613064""",TRUE,
"""6H460-25 AND shipLocation_s:16041 AND businessUnit_s:Accu-Tech"", ""userName_s"": ""313089"", ""refNum_s"": ""613045""",TRUE,
"""actifi* AND businessUnit_s:Accu-Tech AND shipLocation_s:16041 AND advancedPartSearch:Y AND businessUnit_s:Accu-Tech"", ""userName_s"": """", ""refNum_s"": ""100012447""",TRUE,
"""mctp6bi-6-25* AND salesLocation_s:61999 AND shipLocation_s:13603 AND customerAccount_s:AC0158-0847 AND businessUnit_s:Accu-Tech"", ""userName_s"": ""John Hug"", ""refNum_s"": """"",TRUE,
"""6T-272-2B* AND salesLocation_s:62396 AND shipLocation_s:14802 AND customerAccount_s:AC0186-3068 AND businessUnit_s:Accu-Tech"", ""userName_s"": ""Jacob Lunsford"", ""refNum_s"": """"",TRUE,
"""392301* AND salesLocation_s:62473 AND shipLocation_s:13429 AND customerAccount_s:AC0160-9797 AND businessUnit_s:Accu-Tech"", ""userName_s"": ""Patrick Saxe"", ""refNum_s"": """"",TRUE,
"""10642-001* AND salesLocation_s:62473 AND shipLocation_s:13429 AND customerAccount_s:AC0160-9797 AND businessUnit_s:Accu-Tech"", ""userName_s"": ""Patrick Saxe"", ""refNum_s"": """"",TRUE,
"""2413d151000* AND salesLocation_s:61996 AND shipLocation_s:12304 AND customerAccount_s:AC0158-0883 AND businessUnit_s:Accu-Tech"", ""userName_s"": ""Chris Keith"", ""refNum_s"": """"",TRUE,
"""LF24LD72B AND shipLocation_s:15609 AND businessUnit_s:Accu-Tech"", ""userName_s"": ""337705"", ""refNum_s"": ""612862""",TRUE,
"""SW-T24-SLT AND shipLocation_s:12702 AND businessUnit_s:Accu-Tech"", ""userName_s"": ""339478"", ""refNum_s"": ""613032""",TRUE,
"""012T81-33190-A1 AND shipLocation_s:15609 AND businessUnit_s:Accu-Tech"", ""userName_s"": ""337705"", ""refNum_s"": ""612862""",TRUE,
"""CCH-CP12-E4 AND shipLocation_s:15812 AND businessUnit_s:Accu-Tech"", ""userName_s"": ""321886"", ""refNum_s"": ""613040""",TRUE,
"""SMART750RM1U AND businessUnit_s:Accu-Tech"", ""userName_s"": ""235307"", ""refNum_s"": ""613043""",TRUE,
"""012EC8-14101-20 AND shipLocation_s:15609 AND businessUnit_s:Accu-Tech"", ""userName_s"": ""337705"", ""refNum_s"": ""612862""",TRUE,
"""H4722* AND salesLocation_s:60001 AND shipLocation_s:12619 AND customerAccount_s:AC0005-5212 AND dcLocation_s:7302 AND businessUnit_s:WESCO"", ""userName_s"": ""Josephine Trupiano"", ""refNum_s"": """"",FALSE,
"""8-PIN* AND salesLocation_s:60001 AND shipLocation_s:12619 AND customerAccount_s:AC0069-7525 AND dcLocation_s:7302 AND businessUnit_s:WESCO"", ""userName_s"": ""John Allgaier"", ""refNum_s"": """"",FALSE,
"""331368H01* AND salesLocation_s:60829 AND shipLocation_s:14507 AND customerAccount_s:AC0043-2426 AND dcLocation_s:7303 AND businessUnit_s:WESCO"", ""userName_s"": ""Sibby Canipe"", ""refNum_s"": """"",FALSE,
"""14zzz-frt AND shipLocation_s:14112 AND businessUnit_s:Accu-Tech"", ""userName_s"": ""211741"", ""refNum_s"": ""613020""",TRUE,
"""G2-S AND shipLocation_s:12114 AND businessUnit_s:Accu-Tech"", ""userName_s"": ""235882"", ""refNum_s"": ""613008""",TRUE,
"""EPX AND shipLocation_s:12114 AND businessUnit_s:Accu-Tech"", ""userName_s"": ""235882"", ""refNum_s"": ""613008""",TRUE,
"""KA712L2S* AND salesLocation_s:61138 AND shipLocation_s:11204 AND customerAccount_s:AC0039-2506 AND dcLocation_s:7302 AND businessUnit_s:WESCO"", ""userName_s"": ""Karen Perrier"", ""refNum_s"": """"",FALSE,
"""KB-3MRD* AND salesLocation_s:69609 AND shipLocation_s:12702 AND customerAccount_s:AC0158-1127 AND businessUnit_s:Accu-Tech"", ""userName_s"": ""Matthew Zito"", ""refNum_s"": """"",TRUE,
"""SMC-9-SCLCAPC-M AND shipLocation_s:12304 AND businessUnit_s:Accu-Tech"", ""userName_s"": ""327282"", ""refNum_s"": ""613012""",TRUE,
"""7440-6 AND shipLocation_s:16011 AND businessUnit_s:Accu-Tech"", ""userName_s"": ""333371"", ""refNum_s"": ""613023""",TRUE,
"""7440 AND shipLocation_s:16011 AND businessUnit_s:Accu-Tech"", ""userName_s"": ""333371"", ""refNum_s"": ""613023""",TRUE,
"""IFP12W AND shipLocation_s:11305 AND businessUnit_s:Accu-Tech"", ""userName_s"": ""237386"", ""refNum_s"": ""613027""",TRUE,
"""IFP11W AND shipLocation_s:11305 AND businessUnit_s:Accu-Tech"", ""userName_s"": ""237386"", ""refNum_s"": ""613027""",TRUE,
"""2413f15u1000 AND businessUnit_s:Accu-Tech"", ""userName_s"": ""208904"", ""refNum_s"": """"",TRUE,
"""cs44p-6w AND shipLocation_s:16023 AND businessUnit_s:Accu-Tech"", ""userName_s"": ""208907"", ""refNum_s"": ""613014""",TRUE,
"""WM3019-24-02D* AND salesLocation_s:62533 AND shipLocation_s:11102 AND customerAccount_s:AC0159-8906 AND businessUnit_s:Accu-Tech"", ""userName_s"": ""Steven King"", ""refNum_s"": """"",TRUE,
"""559451-1 AND businessUnit_s:Accu-Tech"", ""userName_s"": ""311205"", ""refNum_s"": """"",TRUE,
"""31090* AND salesLocation_s:62395 AND shipLocation_s:12702 AND customerAccount_s:AC0158-4571 AND businessUnit_s:Accu-Tech"", ""userName_s"": ""Steve Kurtinitis"", ""refNum_s"": """"",TRUE,
"""2149820* AND salesLocation_s:62395 AND shipLocation_s:12702 AND customerAccount_s:AC0158-4571 AND businessUnit_s:Accu-Tech"", ""userName_s"": ""Steve Kurtinitis"", ""refNum_s"": """"",TRUE,
"""303rwt* AND businessUnit_s:WESCO AND shipLocation_s:11204 AND advancedPartSearch:Y AND businessUnit_s:WESCO"", ""userName_s"": """", ""refNum_s"": ""100012447""",FALSE,
"""1000-34 AND shipLocation_s:15416 AND businessUnit_s:Accu-Tech"", ""userName_s"": ""231288"", ""refNum_s"": ""611956""",TRUE,
"""1000 AND shipLocation_s:15416 AND businessUnit_s:Accu-Tech"", ""userName_s"": ""231288"", ""refNum_s"": ""611956""",TRUE,
"""34857H01* AND salesLocation_s:60829 AND shipLocation_s:14507 AND customerAccount_s:AC0043-2426 AND dcLocation_s:7303 AND businessUnit_s:WESCO"", ""userName_s"": ""Sibby Canipe"", ""refNum_s"": """"",FALSE,
"""42080-2WS AND shipLocation_s:12702 AND businessUnit_s:Accu-Tech"", ""userName_s"": ""238367"", ""refNum_s"": ""612582""",TRUE,
"""6500UE877 AND shipLocation_s:15812 AND businessUnit_s:Accu-Tech"", ""userName_s"": ""216856"", ""refNum_s"": ""612251""",TRUE,
"""fan AND shipLocation_s:12908 AND businessUnit_s:Accu-Tech"", ""userName_s"": ""321602"", ""refNum_s"": ""613001""",TRUE,
"""61110-BL6 AND shipLocation_s:16011 AND businessUnit_s:Accu-Tech"", ""userName_s"": ""322620"", ""refNum_s"": ""612993""",TRUE,
"""tie white* AND salesLocation_s:61963 AND shipLocation_s:16041 AND customerAccount_s:AC0162-8058 AND businessUnit_s:Accu-Tech"", ""userName_s"": ""Austin Cook"", ""refNum_s"": """"",TRUE,
"""048ZUC-T AND shipLocation_s:11102 AND businessUnit_s:Accu-Tech"", ""userName_s"": ""206552"", ""refNum_s"": ""612995""",TRUE,
"""95-050-99-X AND shipLocation_s:16011 AND businessUnit_s:Accu-Tech"", ""userName_s"": ""335361"", ""refNum_s"": ""601338""",TRUE,
"""TSR2FW-8A AND shipLocation_s:11726 AND businessUnit_s:Accu-Tech"", ""userName_s"": ""327898"", ""refNum_s"": ""612936""",TRUE,
"""OR-MCS6A15-06 AND shipLocation_s:12702 AND businessUnit_s:Accu-Tech"", ""userName_s"": ""227520"", ""refNum_s"": ""612907""",TRUE,
"""12419-E36* AND businessUnit_s:Accu-Tech AND shipLocation_s:12908 AND advancedPartSearch:Y AND businessUnit_s:Accu-Tech"", ""userName_s"": """", ""refNum_s"": ""100012447""",TRUE,
"""G2-S AND shipLocation_s:12114 AND businessUnit_s:Accu-Tech"", ""userName_s"": ""235882"", ""refNum_s"": ""612989""",TRUE,
"""78100212209* AND salesLocation_s:60682 AND shipLocation_s:15408 AND customerAccount_s:AC0156-2186 AND dcLocation_s:7305 AND businessUnit_s:WESCO"", ""userName_s"": ""Nicholas Garets"", ""refNum_s"": """"",FALSE,
"""epx-1u AND shipLocation_s:12114 AND businessUnit_s:Accu-Tech"", ""userName_s"": ""235882"", ""refNum_s"": ""612989""",TRUE,
"""2206-40109-050 AND businessUnit_s:Accu-Tech"", ""userName_s"": ""237848"", ""refNum_s"": """"",TRUE,
"""LYNX-TOOL-KIT* AND businessUnit_s:Accu-Tech AND shipLocation_s:14611 AND advancedPartSearch:Y AND businessUnit_s:Accu-Tech"", ""userName_s"": """", ""refNum_s"": ""100012447""",TRUE,
"""SA126 AND shipLocation_s:11411 AND businessUnit_s:Accu-Tech"", ""userName_s"": ""335646"", ""refNum_s"": ""612984""",TRUE,
"""HDPsc AND shipLocation_s:13603 AND businessUnit_s:Accu-Tech"", ""userName_s"": ""236163"", ""refNum_s"": ""612979""",TRUE,
"""6200UL0021000* AND businessUnit_s:Accu-Tech AND shipLocation_s:11726 AND advancedPartSearch:Y AND businessUnit_s:Accu-Tech"", ""userName_s"": """", ""refNum_s"": ""100012447""",TRUE,
"""41089-2IP AND shipLocation_s:11726 AND businessUnit_s:Accu-Tech"", ""userName_s"": ""327898"", ""refNum_s"": ""612936""",TRUE,
"""576-RD15-004 AND shipLocation_s:12908 AND businessUnit_s:Accu-Tech"", ""userName_s"": ""233430"", ""refNum_s"": ""612973""",TRUE,
""":EZ-400-NF-X* AND salesLocation_s:69609 AND shipLocation_s:12702 AND customerAccount_s:AC0161-8177 AND businessUnit_s:Accu-Tech"", ""userName_s"": ""Matthew Zito"", ""refNum_s"": """"",TRUE,
"""02632-001* AND salesLocation_s:62533 AND shipLocation_s:11102 AND customerAccount_s:AC0158-1550 AND businessUnit_s:Accu-Tech"", ""userName_s"": ""Aryan Javan"", ""refNum_s"": """"",TRUE,
"""6200UE877U1000 AND shipLocation_s:14506 AND businessUnit_s:Accu-Tech"", ""userName_s"": ""209989"", ""refNum_s"": ""612969""",TRUE,
"""576-RD10-002 AND shipLocation_s:12908 AND businessUnit_s:Accu-Tech"", ""userName_s"": ""233430"", ""refNum_s"": ""612973""",TRUE,
"""2563A27* AND salesLocation_s:61171 AND shipLocation_s:12402 AND customerAccount_s:AC0001-5961 AND dcLocation_s:7302 AND businessUnit_s:WESCO"", ""userName_s"": ""Danny Jenkins"", ""refNum_s"": """"",FALSE,
"""915167-000 AND shipLocation_s:14802 AND businessUnit_s:Accu-Tech"", ""userName_s"": ""326020"", ""refNum_s"": ""612959""",TRUE,
"""CJ6X88TGBU* AND salesLocation_s:62473 AND shipLocation_s:13429 AND customerAccount_s:AC0160-9797 AND businessUnit_s:Accu-Tech"", ""userName_s"": ""Patrick Saxe"", ""refNum_s"": """"",TRUE,
"""760072207* AND salesLocation_s:62397 AND shipLocation_s:14810 AND customerAccount_s:AC0158-1732 AND businessUnit_s:Accu-Tech"", ""userName_s"": ""Camden Lee"", ""refNum_s"": """"",TRUE,
"""10250-724* AND businessUnit_s:Accu-Tech AND shipLocation_s:11726 AND advancedPartSearch:Y AND businessUnit_s:Accu-Tech"", ""userName_s"": """", ""refNum_s"": ""100012447""",TRUE,
"""UN874026814/10* AND salesLocation_s:62397 AND shipLocation_s:14810 AND customerAccount_s:AC0158-1732 AND businessUnit_s:Accu-Tech"", ""userName_s"": ""Camden Lee"", ""refNum_s"": """"",TRUE,
"""30095-7033* AND salesLocation_s:62397 AND shipLocation_s:14810 AND customerAccount_s:AC0158-2192 AND businessUnit_s:Accu-Tech"", ""userName_s"": ""Cody Farrar"", ""refNum_s"": """"",TRUE,
"""cs44p-6w AND businessUnit_s:Accu-Tech"", ""userName_s"": ""238367"", ""refNum_s"": """"",TRUE,
"""UN874035114/10* AND salesLocation_s:62397 AND shipLocation_s:14810 AND customerAccount_s:AC0158-1732 AND businessUnit_s:Accu-Tech"", ""userName_s"": ""Camden Lee"", ""refNum_s"": """"",TRUE,
"""OR-P2047HB* AND salesLocation_s:60181 AND shipLocation_s:12004 AND customerAccount_s:AC0067-7604 AND businessUnit_s:WESCO"", ""userName_s"": ""Olaf Morledge"", ""refNum_s"": """"",FALSE,
"""RADT90KIT4EZ AND shipLocation_s:16043 AND businessUnit_s:Accu-Tech"", ""userName_s"": ""325146"", ""refNum_s"": ""612957""",TRUE,
"""KSSMB2 AND shipLocation_s:12702 AND businessUnit_s:Accu-Tech"", ""userName_s"": ""227520"", ""refNum_s"": ""612907""",TRUE,
"""1047â€‘COAP9120 AND shipLocation_s:15416 AND businessUnit_s:Accu-Tech"", ""userName_s"": ""332907"", ""refNum_s"": ""611237""",TRUE,
"""*:* AND transPartOrFilter:(transactablePart_s:1030220AT) AND salesLocation_s:61963 AND shipLocation_s:16041 AND customerAccount_s:AC0163-5307 AND businessUnit_s:Accu-Tech"", ""userName_s"": ""Nina Olson"", ""refNum_s"": ""100081906""",TRUE,
"""bb2-24t* AND salesLocation_s:61999 AND shipLocation_s:13603 AND customerAccount_s:AC0158-1029 AND businessUnit_s:Accu-Tech"", ""userName_s"": ""Zachary Boyd"", ""refNum_s"": """"",TRUE,
"""cs24p-6w* AND salesLocation_s:61962 AND shipLocation_s:16023 AND customerAccount_s:AC0185-8604 AND businessUnit_s:Accu-Tech"", ""userName_s"": ""Philip Alva"", ""refNum_s"": """"",TRUE,
"""LD10EI6-A AND shipLocation_s:11726 AND businessUnit_s:Accu-Tech"", ""userName_s"": ""236339"", ""refNum_s"": ""612965""",TRUE,
"""760249997* AND salesLocation_s:62397 AND shipLocation_s:14810 AND customerAccount_s:AC0158-1732 AND businessUnit_s:Accu-Tech"", ""userName_s"": ""Camden Lee"", ""refNum_s"": """"",TRUE,
"""147442* AND salesLocation_s:60001 AND shipLocation_s:12619 AND customerAccount_s:AC0155-5833 AND dcLocation_s:7302 AND businessUnit_s:WESCO"", ""userName_s"": ""Daniel Chase"", ""refNum_s"": """"",FALSE,
"""569439-1* AND salesLocation_s:62397 AND shipLocation_s:14810 AND customerAccount_s:AC0158-1732 AND businessUnit_s:Accu-Tech"", ""userName_s"": ""Camden Lee"", ""refNum_s"": """"",TRUE,
"""foas2fsmlclc-1m AND shipLocation_s:14506 AND businessUnit_s:Accu-Tech"", ""userName_s"": ""209989"", ""refNum_s"": ""612962""",TRUE,
"""F1CA-MV-A15-S1-H* AND salesLocation_s:60001 AND shipLocation_s:12619 AND customerAccount_s:AC0155-5833 AND dcLocation_s:7302 AND businessUnit_s:WESCO"", ""userName_s"": ""Christopher Stone"", ""refNum_s"": """"",FALSE,
"""GCC21-54R* AND salesLocation_s:60001 AND shipLocation_s:12619 AND customerAccount_s:AC0155-5833 AND dcLocation_s:7302 AND businessUnit_s:WESCO"", ""userName_s"": ""Christopher Stone"", ""refNum_s"": """"",FALSE,
"""PDRU1000F5000R* AND businessUnit_s:Accu-Tech AND shipLocation_s:15642 AND advancedPartSearch:Y AND businessUnit_s:Accu-Tech"", ""userName_s"": """", ""refNum_s"": ""100012447""",TRUE,
"""41050-719 AND shipLocation_s:11726 AND businessUnit_s:Accu-Tech"", ""userName_s"": ""302568"", ""refNum_s"": ""612813""",TRUE,
"""410 AND shipLocation_s:11726 AND businessUnit_s:Accu-Tech"", ""userName_s"": ""302568"", ""refNum_s"": ""612813""",TRUE,
"""uc1bbb2- AND shipLocation_s:12114 AND businessUnit_s:Accu-Tech"", ""userName_s"": ""337344"", ""refNum_s"": ""612953""",TRUE,
"""40300630-00* AND salesLocation_s:62473 AND shipLocation_s:13429 AND customerAccount_s:AC0158-6194 AND businessUnit_s:Accu-Tech"", ""userName_s"": ""John-Riley Hathcock"", ""refNum_s"": """"",TRUE,
"""35E21* AND salesLocation_s:61171 AND shipLocation_s:12402 AND customerAccount_s:AC0001-5961 AND dcLocation_s:7302 AND businessUnit_s:WESCO"", ""userName_s"": ""Danny Jenkins"", ""refNum_s"": """"",FALSE,
"""11840-74 AND shipLocation_s:11411 AND businessUnit_s:Accu-Tech"", ""userName_s"": ""336274"", ""refNum_s"": ""612947""",TRUE,
"""pcc6bmp-wh-3* AND salesLocation_s:62395 AND shipLocation_s:12702 AND customerAccount_s:AC0194-7020 AND businessUnit_s:Accu-Tech"", ""userName_s"": ""Steve Kurtinitis"", ""refNum_s"": """"",TRUE,
"""ax104133 AND businessUnit_s:Accu-Tech"", ""userName_s"": ""210308"", ""refNum_s"": """"",TRUE,
"""sbo* AND salesLocation_s:61997 AND shipLocation_s:12114 AND customerAccount_s:AC0162-3085 AND businessUnit_s:Accu-Tech"", ""userName_s"": ""Ignacio Torres"", ""refNum_s"": """"",TRUE,
"""ZC6A-07A-02PD AND shipLocation_s:13002 AND businessUnit_s:Accu-Tech"", ""userName_s"": ""316046"", ""refNum_s"": ""612918""",TRUE,
"""95-200-99 AND shipLocation_s:12908 AND businessUnit_s:Accu-Tech"", ""userName_s"": ""321469"", ""refNum_s"": ""592544""",TRUE,
"""SMTL3KRM2UCLNC* AND businessUnit_s:Accu-Tech AND shipLocation_s:12702 AND transactablePartFilter:Y AND advancedPartSearch:Y AND businessUnit_s:Accu-Tech"", ""userName_s"": """", ""refNum_s"": ""100012447""",TRUE,
"""dtk-m4nets* AND salesLocation_s:62397 AND shipLocation_s:14810 AND customerAccount_s:AC0186-3068 AND businessUnit_s:Accu-Tech"", ""userName_s"": ""Cody Farrar"", ""refNum_s"": """"",TRUE,
"""l4 AND shipLocation_s:12908 AND businessUnit_s:Accu-Tech"", ""userName_s"": ""321469"", ""refNum_s"": ""592544""",TRUE,
"""dtk-m* AND salesLocation_s:62397 AND shipLocation_s:14810 AND customerAccount_s:AC0186-3068 AND businessUnit_s:Accu-Tech"", ""userName_s"": ""Cody Farrar"", ""refNum_s"": """"",TRUE,
"""31090* AND salesLocation_s:62399 AND shipLocation_s:15812 AND customerAccount_s:AC0158-4571 AND businessUnit_s:Accu-Tech"", ""userName_s"": ""Patrick Sweeney"", ""refNum_s"": """"",TRUE,
"""760207282* AND salesLocation_s:62746 AND shipLocation_s:15428 AND customerAccount_s:AC0160-8843 AND businessUnit_s:Accu-Tech"", ""userName_s"": ""Brian Hatch"", ""refNum_s"": """"",TRUE,
"""CPP-UDDM-M-2U-48* AND salesLocation_s:62746 AND shipLocation_s:15428 AND customerAccount_s:AC0160-8843 AND businessUnit_s:Accu-Tech"", ""userName_s"": ""Brian Hatch"", ""refNum_s"": """"",TRUE,
"""fast-lc AND shipLocation_s:12304 AND businessUnit_s:Accu-Tech"", ""userName_s"": ""308638"", ""refNum_s"": ""612927""",TRUE,
"""jp AND shipLocation_s:14205 AND businessUnit_s:Accu-Tech"", ""userName_s"": ""230516"", ""refNum_s"": ""612928""",TRUE,
"""unj10gt-gy* AND businessUnit_s:Accu-Tech AND shipLocation_s:12114 AND advancedPartSearch:Y AND businessUnit_s:Accu-Tech"", ""userName_s"": """", ""refNum_s"": ""100012447""",TRUE,
"""VCM-6D AND shipLocation_s:13002 AND businessUnit_s:Accu-Tech"", ""userName_s"": ""316046"", ""refNum_s"": ""612918""",TRUE,
"""760259 AND shipLocation_s:14611 AND businessUnit_s:Accu-Tech"", ""userName_s"": ""240568"", ""refNum_s"": ""612873""",TRUE,
"""672022* AND salesLocation_s:62395 AND shipLocation_s:12702 AND customerAccount_s:AC0162-2277 AND businessUnit_s:Accu-Tech"", ""userName_s"": ""Chris Seeman"", ""refNum_s"": """"",TRUE,
"""874049304 AND shipLocation_s:14611 AND businessUnit_s:Accu-Tech"", ""userName_s"": ""240568"", ""refNum_s"": ""612873""",TRUE,
"""svc-accureel* AND businessUnit_s:Accu-Tech AND shipLocation_s:14611 AND mfgPartNumberFilter:Y AND advancedPartSearch:Y AND businessUnit_s:Accu-Tech"", ""userName_s"": """", ""refNum_s"": ""100012447""",TRUE,
"""6B-272-EB* AND salesLocation_s:62473 AND shipLocation_s:13429 AND customerAccount_s:AC0160-9797 AND businessUnit_s:Accu-Tech"", ""userName_s"": ""Patrick Saxe"", ""refNum_s"": """"",TRUE,
"""mc6a01- AND shipLocation_s:16011 AND businessUnit_s:Accu-Tech"", ""userName_s"": ""335361"", ""refNum_s"": ""575342""",TRUE,
"""6AUJK-RL6 AND shipLocation_s:11411 AND businessUnit_s:Accu-Tech"", ""userName_s"": ""302766"", ""refNum_s"": ""612856""",TRUE,
"""pcd-07021-0k* AND salesLocation_s:62746 AND shipLocation_s:15428 AND customerAccount_s:AC0159-5974 AND businessUnit_s:Accu-Tech"", ""userName_s"": ""Peter Newman"", ""refNum_s"": """"",TRUE,
"""carol* AND salesLocation_s:61171 AND shipLocation_s:12402 AND customerAccount_s:AC0001-5961 AND dcLocation_s:7302 AND businessUnit_s:WESCO"", ""userName_s"": ""Danny Jenkins"", ""refNum_s"": """"",FALSE,
"""CO-FS05-ON300C(I) AND shipLocation_s:13417 AND businessUnit_s:Accu-Tech"", ""userName_s"": ""308716"", ""refNum_s"": ""612913""",TRUE,
"""FUSE-LC9M50L-6* AND businessUnit_s:Accu-Tech AND shipLocation_s:15642 AND advancedPartSearch:Y AND businessUnit_s:Accu-Tech"", ""userName_s"": """", ""refNum_s"": ""100012447""",TRUE,
"""8965D66G69* AND salesLocation_s:60829 AND shipLocation_s:14507 AND customerAccount_s:AC0068-8304 AND dcLocation_s:7303 AND businessUnit_s:WESCO"", ""userName_s"": ""Beth Weaver"", ""refNum_s"": """"",FALSE,
"""ADRF-2WS-20W-N-LPIM AND shipLocation_s:12304 AND businessUnit_s:Accu-Tech"", ""userName_s"": ""233642"", ""refNum_s"": ""612901""",TRUE,
"""ksj-00096-04* AND salesLocation_s:62746 AND shipLocation_s:15428 AND customerAccount_s:AC0159-5974 AND businessUnit_s:Accu-Tech"", ""userName_s"": ""Peter Newman"", ""refNum_s"": """"",TRUE,
"""95-000-99* AND salesLocation_s:62474 AND shipLocation_s:13417 AND customerAccount_s:AC0160-5915 AND businessUnit_s:Accu-Tech"", ""userName_s"": ""Tyler Ballengee"", ""refNum_s"": """"",TRUE,
"""001U21-31531-29 AND businessUnit_s:Accu-Tech"", ""userName_s"": ""228593"", ""refNum_s"": ""612894""",TRUE,
"""001U28-31531-29 AND businessUnit_s:Accu-Tech"", ""userName_s"": ""228593"", ""refNum_s"": ""612894""",TRUE,
"""9600-6 AND shipLocation_s:11411 AND businessUnit_s:Accu-Tech"", ""userName_s"": ""228294"", ""refNum_s"": ""612897""",TRUE,
"""10 AND shipLocation_s:14205 AND businessUnit_s:Accu-Tech"", ""userName_s"": ""230516"", ""refNum_s"": ""612914""",TRUE,
"""AX101321* AND salesLocation_s:61960 AND shipLocation_s:16043 AND customerAccount_s:AC0162-3630 AND businessUnit_s:Accu-Tech"", ""userName_s"": ""Adam Cervera"", ""refNum_s"": """"",TRUE,
"""86418H10* AND salesLocation_s:60829 AND shipLocation_s:14507 AND customerAccount_s:AC0043-2426 AND dcLocation_s:7303 AND businessUnit_s:WESCO"", ""userName_s"": ""Sibby Canipe"", ""refNum_s"": """"",FALSE,
"""KS6A-88* AND salesLocation_s:62401 AND shipLocation_s:12601 AND customerAccount_s:AC0163-4844 AND businessUnit_s:Accu-Tech"", ""userName_s"": ""Randy Schnepel"", ""refNum_s"": """"",TRUE,
"""cch-cp06-e4* AND salesLocation_s:62532 AND shipLocation_s:11726 AND customerAccount_s:AC0158-0346 AND businessUnit_s:Accu-Tech"", ""userName_s"": ""Christian Anderson"", ""refNum_s"": """"",TRUE,
"""6a-246-4b* AND salesLocation_s:62400 AND shipLocation_s:14112 AND customerAccount_s:AC0189-0389 AND businessUnit_s:Accu-Tech"", ""userName_s"": ""Matthew Hosford"", ""refNum_s"": """"",TRUE,
"""srbm AND shipLocation_s:11726 AND businessUnit_s:Accu-Tech"", ""userName_s"": ""302568"", ""refNum_s"": ""612813""",TRUE,
"""ix-mv7-hb AND shipLocation_s:14611 AND businessUnit_s:Accu-Tech"", ""userName_s"": ""240568"", ""refNum_s"": ""612873""",TRUE,
"""6500 AND shipLocation_s:11411 AND businessUnit_s:Accu-Tech"", ""userName_s"": ""228294"", ""refNum_s"": ""612897""",TRUE,
"""012E8P-31131-29 AND shipLocation_s:13603 AND businessUnit_s:Accu-Tech"", ""userName_s"": ""236163"", ""refNum_s"": ""612890""",TRUE,
"""CFPE10IW-2GY AND shipLocation_s:11726 AND businessUnit_s:Accu-Tech"", ""userName_s"": ""236339"", ""refNum_s"": ""612496""",TRUE,
"""77-240-4b-vp* AND salesLocation_s:62400 AND shipLocation_s:14112 AND customerAccount_s:AC0189-0389 AND businessUnit_s:Accu-Tech"", ""userName_s"": ""Matthew Hosford"", ""refNum_s"": """"",TRUE,
"""55053-703* AND salesLocation_s:62682 AND shipLocation_s:15819 AND customerAccount_s:AC0162-2803 AND businessUnit_s:Accu-Tech"", ""userName_s"": ""Jeremy Smith"", ""refNum_s"": """"",TRUE,
"""KSSMB2-88 AND shipLocation_s:15625 AND businessUnit_s:Accu-Tech"", ""userName_s"": ""239937"", ""refNum_s"": ""612888""",TRUE,
"""25 pair cat5 riser* AND businessUnit_s:Accu-Tech AND shipLocation_s:12702 AND advancedPartSearch:Y AND businessUnit_s:Accu-Tech"", ""userName_s"": """", ""refNum_s"": ""100012447""",TRUE,
"""foas2fsmlclc-2m* AND salesLocation_s:62474 AND shipLocation_s:13417 AND customerAccount_s:AC0160-5915 AND businessUnit_s:Accu-Tech"", ""userName_s"": ""Tyler Ballengee"", ""refNum_s"": """"",TRUE,
"""cch-01u AND businessUnit_s:Accu-Tech"", ""userName_s"": ""228374"", ""refNum_s"": """"",TRUE,
"""700206683* AND salesLocation_s:62473 AND shipLocation_s:13429 AND customerAccount_s:AC0159-0266 AND businessUnit_s:Accu-Tech"", ""userName_s"": ""Davis Puckey"", ""refNum_s"": """"",TRUE,
"""cch- AND shipLocation_s:13429 AND businessUnit_s:Accu-Tech"", ""userName_s"": ""322566"", ""refNum_s"": ""612880""",TRUE,
"""700212061* AND salesLocation_s:62473 AND shipLocation_s:13429 AND customerAccount_s:AC0159-0266 AND businessUnit_s:Accu-Tech"", ""userName_s"": ""Davis Puckey"", ""refNum_s"": """"",TRUE,
"""416 AND shipLocation_s:16043 AND businessUnit_s:Accu-Tech"", ""userName_s"": ""227199"", ""refNum_s"": ""610647""",TRUE,
"""BC6R1LJP10W AND shipLocation_s:14112 AND businessUnit_s:Accu-Tech"", ""userName_s"": ""221887"", ""refNum_s"": ""612883""",TRUE,
"""42080-3WS AND shipLocation_s:11411 AND businessUnit_s:Accu-Tech"", ""userName_s"": ""302766"", ""refNum_s"": ""612856""",TRUE,
"""PW54S-CS8369AT\u0002001SAL9883 AND businessUnit_s:Accu-Tech"", ""userName_s"": ""227658"", ""refNum_s"": ""612882""",TRUE,
"""PUR6AV04OR-G* AND salesLocation_s:61997 AND shipLocation_s:12114 AND customerAccount_s:AC0188-9902 AND businessUnit_s:Accu-Tech"", ""userName_s"": ""Ignacio Torres"", ""refNum_s"": """"",TRUE,
"""CF105/300EZ AND shipLocation_s:13603 AND businessUnit_s:Accu-Tech"", ""userName_s"": ""236163"", ""refNum_s"": ""612877""",TRUE,
"""HJU6AGN(24) AND shipLocation_s:15642 AND businessUnit_s:Accu-Tech"", ""userName_s"": ""233931"", ""refNum_s"": ""612870""",TRUE,
"""6302ue877 AND businessUnit_s:Accu-Tech"", ""userName_s"": ""238367"", ""refNum_s"": """"",TRUE,
"""10250-71 AND shipLocation_s:15642 AND businessUnit_s:Accu-Tech"", ""userName_s"": ""208850"", ""refNum_s"": ""612827""",TRUE,
"""9029-R* AND salesLocation_s:61171 AND shipLocation_s:12402 AND customerAccount_s:AC0001-5961 AND dcLocation_s:7302 AND businessUnit_s:WESCO"", ""userName_s"": ""Danny Jenkins"", ""refNum_s"": """"",FALSE,
"""HUB-HSB2W AND shipLocation_s:15642 AND businessUnit_s:Accu-Tech"", ""userName_s"": ""233931"", ""refNum_s"": ""612870""",TRUE,
"""9029RUS* AND salesLocation_s:61171 AND shipLocation_s:12402 AND customerAccount_s:AC0001-5961 AND dcLocation_s:7302 AND businessUnit_s:WESCO"", ""userName_s"": ""Danny Jenkins"", ""refNum_s"": """"",FALSE,
"""nkbm AND shipLocation_s:14802 AND businessUnit_s:Accu-Tech"", ""userName_s"": ""208873"", ""refNum_s"": ""612863""",TRUE,
"""49255- AND shipLocation_s:11102 AND businessUnit_s:Accu-Tech"", ""userName_s"": ""212519"", ""refNum_s"": ""606234""",TRUE,
"""6b-272-2b* AND salesLocation_s:62395 AND shipLocation_s:12702 AND customerAccount_s:AC0158-4571 AND businessUnit_s:Accu-Tech"", ""userName_s"": ""Steve Kurtinitis"", ""refNum_s"": """"",TRUE,
"""m58280b* AND businessUnit_s:Accu-Tech AND shipLocation_s:11726 AND advancedPartSearch:Y AND businessUnit_s:Accu-Tech"", ""userName_s"": """", ""refNum_s"": ""100012447""",TRUE,
"""qmc-mssc-01-01* AND salesLocation_s:62474 AND shipLocation_s:13417 AND customerAccount_s:AC0158-6317 AND businessUnit_s:Accu-Tech"", ""userName_s"": ""Kelly Szymanski"", ""refNum_s"": """"",TRUE,
"""CF1 AND shipLocation_s:15414 AND businessUnit_s:Accu-Tech"", ""userName_s"": ""216112"", ""refNum_s"": ""612852""",TRUE,
"""658AMJ* AND salesLocation_s:62474 AND shipLocation_s:13417 AND customerAccount_s:AC0186-3068 AND businessUnit_s:Accu-Tech"", ""userName_s"": ""Liz Miller"", ""refNum_s"": """"",TRUE,
"""UN874047214/10* AND salesLocation_s:61960 AND shipLocation_s:16043 AND customerAccount_s:AC0161-7232 AND businessUnit_s:Accu-Tech"", ""userName_s"": ""Cruz Hernandez"", ""refNum_s"": """"",TRUE,
"""P2100* AND salesLocation_s:62400 AND shipLocation_s:14112 AND customerAccount_s:AC0158-3631 AND businessUnit_s:Accu-Tech"", ""userName_s"": ""Michael Cahalan"", ""refNum_s"": """"",TRUE,
"""bbp-ar-33-krm AND shipLocation_s:15642 AND businessUnit_s:Accu-Tech"", ""userName_s"": ""233931"", ""refNum_s"": ""605123""",TRUE,
"""hsb4w* AND salesLocation_s:62474 AND shipLocation_s:13417 AND customerAccount_s:AC0158-6304 AND businessUnit_s:Accu-Tech"", ""userName_s"": ""Kelly Szymanski"", ""refNum_s"": """"",TRUE,
"""69586 AND shipLocation_s:14611 AND businessUnit_s:Accu-Tech"", ""userName_s"": ""303596"", ""refNum_s"": ""612841""",TRUE,
"""AQ293BK1000* AND salesLocation_s:62532 AND shipLocation_s:11726 AND customerAccount_s:AC0158-5471 AND businessUnit_s:Accu-Tech"", ""userName_s"": ""Taylor Stanford"", ""refNum_s"": """"",TRUE,
"""246-DCSLP* AND salesLocation_s:60608 AND shipLocation_s:12008 AND customerAccount_s:AC0058-2068 AND dcLocation_s:7305 AND businessUnit_s:WESCO"", ""userName_s"": ""Noah Gelman"", ""refNum_s"": """"",FALSE,
"""CMAX-D-43-UW-I53 AND businessUnit_s:Accu-Tech"", ""userName_s"": ""329125"", ""refNum_s"": """"",TRUE,
"""sc10050 AND shipLocation_s:14205 AND businessUnit_s:Accu-Tech"", ""userName_s"": ""230516"", ""refNum_s"": ""612833""",TRUE,
"""W12234 AND shipLocation_s:11726 AND businessUnit_s:Accu-Tech"", ""userName_s"": ""234661"", ""refNum_s"": ""612225""",TRUE,
"""065- AND shipLocation_s:14205 AND businessUnit_s:Accu-Tech"", ""userName_s"": ""230516"", ""refNum_s"": ""612833""",TRUE,
"""hmcp250w5c* AND salesLocation_s:60697 AND shipLocation_s:16014 AND customerAccount_s:AC0000-0821 AND dcLocation_s:5689 AND businessUnit_s:WESCO"", ""userName_s"": ""Jennifer Lee"", ""refNum_s"": """"",FALSE,
"""CPP48FMWBLY AND businessUnit_s:Accu-Tech"", ""userName_s"": ""216112"", ""refNum_s"": """"",TRUE,
"""ar3100b2 AND shipLocation_s:16023 AND businessUnit_s:Accu-Tech"", ""userName_s"": ""312371"", ""refNum_s"": ""612810""",TRUE,
"""ar9 AND shipLocation_s:16023 AND businessUnit_s:Accu-Tech"", ""userName_s"": ""312371"", ""refNum_s"": ""612810""",TRUE,
"""om3 plenum armoured* AND businessUnit_s:Accu-Tech AND shipLocation_s:12702 AND taxonomy_level_1_s:(\""B22-Wire and Cable\"") AND taxonomy_level_2_s:(\""B2212-Voice/Data Cable\"") AND taxonomy_level_3_s:(\""B221237-Fiber Optic Cable\"") AND taxonomy_level_4_s:(\""B22123712-Other Fiber Optic Cable\"") AND advancedPartSearch:Y AND businessUnit_s:Accu-Tech"", ""userName_s"": """", ""refNum_s"": ""100012447""",TRUE,
"""11K6-02912SH AND shipLocation_s:11411 AND businessUnit_s:Accu-Tech"", ""userName_s"": ""336274"", ""refNum_s"": ""611812""",TRUE,
"""IDF24* AND businessUnit_s:Accu-Tech AND shipLocation_s:16041 AND advancedPartSearch:Y AND businessUnit_s:Accu-Tech"", ""userName_s"": """", ""refNum_s"": ""100012447""",TRUE,
"""UNJ10G-ORG AND businessUnit_s:Accu-Tech"", ""userName_s"": ""228374"", ""refNum_s"": """"",TRUE,
"""BCH12-W* AND salesLocation_s:62474 AND shipLocation_s:13417 AND customerAccount_s:AC0161-8832 AND businessUnit_s:Accu-Tech"", ""userName_s"": ""Hank Smitherman"", ""refNum_s"": """"",TRUE,
"""WBT4X12SBL* AND businessUnit_s:Accu-Tech AND shipLocation_s:11726 AND advancedPartSearch:Y AND businessUnit_s:Accu-Tech"", ""userName_s"": """", ""refNum_s"": ""100012447""",TRUE,
"""024EWP-T4101DA3 AND shipLocation_s:16041 AND businessUnit_s:Accu-Tech"", ""userName_s"": ""331970"", ""refNum_s"": ""612801""",TRUE,
"""Kt AND shipLocation_s:12908 AND businessUnit_s:Accu-Tech"", ""userName_s"": ""233430"", ""refNum_s"": ""612819""",TRUE,
"""54dlc-0 AND shipLocation_s:11411 AND businessUnit_s:Accu-Tech"", ""userName_s"": ""210666"", ""refNum_s"": ""612814""",TRUE,
"""mctp6i AND businessUnit_s:Accu-Tech"", ""userName_s"": ""208907"", ""refNum_s"": """"",TRUE,
"""cat64hp* AND salesLocation_s:62395 AND shipLocation_s:12702 AND customerAccount_s:AC0158-4571 AND businessUnit_s:Accu-Tech"", ""userName_s"": ""Steve Kurtinitis"", ""refNum_s"": """"",TRUE,
"""024ESF-T4101D20* AND salesLocation_s:61997 AND shipLocation_s:12114 AND customerAccount_s:AC0158-0346 AND businessUnit_s:Accu-Tech"", ""userName_s"": ""Gina Stolzman"", ""refNum_s"": """"",TRUE,
"""006t88-31190- AND shipLocation_s:11411 AND businessUnit_s:Accu-Tech"", ""userName_s"": ""210666"", ""refNum_s"": ""612814""",TRUE,
"""cat64hp* AND salesLocation_s:62395 AND shipLocation_s:12702 AND customerAccount_s:AC0158-4571 AND businessUnit_s:Accu-Tech"", ""userName_s"": ""Steve Kurtinitis"", ""refNum_s"": """"",TRUE,
"""cch-01u AND shipLocation_s:11411 AND businessUnit_s:Accu-Tech"", ""userName_s"": ""210666"", ""refNum_s"": ""612814""",TRUE,
"""874036404/10 AND shipLocation_s:16023 AND businessUnit_s:Accu-Tech"", ""userName_s"": ""312371"", ""refNum_s"": ""612810""",TRUE,
"""CCH-CS24-A9-P00re* AND salesLocation_s:62474 AND shipLocation_s:13417 AND customerAccount_s:AC0196-3252 AND businessUnit_s:Accu-Tech"", ""userName_s"": ""Liz Miller"", ""refNum_s"": """"",TRUE,
"""JPS-4AEDV AND shipLocation_s:12908 AND businessUnit_s:Accu-Tech"", ""userName_s"": ""321469"", ""refNum_s"": ""612793""",TRUE,
"""RACO-32 AND shipLocation_s:12304 AND businessUnit_s:Accu-Tech"", ""userName_s"": ""327282"", ""refNum_s"": ""612736""",TRUE,
"""UTP6AX10 AND shipLocation_s:11411 AND businessUnit_s:Accu-Tech"", ""userName_s"": ""335646"", ""refNum_s"": ""598931""",TRUE,
"""31086 AND shipLocation_s:16023 AND businessUnit_s:Accu-Tech"", ""userName_s"": ""312371"", ""refNum_s"": ""612799""",TRUE,
"""2320908* AND salesLocation_s:60682 AND shipLocation_s:15408 AND customerAccount_s:AC0191-1721 AND dcLocation_s:7305 AND businessUnit_s:WESCO"", ""userName_s"": ""Brian Wortmann"", ""refNum_s"": """"",FALSE,
"""uc111f2-08f015 AND shipLocation_s:11102 AND businessUnit_s:Accu-Tech"", ""userName_s"": ""238320"", ""refNum_s"": ""612706""",TRUE,
"""6500ue AND shipLocation_s:13603 AND businessUnit_s:Accu-Tech"", ""userName_s"": ""236163"", ""refNum_s"": ""612800""",TRUE,
"""uc AND shipLocation_s:11102 AND businessUnit_s:Accu-Tech"", ""userName_s"": ""238320"", ""refNum_s"": ""612706""",TRUE,
"""r4p AND shipLocation_s:15642 AND businessUnit_s:Accu-Tech"", ""userName_s"": ""208850"", ""refNum_s"": ""612740""",TRUE,
"""006t88-31180 AND shipLocation_s:14802 AND businessUnit_s:Accu-Tech"", ""userName_s"": ""326020"", ""refNum_s"": ""612686""",TRUE,
"""prsp AND shipLocation_s:15642 AND businessUnit_s:Accu-Tech"", ""userName_s"": ""208850"", ""refNum_s"": ""612740""",TRUE,
"""015347C* AND salesLocation_s:61171 AND shipLocation_s:12402 AND customerAccount_s:AC0001-5961 AND dcLocation_s:7302 AND businessUnit_s:WESCO"", ""userName_s"": ""Danny Jenkins"", ""refNum_s"": """"",FALSE,
"""61110 AND shipLocation_s:16023 AND businessUnit_s:Accu-Tech"", ""userName_s"": ""312371"", ""refNum_s"": ""612799""",TRUE,
""" 1018269AT* AND businessUnit_s:Accu-Tech AND shipLocation_s:16023 AND transactablePartFilter:Y AND advancedPartSearch:Y AND businessUnit_s:Accu-Tech"", ""userName_s"": """", ""refNum_s"": ""100012447""",TRUE,
"""GREENLEE MULTI* AND salesLocation_s:61171 AND shipLocation_s:12402 AND customerAccount_s:AC0001-5961 AND dcLocation_s:7302 AND businessUnit_s:WESCO"", ""userName_s"": ""Danny Jenkins"", ""refNum_s"": """"",FALSE,
"""ac-a1* AND salesLocation_s:62397 AND shipLocation_s:14810 AND customerAccount_s:AC0186-3068 AND businessUnit_s:Accu-Tech"", ""userName_s"": ""Camden Lee"", ""refNum_s"": """"",TRUE,
"""760201111* AND salesLocation_s:62395 AND shipLocation_s:12702 AND customerAccount_s:AC0158-1821 AND businessUnit_s:Accu-Tech"", ""userName_s"": ""Melissa Saul"", ""refNum_s"": """"",TRUE,
"""32554* AND salesLocation_s:61171 AND shipLocation_s:12402 AND customerAccount_s:AC0001-5961 AND dcLocation_s:7302 AND businessUnit_s:WESCO"", ""userName_s"": ""Danny Jenkins"", ""refNum_s"": """"",FALSE,
"""H6A10-03Y* AND businessUnit_s:Accu-Tech AND shipLocation_s:11726 AND advancedPartSearch:Y AND businessUnit_s:Accu-Tech"", ""userName_s"": """", ""refNum_s"": ""100012447""",TRUE,
"""SKY32812 AND shipLocation_s:11411 AND businessUnit_s:Accu-Tech"", ""userName_s"": ""336274"", ""refNum_s"": ""611812""",TRUE,
"""cch-cp24-a9* AND salesLocation_s:62399 AND shipLocation_s:15812 AND customerAccount_s:AC0158-4571 AND businessUnit_s:Accu-Tech"", ""userName_s"": ""Patrick Sweeney"", ""refNum_s"": """"",TRUE,
"""CPPL24WBLY* AND salesLocation_s:62473 AND shipLocation_s:13429 AND customerAccount_s:AC0160-9797 AND businessUnit_s:Accu-Tech"", ""userName_s"": ""Patrick Saxe"", ""refNum_s"": """"",TRUE,
"""303104H01* AND businessUnit_s:WESCO AND shipLocation_s:14507 AND advancedPartSearch:Y AND businessUnit_s:WESCO"", ""userName_s"": """", ""refNum_s"": ""100012447""",FALSE,
"""13912-703* AND salesLocation_s:62473 AND shipLocation_s:13429 AND customerAccount_s:AC0160-9797 AND businessUnit_s:Accu-Tech"", ""userName_s"": ""Patrick Saxe"", ""refNum_s"": """"",TRUE,
"""2413010* AND salesLocation_s:62530 AND shipLocation_s:15642 AND customerAccount_s:AC0160-8959 AND businessUnit_s:Accu-Tech"", ""userName_s"": ""Greg Griffo"", ""refNum_s"": """"",TRUE,
"""55053-703* AND salesLocation_s:62473 AND shipLocation_s:13429 AND customerAccount_s:AC0160-9797 AND businessUnit_s:Accu-Tech"", ""userName_s"": ""Patrick Saxe"", ""refNum_s"": """"",TRUE,
"""cs34p-6w* AND salesLocation_s:62401 AND shipLocation_s:12601 AND customerAccount_s:AC0197-1837 AND businessUnit_s:Accu-Tech"", ""userName_s"": ""Nolan Ostrander"", ""refNum_s"": """"",TRUE,
"""spksu48* AND salesLocation_s:62399 AND shipLocation_s:15812 AND customerAccount_s:AC0158-4310 AND businessUnit_s:Accu-Tech"", ""userName_s"": ""Shawn Whittingham"", ""refNum_s"": """"",TRUE,
"""CM2-U2KEYA-BK* AND salesLocation_s:62473 AND shipLocation_s:13429 AND customerAccount_s:AC0158-6182 AND businessUnit_s:Accu-Tech"", ""userName_s"": ""Jeremy Prevette"", ""refNum_s"": """"",TRUE,
"""UTPSP1Y* AND salesLocation_s:62532 AND shipLocation_s:11726 AND customerAccount_s:AC0158-1286 AND businessUnit_s:Accu-Tech"", ""userName_s"": ""John Croucher"", ""refNum_s"": """"",TRUE,
"""61110-rw6 AND shipLocation_s:12304 AND businessUnit_s:Accu-Tech"", ""userName_s"": ""327282"", ""refNum_s"": ""612736""",TRUE,
"""UTPSP14BUY* AND salesLocation_s:62532 AND shipLocation_s:11726 AND customerAccount_s:AC0158-1286 AND businessUnit_s:Accu-Tech"", ""userName_s"": ""John Croucher"", ""refNum_s"": """"",TRUE,
"""rvapp* AND salesLocation_s:62530 AND shipLocation_s:15642 AND customerAccount_s:AC0160-8959 AND businessUnit_s:Accu-Tech"", ""userName_s"": ""Greg Griffo"", ""refNum_s"": """"",TRUE,
"""11301-701 AND shipLocation_s:13603 AND businessUnit_s:Accu-Tech"", ""userName_s"": ""236163"", ""refNum_s"": ""612707""",TRUE,
"""EV-30* AND salesLocation_s:60001 AND shipLocation_s:12619 AND customerAccount_s:AC0059-3560 AND dcLocation_s:7302 AND businessUnit_s:WESCO"", ""userName_s"": ""Josephine Trupiano"", ""refNum_s"": """"",FALSE,
"""SBP-156LMW AND shipLocation_s:12908 AND businessUnit_s:Accu-Tech"", ""userName_s"": ""321469"", ""refNum_s"": ""612785""",TRUE,
"""powered fiber* AND businessUnit_s:Accu-Tech AND shipLocation_s:16041 AND advancedPartSearch:Y AND businessUnit_s:Accu-Tech"", ""userName_s"": """", ""refNum_s"": ""100012447""",TRUE,
"""UR- AND businessUnit_s:Accu-Tech"", ""userName_s"": ""328842"", ""refNum_s"": ""612780""",TRUE,
"""cffpa2bl AND shipLocation_s:15642 AND businessUnit_s:Accu-Tech"", ""userName_s"": ""208850"", ""refNum_s"": ""612740""",TRUE,
"""41089-4wp AND shipLocation_s:12304 AND businessUnit_s:Accu-Tech"", ""userName_s"": ""327282"", ""refNum_s"": ""612736""",TRUE,
"""foas2f1 AND shipLocation_s:12304 AND businessUnit_s:Accu-Tech"", ""userName_s"": ""308638"", ""refNum_s"": ""612760""",TRUE,
"""2413 010U1000* AND salesLocation_s:62471 AND shipLocation_s:14509 AND customerAccount_s:AC0186-3068 AND businessUnit_s:Accu-Tech"", ""userName_s"": ""Henry Frailey"", ""refNum_s"": """"",TRUE,
"""012T88-33190-A3 AND shipLocation_s:12601 AND businessUnit_s:Accu-Tech"", ""userName_s"": ""202703"", ""refNum_s"": ""612764""",TRUE,
"""CPB_Hubbell AND businessUnit_s:Accu-Tech"", ""userName_s"": ""337705"", ""refNum_s"": """"",TRUE,
"""VPM-2 AND businessUnit_s:Accu-Tech"", ""userName_s"": ""339478"", ""refNum_s"": """"",TRUE,
"""6AS10-7L* AND businessUnit_s:Accu-Tech AND shipLocation_s:12304 AND advancedPartSearch:Y AND businessUnit_s:Accu-Tech"", ""userName_s"": """", ""refNum_s"": ""100012447""",TRUE,
"""2413_D15U1000 AND shipLocation_s:11726 AND businessUnit_s:Accu-Tech"", ""userName_s"": ""302568"", ""refNum_s"": ""612741""",TRUE,
"""lvw AND shipLocation_s:14506 AND businessUnit_s:Accu-Tech"", ""userName_s"": ""209989"", ""refNum_s"": ""612571""",TRUE,
"""EZDP44S2 AND shipLocation_s:12702 AND businessUnit_s:Accu-Tech"", ""userName_s"": ""238367"", ""refNum_s"": ""612744""",TRUE,
"""11241-724* AND businessUnit_s:Accu-Tech AND shipLocation_s:11102 AND advancedPartSearch:Y AND businessUnit_s:Accu-Tech"", ""userName_s"": """", ""refNum_s"": ""100012447""",TRUE,
"""ksfp3-88* AND salesLocation_s:61996 AND shipLocation_s:12304 AND customerAccount_s:AC0160-0026 AND businessUnit_s:Accu-Tech"", ""userName_s"": ""Nathan Ward"", ""refNum_s"": """"",TRUE,
"""ksfp2-88* AND salesLocation_s:61996 AND shipLocation_s:12304 AND customerAccount_s:AC0160-0026 AND businessUnit_s:Accu-Tech"", ""userName_s"": ""Nathan Ward"", ""refNum_s"": """"",TRUE,
"""T0394RY15B3-00* AND salesLocation_s:60001 AND shipLocation_s:12619 AND customerAccount_s:AC0155-5833 AND dcLocation_s:7302 AND businessUnit_s:WESCO"", ""userName_s"": ""Christopher Stone"", ""refNum_s"": """"",FALSE,
"""ZC64M1SB-SBF010* AND salesLocation_s:61999 AND shipLocation_s:13603 AND customerAccount_s:AC0161-2942 AND businessUnit_s:Accu-Tech"", ""userName_s"": ""Matthew Zito"", ""refNum_s"": """"",TRUE,
"""UR2-BOX AND businessUnit_s:Accu-Tech"", ""userName_s"": ""328842"", ""refNum_s"": ""609003""",TRUE,
"""006e88-31131-a3* AND salesLocation_s:62396 AND shipLocation_s:14802 AND customerAccount_s:AC0186-3068 AND businessUnit_s:Accu-Tech"", ""userName_s"": ""Jacob Lunsford"", ""refNum_s"": """"",TRUE,
"""KO166S2_-08N008 AND businessUnit_s:Accu-Tech"", ""userName_s"": ""236157"", ""refNum_s"": ""612732""",TRUE,
"""1210213* AND salesLocation_s:60001 AND shipLocation_s:12619 AND customerAccount_s:AC0001-4164 AND dcLocation_s:7302 AND businessUnit_s:WESCO"", ""userName_s"": ""John Allgaier"", ""refNum_s"": """"",FALSE,
"""tvb712 AND businessUnit_s:Accu-Tech"", ""userName_s"": ""208904"", ""refNum_s"": """"",TRUE,
"""m58281b AND businessUnit_s:Accu-Tech"", ""userName_s"": ""238367"", ""refNum_s"": """"",TRUE,
"""95-050-51-x AND businessUnit_s:Accu-Tech"", ""userName_s"": ""238367"", ""refNum_s"": """"",TRUE,
"""PUP6004BU-WLPZ AND shipLocation_s:13603 AND businessUnit_s:Accu-Tech"", ""userName_s"": ""236163"", ""refNum_s"": ""612707""",TRUE,
"""77-240-2b- AND shipLocation_s:14506 AND businessUnit_s:Accu-Tech"", ""userName_s"": ""209989"", ""refNum_s"": ""612728""",TRUE,
"""3SU10522BF400AA0* AND salesLocation_s:66708 AND shipLocation_s:12008 AND customerAccount_s:AC0065-3276 AND dcLocation_s:7305 AND businessUnit_s:WESCO"", ""userName_s"": ""Doug Lindsay"", ""refNum_s"": """"",FALSE,
"""30162-703* AND salesLocation_s:62532 AND shipLocation_s:11726 AND customerAccount_s:AC0158-1286 AND businessUnit_s:Accu-Tech"", ""userName_s"": ""John Croucher"", ""refNum_s"": """"",TRUE,
"""11746-712* AND salesLocation_s:62474 AND shipLocation_s:13417 AND customerAccount_s:AC0158-6317 AND businessUnit_s:Accu-Tech"", ""userName_s"": ""Kelly Szymanski"", ""refNum_s"": """"",TRUE,
"""106192c* AND salesLocation_s:62474 AND shipLocation_s:13417 AND customerAccount_s:AC0158-6317 AND businessUnit_s:Accu-Tech"", ""userName_s"": ""Kelly Szymanski"", ""refNum_s"": """"",TRUE,
"""30162-703* AND salesLocation_s:62532 AND shipLocation_s:11726 AND customerAccount_s:AC0158-1286 AND businessUnit_s:Accu-Tech"", ""userName_s"": ""John Croucher"", ""refNum_s"": """"",TRUE,
"""H6A10-05L AND shipLocation_s:13429 AND businessUnit_s:Accu-Tech"", ""userName_s"": ""307614"", ""refNum_s"": ""612501""",TRUE,
"""SRT3000rmxla AND shipLocation_s:12114 AND businessUnit_s:Accu-Tech"", ""userName_s"": ""337344"", ""refNum_s"": ""611293""",TRUE,
"""VP4N30AH AND shipLocation_s:13603 AND businessUnit_s:Accu-Tech"", ""userName_s"": ""236163"", ""refNum_s"": ""612707""",TRUE,
"""MAX- AND shipLocation_s:11411 AND businessUnit_s:Accu-Tech"", ""userName_s"": ""336274"", ""refNum_s"": ""611812""",TRUE,
"""SRC-9-SCLCAPC-M AND shipLocation_s:16011 AND businessUnit_s:Accu-Tech"", ""userName_s"": ""335361"", ""refNum_s"": ""612551""",TRUE,
"""CJ688TGBL* AND salesLocation_s:62536 AND shipLocation_s:15609 AND customerAccount_s:AC0159-0345 AND businessUnit_s:Accu-Tech"", ""userName_s"": ""Jason Jarvis"", ""refNum_s"": """"",TRUE,
"""L4006K401 AND shipLocation_s:12601 AND businessUnit_s:Accu-Tech"", ""userName_s"": ""224014"", ""refNum_s"": ""612685""",TRUE,
"""mino6-o AND shipLocation_s:14611 AND businessUnit_s:Accu-Tech"", ""userName_s"": ""240568"", ""refNum_s"": ""612486""",TRUE,
"""7131106* AND salesLocation_s:62399 AND shipLocation_s:15812 AND customerAccount_s:AC0155-5833 AND businessUnit_s:Accu-Tech"", ""userName_s"": ""Andrew Fallon"", ""refNum_s"": """"",TRUE,
"""10506-706* AND salesLocation_s:61997 AND shipLocation_s:12114 AND customerAccount_s:AC0160-5959 AND businessUnit_s:Accu-Tech"", ""userName_s"": ""Melisha Savage"", ""refNum_s"": """"",TRUE,
"""foas2fsmlclc-15m AND shipLocation_s:12601 AND businessUnit_s:Accu-Tech"", ""userName_s"": ""202703"", ""refNum_s"": ""612669""",TRUE,
"""CO199K2-09F001* AND salesLocation_s:61997 AND shipLocation_s:12114 AND customerAccount_s:AC0160-5959 AND businessUnit_s:Accu-Tech"", ""userName_s"": ""Melisha Savage"", ""refNum_s"": """"",TRUE,
"""760258940* AND businessUnit_s:Accu-Tech AND shipLocation_s:13429 AND advancedPartSearch:Y AND businessUnit_s:Accu-Tech"", ""userName_s"": """", ""refNum_s"": ""100012447""",TRUE,
"""Upl-nm-12* AND salesLocation_s:62395 AND shipLocation_s:12702 AND customerAccount_s:AC0186-3068 AND businessUnit_s:Accu-Tech"", ""userName_s"": ""David Eslin"", ""refNum_s"": """"",TRUE,
"""760248525* AND salesLocation_s:61997 AND shipLocation_s:12114 AND customerAccount_s:AC0160-5959 AND businessUnit_s:Accu-Tech"", ""userName_s"": ""Melisha Savage"", ""refNum_s"": """"",TRUE,
"""49255-H48* AND salesLocation_s:62536 AND shipLocation_s:15609 AND customerAccount_s:AC0159-0345 AND businessUnit_s:Accu-Tech"", ""userName_s"": ""Jason Jarvis"", ""refNum_s"": """"",TRUE,
"""MCTP6ABI-6-7 AND shipLocation_s:12601 AND businessUnit_s:Accu-Tech"", ""userName_s"": ""224014"", ""refNum_s"": ""612685""",TRUE,
"""49910-sw* AND salesLocation_s:61960 AND shipLocation_s:16043 AND customerAccount_s:AC0161-7232 AND businessUnit_s:Accu-Tech"", ""userName_s"": ""Cruz Hernandez"", ""refNum_s"": """"",TRUE,
"""760092429* AND businessUnit_s:Accu-Tech AND shipLocation_s:12702 AND advancedPartSearch:Y AND businessUnit_s:Accu-Tech"", ""userName_s"": """", ""refNum_s"": ""100012447""",TRUE,
"""006TSF-T4180D20 * AND businessUnit_s:Accu-Tech AND shipLocation_s:12114 AND advancedPartSearch:Y AND businessUnit_s:Accu-Tech"", ""userName_s"": """", ""refNum_s"": ""100012447""",TRUE,
"""006e88-31131 AND shipLocation_s:14802 AND businessUnit_s:Accu-Tech"", ""userName_s"": ""326020"", ""refNum_s"": ""612686""",TRUE,
"""C6ASPDSB AND shipLocation_s:12114 AND businessUnit_s:Accu-Tech"", ""userName_s"": ""337344"", ""refNum_s"": ""611293""",TRUE,
"""UP6-F1-24L-RS* AND businessUnit_s:Accu-Tech AND shipLocation_s:15625 AND advancedPartSearch:Y AND businessUnit_s:Accu-Tech"", ""userName_s"": """", ""refNum_s"": ""100012447""",TRUE,
"""95-200- AND shipLocation_s:14506 AND businessUnit_s:Accu-Tech"", ""userName_s"": ""209989"", ""refNum_s"": ""612539""",TRUE,
"""KT2 AND businessUnit_s:Accu-Tech"", ""userName_s"": ""328501"", ""refNum_s"": ""612683""",TRUE,
"""481156_1/2_in_EASIAX_PlusÂ®_Manual_Cable_Preparation_Tool_for_LDF4-50A_Coax_Cable_MCPT-L AND shipLocation_s:11411 AND businessUnit_s:Accu-Tech"", ""userName_s"": ""336274"", ""refNum_s"": ""611812""",TRUE,
"""foas2 AND shipLocation_s:12601 AND businessUnit_s:Accu-Tech"", ""userName_s"": ""202703"", ""refNum_s"": ""612669""",TRUE,
"""z6-05* AND salesLocation_s:62531 AND shipLocation_s:15625 AND customerAccount_s:AC0158-4971 AND businessUnit_s:Accu-Tech"", ""userName_s"": ""Dean Laden"", ""refNum_s"": """"",TRUE,
"""ax103114* AND businessUnit_s:Accu-Tech AND shipLocation_s:12702 AND advancedPartSearch:Y AND businessUnit_s:Accu-Tech"", ""userName_s"": """", ""refNum_s"": ""100012447""",TRUE,
"""352-v272 AND shipLocation_s:16041 AND businessUnit_s:Accu-Tech"", ""userName_s"": ""313089"", ""refNum_s"": ""612660""",TRUE,
"""cch-02u* AND salesLocation_s:62474 AND shipLocation_s:13417 AND customerAccount_s:AC0158-6321 AND businessUnit_s:Accu-Tech"", ""userName_s"": ""Tyler Ballengee"", ""refNum_s"": """"",TRUE,
"""p- AND shipLocation_s:12114 AND businessUnit_s:Accu-Tech"", ""userName_s"": ""320729"", ""refNum_s"": ""612604""",TRUE,
"""2910b- AND shipLocation_s:15819 AND businessUnit_s:Accu-Tech"", ""userName_s"": ""223220"", ""refNum_s"": ""612677""",TRUE,
"""UN874035114/10 AND shipLocation_s:12908 AND businessUnit_s:Accu-Tech"", ""userName_s"": ""321602"", ""refNum_s"": ""609664""",TRUE,
"""jab58* AND salesLocation_s:60001 AND shipLocation_s:12619 AND customerAccount_s:AC0155-5833 AND dcLocation_s:7302 AND businessUnit_s:WESCO"", ""userName_s"": ""Daniel Chase"", ""refNum_s"": """"",FALSE,
"""95-200-99* AND salesLocation_s:62474 AND shipLocation_s:13417 AND customerAccount_s:AC0158-6321 AND businessUnit_s:Accu-Tech"", ""userName_s"": ""Tyler Ballengee"", ""refNum_s"": """"",TRUE,
"""4694rbuhd* AND salesLocation_s:62395 AND shipLocation_s:12702 AND customerAccount_s:AC0158-1978 AND businessUnit_s:Accu-Tech"", ""userName_s"": ""Steve Kurtinitis"", ""refNum_s"": """"",TRUE,
"""700212061 AND shipLocation_s:13429 AND businessUnit_s:Accu-Tech"", ""userName_s"": ""334120"", ""refNum_s"": ""612666""",TRUE,
"""760116293 AND shipLocation_s:13429 AND businessUnit_s:Accu-Tech"", ""userName_s"": ""334120"", ""refNum_s"": ""612666""",TRUE,
"""760116293 * AND businessUnit_s:Accu-Tech AND shipLocation_s:13429 AND advancedPartSearch:Y AND businessUnit_s:Accu-Tech"", ""userName_s"": """", ""refNum_s"": ""100012447""",TRUE,
"""z6-05* AND businessUnit_s:Accu-Tech AND shipLocation_s:15625 AND advancedPartSearch:Y AND businessUnit_s:Accu-Tech"", ""userName_s"": """", ""refNum_s"": ""100012447""",TRUE,
"""HLBSK AND shipLocation_s:12114 AND businessUnit_s:Accu-Tech"", ""userName_s"": ""337344"", ""refNum_s"": ""611293""",TRUE,
"""10608-701 AND shipLocation_s:11726 AND businessUnit_s:Accu-Tech"", ""userName_s"": ""327898"", ""refNum_s"": ""612611""",TRUE,
"""012td9* AND businessUnit_s:Accu-Tech AND shipLocation_s:12702 AND advancedPartSearch:Y AND businessUnit_s:Accu-Tech"", ""userName_s"": """", ""refNum_s"": ""100012447""",TRUE,
"""165BK4A AND shipLocation_s:16011 AND businessUnit_s:Accu-Tech"", ""userName_s"": ""335361"", ""refNum_s"": ""612551""",TRUE,
"""50-sc* AND businessUnit_s:Accu-Tech AND shipLocation_s:12114 AND advancedPartSearch:Y AND businessUnit_s:Accu-Tech"", ""userName_s"": """", ""refNum_s"": ""100012447""",TRUE,
"""95-000-99-Z* AND businessUnit_s:Accu-Tech AND shipLocation_s:12702 AND advancedPartSearch:Y AND businessUnit_s:Accu-Tech"", ""userName_s"": """", ""refNum_s"": ""100012447""",TRUE,
"""51-499-48 AND businessUnit_s:Accu-Tech"", ""userName_s"": ""329187"", ""refNum_s"": """"",TRUE,
"""760162818 AND shipLocation_s:12601 AND businessUnit_s:Accu-Tech"", ""userName_s"": ""211557"", ""refNum_s"": ""612647""",TRUE,
"""1061288AT * AND businessUnit_s:Accu-Tech AND shipLocation_s:15625 AND advancedPartSearch:Y AND businessUnit_s:Accu-Tech"", ""userName_s"": """", ""refNum_s"": ""100012447""",TRUE,
"""55053 AND businessUnit_s:Accu-Tech"", ""userName_s"": ""328841"", ""refNum_s"": ""612651""",TRUE,
"""TZES231G AND shipLocation_s:15642 AND businessUnit_s:Accu-Tech"", ""userName_s"": ""301951"", ""refNum_s"": ""612627""",TRUE,
"""uprnfkit12* AND businessUnit_s:WESCO AND shipLocation_s:12402 AND advancedPartSearch:Y AND businessUnit_s:WESCO"", ""userName_s"": """", ""refNum_s"": ""100012447""",FALSE,
"""uprnkfit12* AND businessUnit_s:WESCO AND shipLocation_s:12402 AND advancedPartSearch:Y AND businessUnit_s:WESCO"", ""userName_s"": """", ""refNum_s"": ""100012447""",FALSE,
"""uprnfit12* AND businessUnit_s:WESCO AND shipLocation_s:12402 AND advancedPartSearch:Y AND businessUnit_s:WESCO"", ""userName_s"": """", ""refNum_s"": ""100012447""",FALSE,
"""e19swm AND shipLocation_s:16023 AND businessUnit_s:Accu-Tech"", ""userName_s"": ""312371"", ""refNum_s"": ""610074""",TRUE,
"""spt15a AND shipLocation_s:15812 AND businessUnit_s:Accu-Tech"", ""userName_s"": ""321886"", ""refNum_s"": ""612650""",TRUE,
"""WMPSE* AND salesLocation_s:62473 AND shipLocation_s:13429 AND customerAccount_s:AC0159-1950 AND businessUnit_s:Accu-Tech"", ""userName_s"": ""Patrick Saxe"", ""refNum_s"": """"",TRUE,
"""CPP-UDDM-SL-2U-48* AND salesLocation_s:62473 AND shipLocation_s:13429 AND customerAccount_s:AC0159-1950 AND businessUnit_s:Accu-Tech"", ""userName_s"": ""Patrick Saxe"", ""refNum_s"": """"",TRUE,
"""FA-064124-SI AND shipLocation_s:11411 AND businessUnit_s:Accu-Tech"", ""userName_s"": ""336274"", ""refNum_s"": ""611812""",TRUE,
"""7151823 AND businessUnit_s:Accu-Tech"", ""userName_s"": ""325146"", ""refNum_s"": """"",TRUE,
"""4899mk AND businessUnit_s:Accu-Tech"", ""userName_s"": ""328476"", ""refNum_s"": ""612613""",TRUE,
"""4570* AND salesLocation_s:61171 AND shipLocation_s:12402 AND customerAccount_s:AC0155-6433 AND dcLocation_s:7302 AND businessUnit_s:WESCO"", ""userName_s"": ""Victoria Bozoian"", ""refNum_s"": """"",FALSE,
"""yga6c2 AND shipLocation_s:13002 AND businessUnit_s:Accu-Tech"", ""userName_s"": ""316046"", ""refNum_s"": ""612564""",TRUE,
"""M67-078 AND shipLocation_s:16011 AND businessUnit_s:Accu-Tech"", ""userName_s"": ""335361"", ""refNum_s"": ""612551""",TRUE,
"""ECM-RM12-04-89G-ULL AND shipLocation_s:15625 AND businessUnit_s:Accu-Tech"", ""userName_s"": ""307308"", ""refNum_s"": ""611839""",TRUE,
"""012T8F-31190-29 AND shipLocation_s:15609 AND businessUnit_s:Accu-Tech"", ""userName_s"": ""337705"", ""refNum_s"": ""608653""",TRUE,
"""cx129mp-ll2m AND businessUnit_s:Accu-Tech"", ""userName_s"": ""227658"", ""refNum_s"": ""612645""",TRUE,
"""YA262LN* AND salesLocation_s:60697 AND shipLocation_s:16014 AND customerAccount_s:AC0000-0821 AND dcLocation_s:5689 AND businessUnit_s:WESCO"", ""userName_s"": ""Jennifer Lee"", ""refNum_s"": """"",FALSE,
"""SFBW10 AND shipLocation_s:12114 AND businessUnit_s:Accu-Tech"", ""userName_s"": ""337344"", ""refNum_s"": ""611293""",TRUE,
"""cat AND shipLocation_s:13002 AND businessUnit_s:Accu-Tech"", ""userName_s"": ""316046"", ""refNum_s"": ""612564""",TRUE,
"""BURNDY SN14* AND salesLocation_s:60697 AND shipLocation_s:16014 AND customerAccount_s:AC0000-0821 AND dcLocation_s:5689 AND businessUnit_s:WESCO"", ""userName_s"": ""Jennifer Lee"", ""refNum_s"": """"",FALSE,
"""utp AND shipLocation_s:15819 AND businessUnit_s:Accu-Tech"", ""userName_s"": ""223220"", ""refNum_s"": ""612641""",TRUE,
"""cch-cp12-a9 AND shipLocation_s:15642 AND businessUnit_s:Accu-Tech"", ""userName_s"": ""208850"", ""refNum_s"": ""612639""",TRUE,
"""cch-cp AND shipLocation_s:15642 AND businessUnit_s:Accu-Tech"", ""userName_s"": ""208850"", ""refNum_s"": ""612639""",TRUE,
"""HD-1U* AND businessUnit_s:Accu-Tech AND shipLocation_s:12114 AND advancedPartSearch:Y AND businessUnit_s:Accu-Tech"", ""userName_s"": """", ""refNum_s"": ""100012447""",TRUE,
"""SN10* AND salesLocation_s:60697 AND shipLocation_s:16014 AND customerAccount_s:AC0000-0821 AND dcLocation_s:5689 AND businessUnit_s:WESCO"", ""userName_s"": ""Jennifer Lee"", ""refNum_s"": """"",FALSE,
"""OCF10I AND shipLocation_s:15812 AND businessUnit_s:Accu-Tech"", ""userName_s"": ""216856"", ""refNum_s"": ""612619""",TRUE,
"""95-050-99 AND businessUnit_s:Accu-Tech"", ""userName_s"": ""211548"", ""refNum_s"": """"",TRUE,
"""CJ688TGOR-C AND shipLocation_s:11102 AND businessUnit_s:Accu-Tech"", ""userName_s"": ""238320"", ""refNum_s"": ""612610""",TRUE,
"""sr12ub* AND salesLocation_s:62397 AND shipLocation_s:14810 AND customerAccount_s:AC0194-7020 AND businessUnit_s:Accu-Tech"", ""userName_s"": ""Cody Farrar"", ""refNum_s"": """"",TRUE,
"""004965952* AND salesLocation_s:61171 AND shipLocation_s:12402 AND customerAccount_s:AC0001-5961 AND dcLocation_s:7302 AND businessUnit_s:WESCO"", ""userName_s"": ""Danny Jenkins"", ""refNum_s"": """"",FALSE,
"""BS6BC55GNX-020F* AND salesLocation_s:62400 AND shipLocation_s:14112 AND customerAccount_s:AC0197-1082 AND businessUnit_s:Accu-Tech"", ""userName_s"": ""Paul Varone"", ""refNum_s"": """"",TRUE,
"""1020 AND shipLocation_s:16023 AND businessUnit_s:Accu-Tech"", ""userName_s"": ""339483"", ""refNum_s"": ""612590""",TRUE,
"""F11007GAÂ  AND businessUnit_s:Accu-Tech"", ""userName_s"": ""328501"", ""refNum_s"": ""612178""",TRUE,
"""95-99 AND shipLocation_s:12908 AND businessUnit_s:Accu-Tech"", ""userName_s"": ""321469"", ""refNum_s"": ""611631""",TRUE,
"""95-9 AND shipLocation_s:12908 AND businessUnit_s:Accu-Tech"", ""userName_s"": ""321469"", ""refNum_s"": ""611631""",TRUE,
"""99-9 AND shipLocation_s:12908 AND businessUnit_s:Accu-Tech"", ""userName_s"": ""321469"", ""refNum_s"": ""611631""",TRUE,
"""41080-4WP AND shipLocation_s:13002 AND businessUnit_s:Accu-Tech"", ""userName_s"": ""316046"", ""refNum_s"": ""612564""",TRUE,
"""9393 AND shipLocation_s:15642 AND businessUnit_s:Accu-Tech"", ""userName_s"": ""301951"", ""refNum_s"": ""612627""",TRUE,
"""WMPAC526F AND shipLocation_s:16041 AND businessUnit_s:Accu-Tech"", ""userName_s"": ""337765"", ""refNum_s"": ""609786""",TRUE,
"""un874035114/10* AND salesLocation_s:62474 AND shipLocation_s:13417 AND customerAccount_s:AC0158-6317 AND businessUnit_s:Accu-Tech"", ""userName_s"": ""Kelly Szymanski"", ""refNum_s"": """"",TRUE,
"""foas2fsmlclc-2m AND shipLocation_s:12304 AND businessUnit_s:Accu-Tech"", ""userName_s"": ""308638"", ""refNum_s"": ""612119""",TRUE,
"""82-ai1* AND salesLocation_s:60697 AND shipLocation_s:16014 AND customerAccount_s:AC0000-0821 AND dcLocation_s:5689 AND businessUnit_s:WESCO"", ""userName_s"": ""Jennifer Lee"", ""refNum_s"": """"",FALSE,
"""RAF5IW AND shipLocation_s:15812 AND businessUnit_s:Accu-Tech"", ""userName_s"": ""216856"", ""refNum_s"": ""612619""",TRUE,
"""BS6BC55GNX-010F* AND salesLocation_s:62400 AND shipLocation_s:14112 AND customerAccount_s:AC0197-1082 AND businessUnit_s:Accu-Tech"", ""userName_s"": ""Paul Varone"", ""refNum_s"": """"",TRUE,
"""CYG-FSE12-4FD-NS* AND salesLocation_s:62474 AND shipLocation_s:13417 AND customerAccount_s:AC0158-6628 AND businessUnit_s:Accu-Tech"", ""userName_s"": ""Liz Miller"", ""refNum_s"": """"",TRUE,
"""95-200-99* AND salesLocation_s:62681 AND shipLocation_s:14611 AND customerAccount_s:AC0158-9292 AND businessUnit_s:Accu-Tech"", ""userName_s"": ""Joshua Luffman"", ""refNum_s"": """"",TRUE,
"""48-22-9421* AND salesLocation_s:61171 AND shipLocation_s:12402 AND customerAccount_s:AC0001-5961 AND dcLocation_s:7302 AND businessUnit_s:WESCO"", ""userName_s"": ""Danny Jenkins"", ""refNum_s"": """"",FALSE,
"""unp-u-610- AND shipLocation_s:16043 AND businessUnit_s:Accu-Tech"", ""userName_s"": ""227199"", ""refNum_s"": ""612622""",TRUE,
"""48-22-9421* AND salesLocation_s:61171 AND shipLocation_s:12402 AND customerAccount_s:AC0001-5961 AND dcLocation_s:7302 AND businessUnit_s:WESCO"", ""userName_s"": ""Danny Jenkins"", ""refNum_s"": """"",FALSE,
"""AP9625* AND businessUnit_s:Accu-Tech AND shipLocation_s:11726 AND advancedPartSearch:Y AND businessUnit_s:Accu-Tech"", ""userName_s"": """", ""refNum_s"": ""100012447""",TRUE,
"""BOLT CARRIAGE 3/8\"" X 14\""* AND salesLocation_s:60001 AND shipLocation_s:12619 AND customerAccount_s:AC0200-3234 AND dcLocation_s:7302 AND businessUnit_s:WESCO"", ""userName_s"": ""Sam Alford"", ""refNum_s"": """"",FALSE,
"""OR-HDJB20-88 AND shipLocation_s:12601 AND businessUnit_s:Accu-Tech"", ""userName_s"": ""219448"", ""refNum_s"": ""612546""",TRUE,
"""934 allied* AND salesLocation_s:60001 AND shipLocation_s:12619 AND customerAccount_s:AC0200-3234 AND dcLocation_s:7302 AND businessUnit_s:WESCO"", ""userName_s"": ""Sam Alford"", ""refNum_s"": """"",FALSE,
"""AJ11TC2N12N0* AND salesLocation_s:60001 AND shipLocation_s:12619 AND customerAccount_s:AC0059-3560 AND dcLocation_s:7302 AND businessUnit_s:WESCO"", ""userName_s"": ""Josephine Trupiano"", ""refNum_s"": """"",FALSE,
"""PDUMV20HV AND shipLocation_s:12601 AND businessUnit_s:Accu-Tech"", ""userName_s"": ""219448"", ""refNum_s"": ""612546""",TRUE,
"""CPP-UDDM-SL-1U-24* AND salesLocation_s:62471 AND shipLocation_s:14509 AND customerAccount_s:AC0161-8183 AND businessUnit_s:Accu-Tech"", ""userName_s"": ""Patrick Allen"", ""refNum_s"": """"",TRUE,
"""4899mk AND businessUnit_s:Accu-Tech"", ""userName_s"": ""328476"", ""refNum_s"": ""612613""",TRUE,
"""61110-RL6 AND shipLocation_s:13002 AND businessUnit_s:Accu-Tech"", ""userName_s"": ""316046"", ""refNum_s"": ""612564""",TRUE,
"""51-499-EL AND shipLocation_s:14509 AND businessUnit_s:Accu-Tech"", ""userName_s"": ""226055"", ""refNum_s"": ""611851""",TRUE,
"""9536_CMP AND shipLocation_s:14205 AND businessUnit_s:Accu-Tech"", ""userName_s"": ""230516"", ""refNum_s"": ""612185""",TRUE,
"""20000077 AND businessUnit_s:Accu-Tech"", ""userName_s"": ""238684"", ""refNum_s"": """"",TRUE,
"""*:* AND transPartOrFilter:(transactablePart_s:1059964AT OR transactablePart_s:1059964AT OR transactablePart_s:1059964AT OR transactablePart_s:1059964AT OR transactablePart_s:1059964AT OR transactablePart_s:1059964AT OR transactablePart_s:1059964AT OR transactablePart_s:1059964AT OR transactablePart_s:1059964AT OR transactablePart_s:1059964AT OR transactablePart_s:1059964AT OR transactablePart_s:1059964AT OR transactablePart_s:1059964AT OR transactablePart_s:1059964AT OR transactablePart_s:1051671AT) AND salesLocation_s:62397 AND shipLocation_s:14810 AND customerAccount_s:AC0161-2520 AND businessUnit_s:Accu-Tech"", ""userName_s"": ""Cody Farrar"", ""refNum_s"": ""100080988""",TRUE,
"""77-240-4b- AND shipLocation_s:14112 AND businessUnit_s:Accu-Tech"", ""userName_s"": ""211741"", ""refNum_s"": ""612513""",TRUE,
"""SHLFSPRT18 AND shipLocation_s:12908 AND businessUnit_s:Accu-Tech"", ""userName_s"": ""233430"", ""refNum_s"": ""612583""",TRUE,
"""GRC58* AND salesLocation_s:60001 AND shipLocation_s:12619 AND customerAccount_s:AC0011-7835 AND dcLocation_s:7302 AND businessUnit_s:WESCO"", ""userName_s"": ""Josephine Trupiano"", ""refNum_s"": """"",FALSE,
"""DN-44FE* AND salesLocation_s:62474 AND shipLocation_s:13417 AND customerAccount_s:AC0158-6628 AND businessUnit_s:Accu-Tech"", ""userName_s"": ""Liz Miller"", ""refNum_s"": """"",TRUE,
"""51-499-EL AND shipLocation_s:15609 AND businessUnit_s:Accu-Tech"", ""userName_s"": ""337705"", ""refNum_s"": ""608653""",TRUE,
"""35700-701 AND shipLocation_s:14112 AND businessUnit_s:Accu-Tech"", ""userName_s"": ""211741"", ""refNum_s"": ""612513""",TRUE,
"""6110G-RG6* AND salesLocation_s:62400 AND shipLocation_s:14112 AND customerAccount_s:AC0163-3983 AND businessUnit_s:Accu-Tech"", ""userName_s"": ""Ewan Pessoa"", ""refNum_s"": """"",TRUE,
"""760 AND shipLocation_s:13417 AND businessUnit_s:Accu-Tech"", ""userName_s"": ""219780"", ""refNum_s"": ""612592""",TRUE,
"""JBX3510W-A* AND salesLocation_s:62401 AND shipLocation_s:12601 AND customerAccount_s:AC0158-4050 AND businessUnit_s:Accu-Tech"", ""userName_s"": ""Randy Schnepel"", ""refNum_s"": """"",TRUE,
"""5P1500RC AND shipLocation_s:15812 AND businessUnit_s:Accu-Tech"", ""userName_s"": ""216856"", ""refNum_s"": ""612589""",TRUE,
"""779 screw* AND salesLocation_s:60001 AND shipLocation_s:12619 AND customerAccount_s:AC0200-3234 AND dcLocation_s:7302 AND businessUnit_s:WESCO"", ""userName_s"": ""Sam Alford"", ""refNum_s"": """"",FALSE,
"""CJx6* AND businessUnit_s:Accu-Tech AND shipLocation_s:12304 AND advancedPartSearch:Y AND businessUnit_s:Accu-Tech"", ""userName_s"": """", ""refNum_s"": ""100012447""",TRUE,
"""CJSX* AND businessUnit_s:Accu-Tech AND shipLocation_s:12304 AND advancedPartSearch:Y AND businessUnit_s:Accu-Tech"", ""userName_s"": """", ""refNum_s"": ""100012447""",TRUE,
"""10GXS12010A1000* AND salesLocation_s:62471 AND shipLocation_s:14509 AND customerAccount_s:AC0158-6317 AND businessUnit_s:Accu-Tech"", ""userName_s"": ""Patrick Allen"", ""refNum_s"": """"",TRUE,
"""11421-712 AND shipLocation_s:14509 AND businessUnit_s:Accu-Tech"", ""userName_s"": ""226055"", ""refNum_s"": ""612542""",TRUE,
"""nk688mwh* AND salesLocation_s:62474 AND shipLocation_s:13417 AND customerAccount_s:AC0158-6317 AND businessUnit_s:Accu-Tech"", ""userName_s"": ""Kelly Szymanski"", ""refNum_s"": """"",TRUE,
"""CCH-CS12-A9-P00RE AND shipLocation_s:16043 AND businessUnit_s:Accu-Tech"", ""userName_s"": ""227199"", ""refNum_s"": ""612574""",TRUE,
"""779 allied* AND salesLocation_s:60001 AND shipLocation_s:12619 AND customerAccount_s:AC0200-3234 AND dcLocation_s:7302 AND businessUnit_s:WESCO"", ""userName_s"": ""Sam Alford"", ""refNum_s"": """"",FALSE,
"""gl840es-244 AND shipLocation_s:14112 AND businessUnit_s:Accu-Tech"", ""userName_s"": ""211741"", ""refNum_s"": ""612513""",TRUE,
"""MM2073142DAB12-B AND shipLocation_s:12601 AND businessUnit_s:Accu-Tech"", ""userName_s"": ""219448"", ""refNum_s"": ""612546""",TRUE,
"""14310* AND salesLocation_s:61171 AND shipLocation_s:12402 AND customerAccount_s:AC0001-5961 AND dcLocation_s:7302 AND businessUnit_s:WESCO"", ""userName_s"": ""Danny Jenkins"", ""refNum_s"": """"",FALSE,
"""760257310 AND shipLocation_s:11726 AND businessUnit_s:Accu-Tech"", ""userName_s"": ""302568"", ""refNum_s"": ""612548""",TRUE,
"""254346 AND shipLocation_s:15642 AND businessUnit_s:Accu-Tech"", ""userName_s"": ""208850"", ""refNum_s"": ""612528""",TRUE,
"""m14 AND shipLocation_s:11726 AND businessUnit_s:Accu-Tech"", ""userName_s"": ""302568"", ""refNum_s"": ""612548""",TRUE,
"""13930-702 AND shipLocation_s:14509 AND businessUnit_s:Accu-Tech"", ""userName_s"": ""226055"", ""refNum_s"": ""612542""",TRUE,
"""BD8976YZ7* AND businessUnit_s:WESCO AND shipLocation_s:14001 AND advancedPartSearch:Y AND businessUnit_s:WESCO"", ""userName_s"": """", ""refNum_s"": ""100012447""",FALSE,
"""RAF5IW-W AND shipLocation_s:14112 AND businessUnit_s:Accu-Tech"", ""userName_s"": ""221887"", ""refNum_s"": ""612531""",TRUE,
"""105027 AND businessUnit_s:Accu-Tech"", ""userName_s"": ""238684"", ""refNum_s"": """"",TRUE,
"""10136748 AND businessUnit_s:Accu-Tech"", ""userName_s"": ""327898"", ""refNum_s"": """"",TRUE,
"""cs3 AND shipLocation_s:13417 AND businessUnit_s:Accu-Tech"", ""userName_s"": ""219780"", ""refNum_s"": ""601493""",TRUE,
"""CCH-CS12-A9-P00RE AND shipLocation_s:13429 AND businessUnit_s:Accu-Tech"", ""userName_s"": ""307614"", ""refNum_s"": ""612501""",TRUE,
"""40300633-00* AND businessUnit_s:Accu-Tech AND shipLocation_s:12702 AND advancedPartSearch:Y AND businessUnit_s:Accu-Tech"", ""userName_s"": """", ""refNum_s"": ""100012447""",TRUE,
"""25 pair * AND businessUnit_s:Accu-Tech AND shipLocation_s:14810 AND advancedPartSearch:Y AND businessUnit_s:Accu-Tech"", ""userName_s"": """", ""refNum_s"": ""100012447""",TRUE,
"""4460-DS-3M AND shipLocation_s:13429 AND businessUnit_s:Accu-Tech"", ""userName_s"": ""307614"", ""refNum_s"": ""612501""",TRUE,
"""Q40-0E* AND salesLocation_s:62395 AND shipLocation_s:12702 AND customerAccount_s:AC0158-6628 AND businessUnit_s:Accu-Tech"", ""userName_s"": ""James Smythe"", ""refNum_s"": """"",TRUE,
"""r4pcn* AND salesLocation_s:62395 AND shipLocation_s:12702 AND customerAccount_s:AC0195-6829 AND businessUnit_s:Accu-Tech"", ""userName_s"": ""Steve Kurtinitis"", ""refNum_s"": """"",TRUE,
"""M6C-106-427* AND salesLocation_s:69609 AND shipLocation_s:12702 AND customerAccount_s:AC0160-2859 AND businessUnit_s:Accu-Tech"", ""userName_s"": ""Kyle Edwards"", ""refNum_s"": """"",TRUE,
"""575702T5120001M* AND salesLocation_s:62474 AND shipLocation_s:13417 AND customerAccount_s:AC0163-4741 AND businessUnit_s:Accu-Tech"", ""userName_s"": ""David Bunting"", ""refNum_s"": """"",TRUE,
"""95-050-41-X-NL* AND salesLocation_s:62474 AND shipLocation_s:13417 AND customerAccount_s:AC0163-4741 AND businessUnit_s:Accu-Tech"", ""userName_s"": ""David Bunting"", ""refNum_s"": """"",TRUE,
"""IDPL1-3-EDT AND shipLocation_s:13417 AND businessUnit_s:Accu-Tech"", ""userName_s"": ""219780"", ""refNum_s"": ""601493""",TRUE,
"""fan-bt25-12* AND salesLocation_s:62474 AND shipLocation_s:13417 AND customerAccount_s:AC0158-6321 AND businessUnit_s:Accu-Tech"", ""userName_s"": ""Tyler Ballengee"", ""refNum_s"": """"",TRUE,
"""FC1-LC-MM-B80* AND salesLocation_s:61962 AND shipLocation_s:16023 AND customerAccount_s:AC0186-3068 AND businessUnit_s:Accu-Tech"", ""userName_s"": ""Jennie Robinson"", ""refNum_s"": """"",TRUE,
"""500- AND shipLocation_s:12908 AND businessUnit_s:Accu-Tech"", ""userName_s"": ""321469"", ""refNum_s"": ""609742""",TRUE,
"""048KUF-T4130D20* AND salesLocation_s:62399 AND shipLocation_s:15812 AND customerAccount_s:AC0186-3068 AND businessUnit_s:Accu-Tech"", ""userName_s"": ""Dennis Donegan"", ""refNum_s"": """"",TRUE,
"""systimax blue commscope* AND businessUnit_s:Accu-Tech AND shipLocation_s:15625 AND advancedPartSearch:Y AND businessUnit_s:Accu-Tech"", ""userName_s"": """", ""refNum_s"": ""100012447""",TRUE,
"""012K* AND salesLocation_s:62399 AND shipLocation_s:15812 AND customerAccount_s:AC0186-3068 AND businessUnit_s:Accu-Tech"", ""userName_s"": ""Dennis Donegan"", ""refNum_s"": """"",TRUE,
"""7466830* AND salesLocation_s:61171 AND shipLocation_s:12402 AND customerAccount_s:AC0001-5961 AND dcLocation_s:7302 AND businessUnit_s:WESCO"", ""userName_s"": ""Danny Jenkins"", ""refNum_s"": """"",FALSE,
"""10059632 AND shipLocation_s:15609 AND businessUnit_s:Accu-Tech"", ""userName_s"": ""337705"", ""refNum_s"": ""608653""",TRUE,
"""V2148838* AND salesLocation_s:61171 AND shipLocation_s:12402 AND customerAccount_s:AC0001-5961 AND dcLocation_s:7302 AND businessUnit_s:WESCO"", ""userName_s"": ""Danny Jenkins"", ""refNum_s"": """"",FALSE,
"""44189* AND salesLocation_s:61171 AND shipLocation_s:12402 AND customerAccount_s:AC0001-5961 AND dcLocation_s:7302 AND businessUnit_s:WESCO"", ""userName_s"": ""Danny Jenkins"", ""refNum_s"": """"",FALSE,
"""A224-01K-BK AND shipLocation_s:15609 AND businessUnit_s:Accu-Tech"", ""userName_s"": ""337705"", ""refNum_s"": ""608653""",TRUE,
"""SRTL50RMBP1U-LI AND shipLocation_s:14112 AND businessUnit_s:Accu-Tech"", ""userName_s"": ""319942"", ""refNum_s"": ""612497""",TRUE,
"""FSNS6U-25* AND salesLocation_s:62530 AND shipLocation_s:15642 AND customerAccount_s:AC0158-4229 AND businessUnit_s:Accu-Tech"", ""userName_s"": ""Matt Duncan"", ""refNum_s"": """"",TRUE,
"""UPN-A2-48E-RS* AND salesLocation_s:62530 AND shipLocation_s:15642 AND customerAccount_s:AC0158-2992 AND businessUnit_s:Accu-Tech"", ""userName_s"": ""Greg Griffo"", ""refNum_s"": """"",TRUE,
"""0005115036* AND salesLocation_s:61171 AND shipLocation_s:12402 AND customerAccount_s:AC0001-5961 AND dcLocation_s:7302 AND businessUnit_s:WESCO"", ""userName_s"": ""Danny Jenkins"", ""refNum_s"": """"",FALSE,
"""co166s2-06f AND shipLocation_s:14611 AND businessUnit_s:Accu-Tech"", ""userName_s"": ""240568"", ""refNum_s"": ""612486""",TRUE,
"""co AND shipLocation_s:14611 AND businessUnit_s:Accu-Tech"", ""userName_s"": ""240568"", ""refNum_s"": ""612486""",TRUE,
"""0511150368* AND salesLocation_s:61171 AND shipLocation_s:12402 AND customerAccount_s:AC0001-5961 AND dcLocation_s:7302 AND businessUnit_s:WESCO"", ""userName_s"": ""Danny Jenkins"", ""refNum_s"": """"",FALSE,
"""nk AND shipLocation_s:11726 AND businessUnit_s:Accu-Tech"", ""userName_s"": ""236339"", ""refNum_s"": ""612496""",TRUE,
"""OR-42100002 AND shipLocation_s:12304 AND businessUnit_s:Accu-Tech"", ""userName_s"": ""208904"", ""refNum_s"": ""611316""",TRUE,
"""tl50* AND salesLocation_s:62530 AND shipLocation_s:15642 AND customerAccount_s:AC0197-4500 AND businessUnit_s:Accu-Tech"", ""userName_s"": ""Matt Duncan"", ""refNum_s"": """"",TRUE,
"""s66m1-50* AND salesLocation_s:62395 AND shipLocation_s:12702 AND customerAccount_s:AC0158-2664 AND businessUnit_s:Accu-Tech"", ""userName_s"": ""Steve Kurtinitis"", ""refNum_s"": """"",TRUE,
"""AP9335TH AND shipLocation_s:12702 AND businessUnit_s:Accu-Tech"", ""userName_s"": ""323615"", ""refNum_s"": ""612479""",TRUE,
"""430 AND shipLocation_s:15812 AND businessUnit_s:Accu-Tech"", ""userName_s"": ""321886"", ""refNum_s"": ""612474""",TRUE,
"""cch-01 AND shipLocation_s:16023 AND businessUnit_s:Accu-Tech"", ""userName_s"": """", ""refNum_s"": ""602310""",TRUE,
"""s110-cv* AND businessUnit_s:Accu-Tech AND shipLocation_s:15642 AND advancedPartSearch:Y AND businessUnit_s:Accu-Tech"", ""userName_s"": """", ""refNum_s"": ""100012447""",TRUE,
"""LDF4-50A AND shipLocation_s:13417 AND businessUnit_s:Accu-Tech"", ""userName_s"": ""308716"", ""refNum_s"": ""612000""",TRUE,
"""12419-724 AND shipLocation_s:13429 AND businessUnit_s:Accu-Tech"", ""userName_s"": ""307614"", ""refNum_s"": ""612452""",TRUE,
"""rtclm18b-lb-gp AND shipLocation_s:15642 AND businessUnit_s:Accu-Tech"", ""userName_s"": ""233931"", ""refNum_s"": ""612451""",TRUE,
"""rtclm18b- AND shipLocation_s:15642 AND businessUnit_s:Accu-Tech"", ""userName_s"": ""233931"", ""refNum_s"": ""612451""",TRUE,
"""plt2s-m AND shipLocation_s:14611 AND businessUnit_s:Accu-Tech"", ""userName_s"": ""240568"", ""refNum_s"": ""612447""",TRUE,
"""plt2s AND shipLocation_s:14611 AND businessUnit_s:Accu-Tech"", ""userName_s"": ""240568"", ""refNum_s"": ""612447""",TRUE,
"""FUSE-LC9SMU-6* AND businessUnit_s:Accu-Tech AND shipLocation_s:12908 AND advancedPartSearch:Y AND businessUnit_s:Accu-Tech"", ""userName_s"": """", ""refNum_s"": ""100012447""",TRUE,
"""smb-2p- AND shipLocation_s:14611 AND businessUnit_s:Accu-Tech"", ""userName_s"": ""240568"", ""refNum_s"": ""612447""",TRUE,
"""unj AND shipLocation_s:14611 AND businessUnit_s:Accu-Tech"", ""userName_s"": ""240568"", ""refNum_s"": ""612447""",TRUE,
"""nk2bxiwy* AND salesLocation_s:62532 AND shipLocation_s:11726 AND customerAccount_s:AC0197-1384 AND businessUnit_s:Accu-Tech"", ""userName_s"": ""Christian Anderson"", ""refNum_s"": """"",TRUE,
"""cwc10* AND businessUnit_s:Accu-Tech AND shipLocation_s:13429 AND advancedPartSearch:Y AND businessUnit_s:Accu-Tech"", ""userName_s"": """", ""refNum_s"": ""100012447""",TRUE,
"""77-240-4b-vp* AND salesLocation_s:62400 AND shipLocation_s:14112 AND customerAccount_s:AC0189-0389 AND businessUnit_s:Accu-Tech"", ""userName_s"": ""Matthew Hosford"", ""refNum_s"": """"",TRUE,
"""11700-724 AND shipLocation_s:14112 AND businessUnit_s:Accu-Tech"", ""userName_s"": ""211741"", ""refNum_s"": ""612420""",TRUE,
"""210284 AND shipLocation_s:14112 AND businessUnit_s:Accu-Tech"", ""userName_s"": ""211741"", ""refNum_s"": ""612420""",TRUE,
"""760092429* AND salesLocation_s:62400 AND shipLocation_s:14112 AND customerAccount_s:AC0161-0984 AND businessUnit_s:Accu-Tech"", ""userName_s"": ""Paul Varone"", ""refNum_s"": """"",TRUE,
"""CCH-04U AND shipLocation_s:15414 AND businessUnit_s:Accu-Tech"", ""userName_s"": ""216112"", ""refNum_s"": ""612415""",TRUE,
"""11746-E24* AND salesLocation_s:62531 AND shipLocation_s:15625 AND customerAccount_s:AC0196-9929 AND businessUnit_s:Accu-Tech"", ""userName_s"": ""Dean Laden"", ""refNum_s"": """"",TRUE,
"""5200UE_009U1000 AND shipLocation_s:15625 AND businessUnit_s:Accu-Tech"", ""userName_s"": ""307308"", ""refNum_s"": ""612413""",TRUE,
"""81001515 AND shipLocation_s:15414 AND businessUnit_s:Accu-Tech"", ""userName_s"": ""216112"", ""refNum_s"": ""612408""",TRUE,
"""81001513 AND shipLocation_s:15414 AND businessUnit_s:Accu-Tech"", ""userName_s"": ""216112"", ""refNum_s"": ""612408""",TRUE,
"""al AND shipLocation_s:15625 AND businessUnit_s:Accu-Tech"", ""userName_s"": ""307308"", ""refNum_s"": ""612407""",TRUE,
"""MM20742ADJ12-B* AND salesLocation_s:62400 AND shipLocation_s:14112 AND customerAccount_s:AC0158-3614 AND businessUnit_s:Accu-Tech"", ""userName_s"": ""Paul Varone"", ""refNum_s"": """"",TRUE,
"""*:* AND transPartOrFilter:(transactablePart_s:1036314AT) AND salesLocation_s:62400 AND shipLocation_s:14112 AND customerAccount_s:AC0158-3614 AND businessUnit_s:Accu-Tech"", ""userName_s"": ""Paul Varone"", ""refNum_s"": ""100081650""",TRUE,
"""du6* AND businessUnit_s:Accu-Tech AND shipLocation_s:15428 AND transactablePartFilter:Y AND advancedPartSearch:Y AND businessUnit_s:Accu-Tech"", ""userName_s"": """", ""refNum_s"": ""100012447""",TRUE,
"""SP6F* AND salesLocation_s:62400 AND shipLocation_s:14112 AND customerAccount_s:AC0159-5237 AND businessUnit_s:Accu-Tech"", ""userName_s"": ""Paul Varone"", ""refNum_s"": """"",TRUE,
"""SBDE1-16V7-E2H-IR AND shipLocation_s:13603 AND businessUnit_s:Accu-Tech"", ""userName_s"": ""236163"", ""refNum_s"": ""612393""",TRUE,
"""nkbmwh* AND salesLocation_s:62532 AND shipLocation_s:11726 AND customerAccount_s:AC0197-4517 AND businessUnit_s:Accu-Tech"", ""userName_s"": ""Christian Anderson"", ""refNum_s"": """"",TRUE,
"""nk688myl* AND salesLocation_s:62532 AND shipLocation_s:11726 AND customerAccount_s:AC0197-4517 AND businessUnit_s:Accu-Tech"", ""userName_s"": ""Christian Anderson"", ""refNum_s"": """"",TRUE,
"""tlm609sa AND shipLocation_s:14506 AND businessUnit_s:Accu-Tech"", ""userName_s"": ""209989"", ""refNum_s"": ""612392""",TRUE,
"""fewlclc42- AND shipLocation_s:12114 AND businessUnit_s:Accu-Tech"", ""userName_s"": ""235882"", ""refNum_s"": ""612379""",TRUE,
"""fanuc R301B* AND salesLocation_s:60627 AND shipLocation_s:14507 AND customerAccount_s:AC0050-7254 AND dcLocation_s:7303 AND businessUnit_s:WESCO"", ""userName_s"": ""Sabrina Viscuso"", ""refNum_s"": """"",FALSE,
"""cpp-udddm AND shipLocation_s:12114 AND businessUnit_s:Accu-Tech"", ""userName_s"": ""235882"", ""refNum_s"": ""612379""",TRUE,
"""SMLE1-_32V5-4H AND shipLocation_s:13603 AND businessUnit_s:Accu-Tech"", ""userName_s"": ""236163"", ""refNum_s"": ""612381""",TRUE,
"""S437 HR90 Kit* AND salesLocation_s:60682 AND shipLocation_s:15408 AND customerAccount_s:AC0070-9674 AND dcLocation_s:7305 AND businessUnit_s:WESCO"", ""userName_s"": ""Brian Wortmann"", ""refNum_s"": """"",FALSE,
"""P2RFC-2322-119 AND shipLocation_s:12114 AND businessUnit_s:Accu-Tech"", ""userName_s"": ""235882"", ""refNum_s"": ""612376""",TRUE,
"""cpp-u AND shipLocation_s:14506 AND businessUnit_s:Accu-Tech"", ""userName_s"": ""209989"", ""refNum_s"": ""612340""",TRUE,
"""cj64hacssb AND shipLocation_s:14506 AND businessUnit_s:Accu-Tech"", ""userName_s"": ""209989"", ""refNum_s"": ""612340""",TRUE,
"""P2RFC-2275-36 AND shipLocation_s:12114 AND businessUnit_s:Accu-Tech"", ""userName_s"": ""235882"", ""refNum_s"": ""612376""",TRUE,
"""cs44r-6w AND shipLocation_s:14506 AND businessUnit_s:Accu-Tech"", ""userName_s"": ""209989"", ""refNum_s"": ""612340""",TRUE,
"""CCH* AND shipLocation_s:12114 AND businessUnit_s:Accu-Tech"", ""userName_s"": ""235882"", ""refNum_s"": ""612376""",TRUE,
"""cmax-d-43-uw AND shipLocation_s:12114 AND businessUnit_s:Accu-Tech"", ""userName_s"": ""235882"", ""refNum_s"": ""612184""",TRUE,
"""IFP1OW AND shipLocation_s:12114 AND businessUnit_s:Accu-Tech"", ""userName_s"": ""337344"", ""refNum_s"": ""611732""",TRUE,
"""ezdp3 AND shipLocation_s:12304 AND businessUnit_s:Accu-Tech"", ""userName_s"": ""327282"", ""refNum_s"": ""611273""",TRUE,
"""EZDP44S2 AND shipLocation_s:11305 AND businessUnit_s:Accu-Tech"", ""userName_s"": ""313507"", ""refNum_s"": ""612368""",TRUE,
"""ezd AND businessUnit_s:Accu-Tech"", ""userName_s"": ""313507"", ""refNum_s"": """"",TRUE,
"""ez AND businessUnit_s:Accu-Tech"", ""userName_s"": ""313507"", ""refNum_s"": """"",TRUE,
"""NKFPZ22LLLS AND shipLocation_s:12114 AND businessUnit_s:Accu-Tech"", ""userName_s"": ""235882"", ""refNum_s"": ""612275""",TRUE,
"""nkfpz22kkksm AND shipLocation_s:12114 AND businessUnit_s:Accu-Tech"", ""userName_s"": ""235882"", ""refNum_s"": ""612275""",TRUE,
"""4794R* AND businessUnit_s:Accu-Tech AND shipLocation_s:15416 AND advancedPartSearch:Y AND businessUnit_s:Accu-Tech"", ""userName_s"": """", ""refNum_s"": ""100012447""",TRUE,
"""NKFP92E AND shipLocation_s:12114 AND businessUnit_s:Accu-Tech"", ""userName_s"": ""235882"", ""refNum_s"": ""612275""",TRUE,
"""BGC41.25-2_B AND shipLocation_s:11411 AND businessUnit_s:Accu-Tech"", ""userName_s"": ""336274"", ""refNum_s"": ""611812""",TRUE,
"""BGC41.25-2_Bronze_Clamp_for_1.25- AND shipLocation_s:11411 AND businessUnit_s:Accu-Tech"", ""userName_s"": ""336274"", ""refNum_s"": ""611812""",TRUE,
"""nkfp92elllsm002 AND shipLocation_s:12114 AND businessUnit_s:Accu-Tech"", ""userName_s"": ""235882"", ""refNum_s"": ""612275""",TRUE,
"""SRXF3-12360-ERS AND shipLocation_s:13603 AND businessUnit_s:Accu-Tech"", ""userName_s"": ""236163"", ""refNum_s"": ""612358""",TRUE,
"""NKFPZ22LLLSM0 AND shipLocation_s:12114 AND businessUnit_s:Accu-Tech"", ""userName_s"": ""235882"", ""refNum_s"": ""612275""",TRUE,
"""78181024043* AND salesLocation_s:60682 AND shipLocation_s:15408 AND customerAccount_s:AC0015-4621 AND dcLocation_s:7305 AND businessUnit_s:WESCO"", ""userName_s"": ""Nicholas Garets"", ""refNum_s"": """"",FALSE,
"""UTP28X7 AND shipLocation_s:12114 AND businessUnit_s:Accu-Tech"", ""userName_s"": ""235882"", ""refNum_s"": ""612275""",TRUE,
"""sr15e AND shipLocation_s:16011 AND businessUnit_s:Accu-Tech"", ""userName_s"": ""333371"", ""refNum_s"": ""612331""",TRUE,
"""cpp-uddm-m-2u AND shipLocation_s:14506 AND businessUnit_s:Accu-Tech"", ""userName_s"": ""209989"", ""refNum_s"": ""612340""",TRUE,
"""35700-E01 AND shipLocation_s:12114 AND businessUnit_s:Accu-Tech"", ""userName_s"": ""235882"", ""refNum_s"": ""612275""",TRUE,
"""14304- AND shipLocation_s:12114 AND businessUnit_s:Accu-Tech"", ""userName_s"": ""235882"", ""refNum_s"": ""612275""",TRUE,
"""mr106f AND shipLocation_s:14506 AND businessUnit_s:Accu-Tech"", ""userName_s"": ""209989"", ""refNum_s"": ""612340""",TRUE,
"""COGM2M2924LP-40f AND businessUnit_s:Accu-Tech"", ""userName_s"": ""227658"", ""refNum_s"": ""612235""",TRUE,
"""IO-014B02NB-05* AND salesLocation_s:62474 AND shipLocation_s:13417 AND customerAccount_s:AC0158-6319 AND businessUnit_s:Accu-Tech"", ""userName_s"": ""JR Luck"", ""refNum_s"": """"",TRUE,
"""M14SPâ€‘L* AND businessUnit_s:Accu-Tech AND shipLocation_s:15416 AND advancedPartSearch:Y AND businessUnit_s:Accu-Tech"", ""userName_s"": """", ""refNum_s"": ""100012447""",TRUE,
"""cc7-750-p* AND salesLocation_s:62531 AND shipLocation_s:15625 AND customerAccount_s:AC0158-4979 AND businessUnit_s:Accu-Tech"", ""userName_s"": ""Dean Laden"", ""refNum_s"": """"",TRUE,
"""Vi3004LV AND shipLocation_s:12304 AND businessUnit_s:Accu-Tech"", ""userName_s"": ""308638"", ""refNum_s"": ""612312""",TRUE,
"""760248226* AND salesLocation_s:62395 AND shipLocation_s:12702 AND customerAccount_s:AC0158-3148 AND businessUnit_s:Accu-Tech"", ""userName_s"": ""Melissa Saul"", ""refNum_s"": """"",TRUE,
"""xnv-6 AND shipLocation_s:16011 AND businessUnit_s:Accu-Tech"", ""userName_s"": ""335361"", ""refNum_s"": ""590927""",TRUE,
"""fp-lbl- AND shipLocation_s:14506 AND businessUnit_s:Accu-Tech"", ""userName_s"": ""209989"", ""refNum_s"": ""612340""",TRUE,
"""TSX-NFF AND shipLocation_s:11411 AND businessUnit_s:Accu-Tech"", ""userName_s"": ""336274"", ""refNum_s"": ""611812""",TRUE,
"""CPP-UDDM-M-2U-48 AND shipLocation_s:16041 AND businessUnit_s:Accu-Tech"", ""userName_s"": ""331970"", ""refNum_s"": ""612188""",TRUE,
"""1392a AND shipLocation_s:14506 AND businessUnit_s:Accu-Tech"", ""userName_s"": ""209989"", ""refNum_s"": ""612340""",TRUE,
"""6EP1336-2BA10* AND salesLocation_s:60627 AND shipLocation_s:14507 AND customerAccount_s:AC0000-3244 AND dcLocation_s:7303 AND businessUnit_s:WESCO"", ""userName_s"": ""Meaghan Reidy"", ""refNum_s"": """"",FALSE,
"""144ZU4-T4722D20 AND businessUnit_s:Accu-Tech"", ""userName_s"": ""239908"", ""refNum_s"": """"",TRUE,
"""OR-KT2J AND shipLocation_s:11411 AND businessUnit_s:Accu-Tech"", ""userName_s"": ""337835"", ""refNum_s"": ""612325""",TRUE,
"""6a AND shipLocation_s:12304 AND businessUnit_s:Accu-Tech"", ""userName_s"": ""308638"", ""refNum_s"": ""612119""",TRUE,
"""gxt5li-2000lvr AND shipLocation_s:11305 AND businessUnit_s:Accu-Tech"", ""userName_s"": ""337844"", ""refNum_s"": ""612334""",TRUE,
"""foas2f10glclc-50-3m* AND salesLocation_s:62531 AND shipLocation_s:15625 AND customerAccount_s:AC0196-4012 AND businessUnit_s:Accu-Tech"", ""userName_s"": ""Dean Laden"", ""refNum_s"": """"",TRUE,
"""UNJ600-_BLÂ  AND shipLocation_s:16041 AND businessUnit_s:Accu-Tech"", ""userName_s"": ""331970"", ""refNum_s"": ""612188""",TRUE,
"""FSMP91AY AND shipLocation_s:16043 AND businessUnit_s:Accu-Tech"", ""userName_s"": ""227199"", ""refNum_s"": ""612276""",TRUE,
"""13912-703 AND shipLocation_s:16011 AND businessUnit_s:Accu-Tech"", ""userName_s"": ""322620"", ""refNum_s"": ""612326""",TRUE,
"""pup6xhd04bu- AND businessUnit_s:Accu-Tech"", ""userName_s"": ""211557"", ""refNum_s"": """"",TRUE,
"""058514-000 AND shipLocation_s:14611 AND businessUnit_s:Accu-Tech"", ""userName_s"": ""339347"", ""refNum_s"": ""612272""",TRUE,
"""BE63924YY* AND salesLocation_s:60682 AND shipLocation_s:15408 AND customerAccount_s:AC0061-0945 AND dcLocation_s:7305 AND businessUnit_s:WESCO"", ""userName_s"": ""Shanell Wade"", ""refNum_s"": """"",FALSE,
"""foas2f10glcsc-50-3m* AND salesLocation_s:62533 AND shipLocation_s:11102 AND customerAccount_s:AC0159-6011 AND businessUnit_s:Accu-Tech"", ""userName_s"": ""Steven King"", ""refNum_s"": """"",TRUE,
"""cch-cp1 AND shipLocation_s:12304 AND businessUnit_s:Accu-Tech"", ""userName_s"": ""308638"", ""refNum_s"": ""612119""",TRUE,
"""cch- AND shipLocation_s:12304 AND businessUnit_s:Accu-Tech"", ""userName_s"": ""308638"", ""refNum_s"": ""612119""",TRUE,
"""sph-0 AND shipLocation_s:12304 AND businessUnit_s:Accu-Tech"", ""userName_s"": ""308638"", ""refNum_s"": ""612119""",TRUE,
"""sph-01u AND shipLocation_s:12304 AND businessUnit_s:Accu-Tech"", ""userName_s"": ""308638"", ""refNum_s"": ""612119""",TRUE,
"""PDR AND shipLocation_s:14611 AND businessUnit_s:Accu-Tech"", ""userName_s"": ""339347"", ""refNum_s"": ""612272""",TRUE,
"""cfpe2iwy AND shipLocation_s:14506 AND businessUnit_s:Accu-Tech"", ""userName_s"": ""209989"", ""refNum_s"": ""612315""",TRUE,
"""MX-FP-S-02-04 AND shipLocation_s:15625 AND businessUnit_s:Accu-Tech"", ""userName_s"": ""329187"", ""refNum_s"": ""612316""",TRUE,
"""7248 AND shipLocation_s:11411 AND businessUnit_s:Accu-Tech"", ""userName_s"": ""336274"", ""refNum_s"": ""611812""",TRUE,
"""pup6004yl-wz* AND salesLocation_s:62400 AND shipLocation_s:14112 AND customerAccount_s:AC0189-0389 AND businessUnit_s:Accu-Tech"", ""userName_s"": ""Matthew Hosford"", ""refNum_s"": """"",TRUE,
"""pe AND shipLocation_s:11411 AND businessUnit_s:Accu-Tech"", ""userName_s"": ""228294"", ""refNum_s"": ""612313""",TRUE,
"""lmr-400* AND businessUnit_s:Accu-Tech AND shipLocation_s:12702 AND advancedPartSearch:Y AND businessUnit_s:Accu-Tech"", ""userName_s"": """", ""refNum_s"": ""100012447""",TRUE,
"""760244794* AND salesLocation_s:62681 AND shipLocation_s:14611 AND customerAccount_s:AC0158-1298 AND businessUnit_s:Accu-Tech"", ""userName_s"": ""Ryan Van Horn"", ""refNum_s"": """"",TRUE,
"""fs AND shipLocation_s:16043 AND businessUnit_s:Accu-Tech"", ""userName_s"": ""227199"", ""refNum_s"": ""612276""",TRUE,
"""E79N1032LLKF00626 AND shipLocation_s:14611 AND businessUnit_s:Accu-Tech"", ""userName_s"": ""303596"", ""refNum_s"": ""612311""",TRUE,
"""11421-712 AND shipLocation_s:14611 AND businessUnit_s:Accu-Tech"", ""userName_s"": ""339347"", ""refNum_s"": ""612272""",TRUE,
"""114 AND shipLocation_s:14611 AND businessUnit_s:Accu-Tech"", ""userName_s"": ""339347"", ""refNum_s"": ""612272""",TRUE,
"""L4TNM- AND shipLocation_s:11411 AND businessUnit_s:Accu-Tech"", ""userName_s"": ""336274"", ""refNum_s"": ""611812""",TRUE,
"""11746 AND shipLocation_s:14611 AND businessUnit_s:Accu-Tech"", ""userName_s"": ""339347"", ""refNum_s"": ""612272""",TRUE,
"""RDC612-06* AND businessUnit_s:Accu-Tech AND shipLocation_s:14112 AND advancedPartSearch:Y AND businessUnit_s:Accu-Tech"", ""userName_s"": """", ""refNum_s"": ""100012447""",TRUE,
"""7026016500* AND businessUnit_s:Accu-Tech AND shipLocation_s:14112 AND advancedPartSearch:Y AND businessUnit_s:Accu-Tech"", ""userName_s"": """", ""refNum_s"": ""100012447""",TRUE,
"""108168469 AND businessUnit_s:Accu-Tech"", ""userName_s"": ""306666"", ""refNum_s"": ""606843""",TRUE,
"""12816 AND shipLocation_s:14611 AND businessUnit_s:Accu-Tech"", ""userName_s"": ""339347"", ""refNum_s"": ""612272""",TRUE,
"""128 AND shipLocation_s:14611 AND businessUnit_s:Accu-Tech"", ""userName_s"": ""339347"", ""refNum_s"": ""612272""",TRUE,
"""OR-40326200 AND shipLocation_s:14112 AND businessUnit_s:Accu-Tech"", ""userName_s"": ""230714"", ""refNum_s"": ""612293""",TRUE,
"""10GXW13 D151000* AND salesLocation_s:62395 AND shipLocation_s:12702 AND customerAccount_s:AC0158-3408 AND businessUnit_s:Accu-Tech"", ""userName_s"": ""Melissa Saul"", ""refNum_s"": """"",TRUE,
"""392 AND shipLocation_s:14611 AND businessUnit_s:Accu-Tech"", ""userName_s"": ""339347"", ""refNum_s"": ""612272""",TRUE,
"""MXED64283BK* AND businessUnit_s:Accu-Tech AND shipLocation_s:12702 AND advancedPartSearch:Y AND businessUnit_s:Accu-Tech"", ""userName_s"": """", ""refNum_s"": ""100012447""",TRUE,
"""MC6-10-06-28* AND salesLocation_s:61996 AND shipLocation_s:12304 AND customerAccount_s:AC0158-0780 AND businessUnit_s:Accu-Tech"", ""userName_s"": ""Matt Daly"", ""refNum_s"": """"",TRUE,
"""rm12-cat6-75- AND shipLocation_s:14611 AND businessUnit_s:Accu-Tech"", ""userName_s"": ""339347"", ""refNum_s"": ""612272""",TRUE,
"""FRM225* AND salesLocation_s:62532 AND shipLocation_s:11726 AND customerAccount_s:AC0163-5298 AND businessUnit_s:Accu-Tech"", ""userName_s"": ""JR Luck"", ""refNum_s"": """"",TRUE,
"""PUP6AS04WH-GZ AND shipLocation_s:16043 AND businessUnit_s:Accu-Tech"", ""userName_s"": ""227199"", ""refNum_s"": ""612276""",TRUE,
"""ZB45-DA21A-71 AND shipLocation_s:15625 AND businessUnit_s:Accu-Tech"", ""userName_s"": ""329187"", ""refNum_s"": ""608149""",TRUE,
"""1046995AT* AND salesLocation_s:62746 AND shipLocation_s:15428 AND customerAccount_s:AC0158-8290 AND businessUnit_s:Accu-Tech"", ""userName_s"": ""Robert Bodnar"", ""refNum_s"": """"",TRUE,
"""*:* AND transPartOrFilter:(transactablePart_s:1050705AT OR transactablePart_s:1005509AT OR transactablePart_s:1030610AT OR transactablePart_s:1005971AT OR transactablePart_s:1009125AT OR transactablePart_s:1024601AT) AND salesLocation_s:62530 AND shipLocation_s:15642 AND customerAccount_s:AC0158-1251 AND businessUnit_s:Accu-Tech"", ""userName_s"": ""Greg Griffo"", ""refNum_s"": ""QU100030428""",TRUE,
"""42080 AND shipLocation_s:14611 AND businessUnit_s:Accu-Tech"", ""userName_s"": ""339347"", ""refNum_s"": ""612272""",TRUE,
"""4208 AND shipLocation_s:14611 AND businessUnit_s:Accu-Tech"", ""userName_s"": ""339347"", ""refNum_s"": ""612272""",TRUE,
"""CBX1WH AND shipLocation_s:12114 AND businessUnit_s:Accu-Tech"", ""userName_s"": ""235882"", ""refNum_s"": ""612275""",TRUE,
"""6504ue 877u1000* AND salesLocation_s:62681 AND shipLocation_s:14611 AND customerAccount_s:AC0158-3578 AND businessUnit_s:Accu-Tech"", ""userName_s"": ""Jay Mong"", ""refNum_s"": """"",TRUE,
"""cj6x88tgbu AND shipLocation_s:12114 AND businessUnit_s:Accu-Tech"", ""userName_s"": ""235882"", ""refNum_s"": ""612275""",TRUE,
"""cj6x88tg AND shipLocation_s:12114 AND businessUnit_s:Accu-Tech"", ""userName_s"": ""235882"", ""refNum_s"": ""612275""",TRUE,
"""MXE64283BK10000 AND shipLocation_s:14112 AND businessUnit_s:Accu-Tech"", ""userName_s"": ""319942"", ""refNum_s"": ""612282""",TRUE,
"""V-1 AND businessUnit_s:Accu-Tech"", ""userName_s"": ""216112"", ""refNum_s"": """"",TRUE,
"""SC-C-6 AND shipLocation_s:11411 AND businessUnit_s:Accu-Tech"", ""userName_s"": ""336274"", ""refNum_s"": ""611812""",TRUE,
"""658AMJ0101000 AND shipLocation_s:15812 AND businessUnit_s:Accu-Tech"", ""userName_s"": ""216856"", ""refNum_s"": ""612251""",TRUE,
"""6910g-u4 AND shipLocation_s:14611 AND businessUnit_s:Accu-Tech"", ""userName_s"": ""339347"", ""refNum_s"": ""612272""",TRUE,
"""6910g-cl AND shipLocation_s:14611 AND businessUnit_s:Accu-Tech"", ""userName_s"": ""339347"", ""refNum_s"": ""612272""",TRUE,
"""6910g AND shipLocation_s:14611 AND businessUnit_s:Accu-Tech"", ""userName_s"": ""339347"", ""refNum_s"": ""612272""",TRUE,
"""PanduitFRFWC6X4LYL AND shipLocation_s:15642 AND businessUnit_s:Accu-Tech"", ""userName_s"": ""208850"", ""refNum_s"": ""612259""",TRUE,
"""Q41-BXCU AND shipLocation_s:11411 AND businessUnit_s:Accu-Tech"", ""userName_s"": ""336136"", ""refNum_s"": ""612124""",TRUE,
"""Panduit_FRFWC6X4LYL_Fitting,_4-Way_Cross,_6\""_X_.. AND shipLocation_s:15642 AND businessUnit_s:Accu-Tech"", ""userName_s"": ""208850"", ""refNum_s"": ""612259""",TRUE,
"""658AFS 0001000* AND salesLocation_s:62746 AND shipLocation_s:15428 AND customerAccount_s:AC0158-8290 AND businessUnit_s:Accu-Tech"", ""userName_s"": ""Robert Bodnar"", ""refNum_s"": """"",TRUE,
"""012E88-33131-A3 AND businessUnit_s:Accu-Tech"", ""userName_s"": ""216856"", ""refNum_s"": """"",TRUE,
"""491ru-hfr AND shipLocation_s:12601 AND businessUnit_s:Accu-Tech"", ""userName_s"": ""201238"", ""refNum_s"": ""612211""",TRUE,
"""41084-bw AND shipLocation_s:15416 AND businessUnit_s:Accu-Tech"", ""userName_s"": ""332907"", ""refNum_s"": ""610191""",TRUE,
"""fr6x4yl6 AND shipLocation_s:15642 AND businessUnit_s:Accu-Tech"", ""userName_s"": ""208850"", ""refNum_s"": ""612259""",TRUE,
"""ICA12-50JPLLR * AND businessUnit_s:Accu-Tech AND shipLocation_s:16041 AND advancedPartSearch:Y AND businessUnit_s:Accu-Tech"", ""userName_s"": """", ""refNum_s"": ""100012447""",TRUE,
"""ksfp2 AND shipLocation_s:12601 AND businessUnit_s:Accu-Tech"", ""userName_s"": ""201238"", ""refNum_s"": ""612211""",TRUE,
"""dz012tsla9yp AND businessUnit_s:Accu-Tech"", ""userName_s"": ""328947"", ""refNum_s"": ""612161""",TRUE,
"""dz012tsla9 AND businessUnit_s:Accu-Tech"", ""userName_s"": ""328947"", ""refNum_s"": ""612161""",TRUE,
"""108168469* AND salesLocation_s:62400 AND shipLocation_s:14112 AND customerAccount_s:AC0161-0984 AND businessUnit_s:Accu-Tech"", ""userName_s"": ""Paul Varone"", ""refNum_s"": """"",TRUE,
"""61110-rl6* AND shipLocation_s:14506 AND customerAccount_s:AC0159-0480 AND businessUnit_s:Accu-Tech AND advancedPartSearch:Y"", ""userName_s"": ""Grant McIntyre"", ""refNum_s"": ""100081475""",FALSE,
"""SB2107BZ AND shipLocation_s:15416 AND businessUnit_s:Accu-Tech"", ""userName_s"": ""332907"", ""refNum_s"": ""610191""",TRUE,
"""spksu AND shipLocation_s:12601 AND businessUnit_s:Accu-Tech"", ""userName_s"": ""201238"", ""refNum_s"": ""612211""",TRUE,
"""sr AND shipLocation_s:12601 AND businessUnit_s:Accu-Tech"", ""userName_s"": ""201238"", ""refNum_s"": ""612211""",TRUE,
"""mctp6i-6-3 AND shipLocation_s:12601 AND businessUnit_s:Accu-Tech"", ""userName_s"": ""201238"", ""refNum_s"": ""612211""",TRUE,
"""XNV-6080* AND salesLocation_s:62681 AND shipLocation_s:14611 AND customerAccount_s:AC0158-3578 AND businessUnit_s:Accu-Tech"", ""userName_s"": ""Jay Mong"", ""refNum_s"": """"",TRUE,
"""90568* AND salesLocation_s:60001 AND shipLocation_s:12619 AND customerAccount_s:AC0077-8108 AND dcLocation_s:7302 AND businessUnit_s:WESCO"", ""userName_s"": ""John Allgaier"", ""refNum_s"": """"",FALSE,
"""mctp6i-3- AND shipLocation_s:12601 AND businessUnit_s:Accu-Tech"", ""userName_s"": ""201238"", ""refNum_s"": ""612211""",TRUE,
"""41084-0bw* AND salesLocation_s:62531 AND shipLocation_s:15625 AND customerAccount_s:AC0158-4979 AND businessUnit_s:Accu-Tech"", ""userName_s"": ""Dean Laden"", ""refNum_s"": """"",TRUE,
"""20DC/N AND shipLocation_s:11411 AND businessUnit_s:Accu-Tech"", ""userName_s"": ""336274"", ""refNum_s"": ""611812""",TRUE,
"""40300500 AND shipLocation_s:11726 AND businessUnit_s:Accu-Tech"", ""userName_s"": ""331169"", ""refNum_s"": ""612222""",TRUE,
"""cc7-1150m AND shipLocation_s:15009 AND businessUnit_s:Accu-Tech"", ""userName_s"": ""231421"", ""refNum_s"": ""612135""",TRUE,
"""19-84-t4sd* AND salesLocation_s:62397 AND shipLocation_s:14810 AND customerAccount_s:AC0160-0057 AND businessUnit_s:Accu-Tech"", ""userName_s"": ""Cody Farrar"", ""refNum_s"": """"",TRUE,
"""60_-_10642-001 AND businessUnit_s:Accu-Tech"", ""userName_s"": ""329313"", ""refNum_s"": ""612238""",TRUE,
"""mctp6i-5-1 AND shipLocation_s:12601 AND businessUnit_s:Accu-Tech"", ""userName_s"": ""201238"", ""refNum_s"": ""612211""",TRUE,
"""cat32hp4z34 AND shipLocation_s:15009 AND businessUnit_s:Accu-Tech"", ""userName_s"": ""231421"", ""refNum_s"": ""612135""",TRUE,
"""cat32hp4z3 AND shipLocation_s:15009 AND businessUnit_s:Accu-Tech"", ""userName_s"": ""231421"", ""refNum_s"": ""612135""",TRUE,
"""157b AND shipLocation_s:15819 AND businessUnit_s:Accu-Tech"", ""userName_s"": ""237306"", ""refNum_s"": ""612221""",TRUE,
"""UB1270 AND shipLocation_s:13417 AND businessUnit_s:Accu-Tech"", ""userName_s"": ""323948"", ""refNum_s"": ""612072""",TRUE,
"""LDF4-50A* AND businessUnit_s:Accu-Tech AND shipLocation_s:12702 AND advancedPartSearch:Y AND businessUnit_s:Accu-Tech"", ""userName_s"": """", ""refNum_s"": ""100012447""",TRUE,
"""112 AND shipLocation_s:14611 AND businessUnit_s:Accu-Tech"", ""userName_s"": ""339347"", ""refNum_s"": ""612165""",TRUE,
"""T00031574* AND businessUnit_s:WESCO AND shipLocation_s:15408 AND advancedPartSearch:Y AND businessUnit_s:WESCO"", ""userName_s"": """", ""refNum_s"": ""100012447""",FALSE,
"""15DC/ AND shipLocation_s:11411 AND businessUnit_s:Accu-Tech"", ""userName_s"": ""336274"", ""refNum_s"": ""611812""",TRUE,
"""A11-H43-201* AND businessUnit_s:Accu-Tech AND shipLocation_s:12702 AND transactablePartFilter:Y AND advancedPartSearch:Y AND businessUnit_s:Accu-Tech"", ""userName_s"": """", ""refNum_s"": ""100012447""",TRUE,
"""A32-V32-201* AND businessUnit_s:Accu-Tech AND shipLocation_s:12702 AND transactablePartFilter:Y AND advancedPartSearch:Y AND businessUnit_s:Accu-Tech"", ""userName_s"": """", ""refNum_s"": ""100012447""",TRUE,
"""c6d1 AND businessUnit_s:Accu-Tech"", ""userName_s"": ""339483"", ""refNum_s"": """"",TRUE,
"""787802GD1AP008M* AND salesLocation_s:60373 AND shipLocation_s:13429 AND customerAccount_s:AC0159-0721 AND businessUnit_s:Accu-Tech"", ""userName_s"": ""Alison Moody"", ""refNum_s"": """"",TRUE,
"""CCH-CS24-A9-P00RE AND businessUnit_s:Accu-Tech"", ""userName_s"": ""208739"", ""refNum_s"": ""612209""",TRUE,
"""760248525* AND salesLocation_s:61962 AND shipLocation_s:16023 AND customerAccount_s:AC0159-0266 AND businessUnit_s:Accu-Tech"", ""userName_s"": ""Calvin Armstrong"", ""refNum_s"": """"",TRUE,
"""000203* AND businessUnit_s:WESCO AND shipLocation_s:14507 AND advancedPartSearch:Y AND businessUnit_s:WESCO"", ""userName_s"": """", ""refNum_s"": ""100012447""",FALSE,
"""FS400-STI AND shipLocation_s:16023 AND businessUnit_s:Accu-Tech"", ""userName_s"": ""312371"", ""refNum_s"": ""612201""",TRUE,
"""RSA-3458* AND salesLocation_s:62396 AND shipLocation_s:14802 AND customerAccount_s:AC0159-0761 AND businessUnit_s:Accu-Tech"", ""userName_s"": ""Jacob Lunsford"", ""refNum_s"": """"",TRUE,
"""M57195B AND shipLocation_s:14611 AND businessUnit_s:Accu-Tech"", ""userName_s"": ""307070"", ""refNum_s"": ""612202""",TRUE,
"""144e8p-Y3131-29 AND shipLocation_s:13417 AND businessUnit_s:Accu-Tech"", ""userName_s"": ""234589"", ""refNum_s"": ""606735""",TRUE,
"""UWPPM5* AND businessUnit_s:WESCO AND shipLocation_s:14507 AND advancedPartSearch:Y AND businessUnit_s:WESCO"", ""userName_s"": """", ""refNum_s"": ""100012447""",FALSE,
"""6100_3 AND businessUnit_s:Accu-Tech"", ""userName_s"": ""328501"", ""refNum_s"": ""612178""",TRUE,
"""2413010u1000* AND salesLocation_s:61960 AND shipLocation_s:16043 AND customerAccount_s:AC0158-1174 AND businessUnit_s:Accu-Tech"", ""userName_s"": ""Alton Balentine"", ""refNum_s"": """"",TRUE,
"""6100Â  AND businessUnit_s:Accu-Tech"", ""userName_s"": ""328501"", ""refNum_s"": ""612178""",TRUE,
"""MCTP6AI-6-10 AND shipLocation_s:15642 AND businessUnit_s:Accu-Tech"", ""userName_s"": ""208850"", ""refNum_s"": ""612036""",TRUE,
"""RFN-1039-1* AND salesLocation_s:62396 AND shipLocation_s:14802 AND customerAccount_s:AC0159-0761 AND businessUnit_s:Accu-Tech"", ""userName_s"": ""Jacob Lunsford"", ""refNum_s"": """"",TRUE,
"""333485H02* AND businessUnit_s:WESCO AND shipLocation_s:14507 AND advancedPartSearch:Y AND businessUnit_s:WESCO"", ""userName_s"": """", ""refNum_s"": ""100012447""",FALSE,
"""hcv-6070r* AND salesLocation_s:62681 AND shipLocation_s:14611 AND customerAccount_s:AC0158-3578 AND businessUnit_s:Accu-Tech"", ""userName_s"": ""Jay Mong"", ""refNum_s"": """"",TRUE,
"""AP781 AND shipLocation_s:12601 AND businessUnit_s:Accu-Tech"", ""userName_s"": ""219448"", ""refNum_s"": ""612190""",TRUE,
"""77-240-2A AND businessUnit_s:Accu-Tech"", ""userName_s"": ""328478"", ""refNum_s"": ""612187""",TRUE,
"""859120 AND shipLocation_s:11411 AND businessUnit_s:Accu-Tech"", ""userName_s"": ""336274"", ""refNum_s"": ""611812""",TRUE,
"""110ABC5E100 AND shipLocation_s:15625 AND businessUnit_s:Accu-Tech"", ""userName_s"": ""329187"", ""refNum_s"": ""608149""",TRUE,
"""1013 AND shipLocation_s:14611 AND businessUnit_s:Accu-Tech"", ""userName_s"": ""339347"", ""refNum_s"": ""612165""",TRUE,
"""CCH-01U* AND salesLocation_s:61960 AND shipLocation_s:16043 AND customerAccount_s:AC0162-0403 AND businessUnit_s:Accu-Tech"", ""userName_s"": ""Adam Cervera"", ""refNum_s"": """"",TRUE,
"""MXED64283BK1000* AND salesLocation_s:61960 AND shipLocation_s:16043 AND customerAccount_s:AC0162-0403 AND businessUnit_s:Accu-Tech"", ""userName_s"": ""Adam Cervera"", ""refNum_s"": """"",TRUE,
"""7525793* AND salesLocation_s:61960 AND shipLocation_s:16043 AND customerAccount_s:AC0162-0403 AND businessUnit_s:Accu-Tech"", ""userName_s"": ""Adam Cervera"", ""refNum_s"": """"",TRUE,
"""t5pls-1 AND shipLocation_s:14611 AND businessUnit_s:Accu-Tech"", ""userName_s"": ""339347"", ""refNum_s"": ""612165""",TRUE,
"""DPA48688TGY AND shipLocation_s:15625 AND businessUnit_s:Accu-Tech"", ""userName_s"": ""329187"", ""refNum_s"": ""608149""",TRUE,
"""UPPLC- AND shipLocation_s:14611 AND businessUnit_s:Accu-Tech"", ""userName_s"": ""339347"", ""refNum_s"": ""612165""",TRUE,
"""576A-RD20-007* AND salesLocation_s:62530 AND shipLocation_s:15642 AND customerAccount_s:AC0164-6108 AND businessUnit_s:Accu-Tech"", ""userName_s"": ""Greg Griffo"", ""refNum_s"": """"",TRUE,
"""RFT-1218-X* AND salesLocation_s:62396 AND shipLocation_s:14802 AND customerAccount_s:AC0159-0761 AND businessUnit_s:Accu-Tech"", ""userName_s"": ""Jacob Lunsford"", ""refNum_s"": """"",TRUE,
"""AX103115 AND shipLocation_s:15819 AND businessUnit_s:Accu-Tech"", ""userName_s"": ""237306"", ""refNum_s"": ""612159""",TRUE,
"""cfsa69383 AND shipLocation_s:11411 AND businessUnit_s:Accu-Tech"", ""userName_s"": ""336274"", ""refNum_s"": ""611812""",TRUE,
"""FLEX1U06 AND shipLocation_s:15625 AND businessUnit_s:Accu-Tech"", ""userName_s"": ""329187"", ""refNum_s"": ""608149""",TRUE,
"""86416H06* AND businessUnit_s:WESCO AND shipLocation_s:14507 AND advancedPartSearch:Y AND businessUnit_s:WESCO"", ""userName_s"": """", ""refNum_s"": ""100012447""",FALSE,
"""ax10229 AND shipLocation_s:12114 AND businessUnit_s:Accu-Tech"", ""userName_s"": ""235882"", ""refNum_s"": ""612153""",TRUE,
"""belden_furniture AND shipLocation_s:12114 AND businessUnit_s:Accu-Tech"", ""userName_s"": ""235882"", ""refNum_s"": ""612153""",TRUE,
"""48900-O AND shipLocation_s:14611 AND businessUnit_s:Accu-Tech"", ""userName_s"": ""339347"", ""refNum_s"": ""612165""",TRUE,
"""489 AND shipLocation_s:14611 AND businessUnit_s:Accu-Tech"", ""userName_s"": ""339347"", ""refNum_s"": ""612165""",TRUE,
"""2\t36\tSURT192RMXLBP3U APC Smart-UPS RT 192V RM Battery Pack\t1,619.05\t20\t1,295.24\t46,628.64* AND salesLocation_s:62681 AND shipLocation_s:14611 AND customerAccount_s:AC0158-9128 AND businessUnit_s:Accu-Tech"", ""userName_s"": ""Joshua Luffman"", ""refNum_s"": """"",TRUE,
"""6B-246-5B* AND businessUnit_s:Accu-Tech AND shipLocation_s:12601 AND advancedPartSearch:Y AND businessUnit_s:Accu-Tech"", ""userName_s"": """", ""refNum_s"": ""100012447""",TRUE,
"""OR-KSFP2-88 AND shipLocation_s:12114 AND businessUnit_s:Accu-Tech"", ""userName_s"": ""235882"", ""refNum_s"": ""612153""",TRUE,
"""95-200-99-* AND businessUnit_s:Accu-Tech AND shipLocation_s:12114 AND advancedPartSearch:Y AND businessUnit_s:Accu-Tech"", ""userName_s"": """", ""refNum_s"": ""100012447""",TRUE,
"""KP403 AND shipLocation_s:14205 AND businessUnit_s:Accu-Tech"", ""userName_s"": ""230516"", ""refNum_s"": ""611553""",TRUE,
"""UC1BBB2-0ZF001* AND salesLocation_s:62473 AND shipLocation_s:13429 AND customerAccount_s:AC0158-6073 AND businessUnit_s:Accu-Tech"", ""userName_s"": ""John-Riley Hathcock"", ""refNum_s"": """"",TRUE,
"""LCS-OM4-UPC-09 AND shipLocation_s:15428 AND businessUnit_s:Accu-Tech"", ""userName_s"": ""337277"", ""refNum_s"": ""611930""",TRUE,
"""EZ-600-NMH* AND businessUnit_s:Accu-Tech AND shipLocation_s:15625 AND advancedPartSearch:Y AND businessUnit_s:Accu-Tech"", ""userName_s"": """", ""refNum_s"": ""100012447""",TRUE,
"""KT2J AND shipLocation_s:12114 AND businessUnit_s:Accu-Tech"", ""userName_s"": ""235882"", ""refNum_s"": ""612153""",TRUE,
"""122883D01* AND businessUnit_s:Accu-Tech AND shipLocation_s:15625 AND advancedPartSearch:Y AND businessUnit_s:Accu-Tech"", ""userName_s"": """", ""refNum_s"": ""100012447""",TRUE,
"""41642-W* AND salesLocation_s:62679 AND shipLocation_s:12908 AND customerAccount_s:AC0162-7562 AND businessUnit_s:Accu-Tech"", ""userName_s"": ""Josh DuFore"", ""refNum_s"": """"",TRUE,
"""A11-H43- AND shipLocation_s:11411 AND businessUnit_s:Accu-Tech"", ""userName_s"": ""336274"", ""refNum_s"": ""611812""",TRUE,
"""CJ688TGBUâ€‚â€‚â€‚â€‚â€‚â€‚â€‚â€‚* AND businessUnit_s:Accu-Tech AND shipLocation_s:13603 AND advancedPartSearch:Y AND businessUnit_s:Accu-Tech"", ""userName_s"": """", ""refNum_s"": ""100012447""",TRUE,
"""A11 AND shipLocation_s:11411 AND businessUnit_s:Accu-Tech"", ""userName_s"": ""336274"", ""refNum_s"": ""611812""",TRUE,
"""QND-8020R AND shipLocation_s:14509 AND businessUnit_s:Accu-Tech"", ""userName_s"": ""316066"", ""refNum_s"": ""612151""",TRUE,
"""PUP6C04BU-WZ* AND businessUnit_s:Accu-Tech AND shipLocation_s:13603 AND advancedPartSearch:Y AND businessUnit_s:Accu-Tech"", ""userName_s"": """", ""refNum_s"": ""100012447""",TRUE,
"""dcamjkubl-s1 AND shipLocation_s:12114 AND businessUnit_s:Accu-Tech"", ""userName_s"": ""235882"", ""refNum_s"": ""612153""",TRUE,
"""7100201 AND shipLocation_s:15812 AND businessUnit_s:Accu-Tech"", ""userName_s"": ""321886"", ""refNum_s"": ""612128""",TRUE,
"""576-rd20-003* AND salesLocation_s:62530 AND shipLocation_s:15642 AND customerAccount_s:AC0164-6108 AND businessUnit_s:Accu-Tech"", ""userName_s"": ""Greg Griffo"", ""refNum_s"": """"",TRUE,
"""9982239* AND salesLocation_s:62532 AND shipLocation_s:11726 AND customerAccount_s:AC0158-5595 AND businessUnit_s:Accu-Tech"", ""userName_s"": ""Austin Collins"", ""refNum_s"": """"",TRUE,
"""ax10419* AND salesLocation_s:62530 AND shipLocation_s:15642 AND customerAccount_s:AC0164-6108 AND businessUnit_s:Accu-Tech"", ""userName_s"": ""Greg Griffo"", ""refNum_s"": """"",TRUE,
"""T00031622* AND salesLocation_s:62395 AND shipLocation_s:12702 AND customerAccount_s:AC0161-8088 AND businessUnit_s:Accu-Tech"", ""userName_s"": ""Zach Kahn"", ""refNum_s"": """"",TRUE,
"""fisd012p9* AND salesLocation_s:62530 AND shipLocation_s:15642 AND customerAccount_s:AC0159-7234 AND businessUnit_s:Accu-Tech"", ""userName_s"": ""Billy Caine"", ""refNum_s"": """"",TRUE,
"""nk4fwhy* AND salesLocation_s:62474 AND shipLocation_s:13417 AND customerAccount_s:AC0158-6335 AND businessUnit_s:Accu-Tech"", ""userName_s"": ""Kelly Szymanski"", ""refNum_s"": """"",TRUE,
"""49223 AND shipLocation_s:14611 AND businessUnit_s:Accu-Tech"", ""userName_s"": ""339347"", ""refNum_s"": ""612089""",TRUE,
"""COGLL902P2P-325 AND businessUnit_s:Accu-Tech"", ""userName_s"": ""208739"", ""refNum_s"": ""611301""",TRUE,
"""61110 AND shipLocation_s:14611 AND businessUnit_s:Accu-Tech"", ""userName_s"": ""339347"", ""refNum_s"": ""612089""",TRUE,
"""dx0 AND shipLocation_s:15009 AND businessUnit_s:Accu-Tech"", ""userName_s"": ""231421"", ""refNum_s"": ""612135""",TRUE,
"""WRK-40-32LRD40* AND salesLocation_s:69609 AND shipLocation_s:12702 AND customerAccount_s:AC0158-3127 AND businessUnit_s:Accu-Tech"", ""userName_s"": ""Matthew Zito"", ""refNum_s"": """"",TRUE,
"""44330H01* AND businessUnit_s:WESCO AND shipLocation_s:14507 AND advancedPartSearch:Y AND businessUnit_s:WESCO"", ""userName_s"": """", ""refNum_s"": ""100012447""",FALSE,
"""492 AND shipLocation_s:14611 AND businessUnit_s:Accu-Tech"", ""userName_s"": ""339347"", ""refNum_s"": ""612089""",TRUE,
"""VU AND shipLocation_s:11411 AND businessUnit_s:Accu-Tech"", ""userName_s"": ""336274"", ""refNum_s"": ""611812""",TRUE,
"""cch-blnmk AND shipLocation_s:12601 AND businessUnit_s:Accu-Tech"", ""userName_s"": ""224014"", ""refNum_s"": ""612103""",TRUE,
"""tf6-os2-pl* AND salesLocation_s:62395 AND shipLocation_s:12702 AND customerAccount_s:AC0158-2651 AND businessUnit_s:Accu-Tech"", ""userName_s"": ""Chris Seeman"", ""refNum_s"": """"",TRUE,
"""40674H10* AND businessUnit_s:WESCO AND shipLocation_s:14507 AND advancedPartSearch:Y AND businessUnit_s:WESCO"", ""userName_s"": """", ""refNum_s"": ""100012447""",FALSE,
"""1043972AT* AND salesLocation_s:62744 AND shipLocation_s:15416 AND customerAccount_s:AC0163-1132 AND businessUnit_s:Accu-Tech"", ""userName_s"": ""Lauren Givens"", ""refNum_s"": """"",TRUE,
"""mctp6i-9-2* AND businessUnit_s:Accu-Tech AND shipLocation_s:13429 AND advancedPartSearch:Y AND businessUnit_s:Accu-Tech"", ""userName_s"": """", ""refNum_s"": ""100012447""",TRUE,
"""10GXW13Â D151000* AND businessUnit_s:Accu-Tech AND shipLocation_s:12702 AND advancedPartSearch:Y AND businessUnit_s:Accu-Tech"", ""userName_s"": """", ""refNum_s"": ""100012447""",TRUE,
"""MCW-S/B AND shipLocation_s:15819 AND businessUnit_s:Accu-Tech"", ""userName_s"": ""237306"", ""refNum_s"": ""612121""",TRUE,
"""10001 AND shipLocation_s:11726 AND businessUnit_s:Accu-Tech"", ""userName_s"": ""234661"", ""refNum_s"": ""611963""",TRUE,
"""L4TNM-PSA* AND salesLocation_s:62395 AND shipLocation_s:12702 AND customerAccount_s:AC0186-3068 AND businessUnit_s:Accu-Tech"", ""userName_s"": ""Ryan Thenell"", ""refNum_s"": """"",TRUE,
"""*:* AND transPartOrFilter:(transactablePart_s:1001689AT OR transactablePart_s:1001024AT) AND salesLocation_s:62401 AND shipLocation_s:12601 AND customerAccount_s:AC0158-8375 AND businessUnit_s:Accu-Tech"", ""userName_s"": ""Randy Schnepel"", ""refNum_s"": ""100080736""",TRUE,
"""hp AND shipLocation_s:12601 AND businessUnit_s:Accu-Tech"", ""userName_s"": ""224014"", ""refNum_s"": ""612103""",TRUE,
"""nk1fw AND shipLocation_s:11726 AND businessUnit_s:Accu-Tech"", ""userName_s"": ""234661"", ""refNum_s"": ""611963""",TRUE,
"""8500-05-0030mz* AND salesLocation_s:62747 AND shipLocation_s:11411 AND customerAccount_s:AC0159-0266 AND businessUnit_s:Accu-Tech"", ""userName_s"": ""Thomas Cousins"", ""refNum_s"": """"",TRUE,
"""6T-272-2A AND shipLocation_s:12304 AND businessUnit_s:Accu-Tech"", ""userName_s"": ""327282"", ""refNum_s"": ""611273""",TRUE,
"""CS34O-0* AND salesLocation_s:62395 AND shipLocation_s:12702 AND customerAccount_s:AC0197-2428 AND businessUnit_s:Accu-Tech"", ""userName_s"": ""Parker Mitchell"", ""refNum_s"": """"",TRUE,
"""333490H01* AND businessUnit_s:WESCO AND shipLocation_s:14507 AND advancedPartSearch:Y AND businessUnit_s:WESCO"", ""userName_s"": """", ""refNum_s"": ""100012447""",FALSE,
"""006E88-31131-29 AND businessUnit_s:Accu-Tech"", ""userName_s"": ""337844"", ""refNum_s"": """"",TRUE,
"""RM AND shipLocation_s:11102 AND businessUnit_s:Accu-Tech"", ""userName_s"": ""224559"", ""refNum_s"": ""612010""",TRUE,
"""95-200-99 AND shipLocation_s:12908 AND businessUnit_s:Accu-Tech"", ""userName_s"": ""321602"", ""refNum_s"": ""612074""",TRUE,
"""UTP6AX1BU* AND salesLocation_s:62681 AND shipLocation_s:14611 AND customerAccount_s:AC0158-9128 AND businessUnit_s:Accu-Tech"", ""userName_s"": ""Joshua Luffman"", ""refNum_s"": """"",TRUE,
"""165BK4A* AND salesLocation_s:62395 AND shipLocation_s:12702 AND customerAccount_s:AC0159-6809 AND businessUnit_s:Accu-Tech"", ""userName_s"": ""Melissa Saul"", ""refNum_s"": """"",TRUE,
"""ax102652* AND salesLocation_s:62474 AND shipLocation_s:13417 AND customerAccount_s:AC0158-6317 AND businessUnit_s:Accu-Tech"", ""userName_s"": ""Kelly Szymanski"", ""refNum_s"": """"",TRUE,
"""NH12* AND businessUnit_s:Accu-Tech AND shipLocation_s:13603 AND advancedPartSearch:Y AND businessUnit_s:Accu-Tech"", ""userName_s"": """", ""refNum_s"": ""100012447""",TRUE,
"""SMT750RM2U AND shipLocation_s:12601 AND businessUnit_s:Accu-Tech"", ""userName_s"": ""224014"", ""refNum_s"": ""612084""",TRUE,
"""CS60-024-001 AND shipLocation_s:11411 AND businessUnit_s:Accu-Tech"", ""userName_s"": ""336274"", ""refNum_s"": ""611812""",TRUE,
"""UNJ600-BL AND shipLocation_s:15609 AND businessUnit_s:Accu-Tech"", ""userName_s"": ""337705"", ""refNum_s"": ""612093""",TRUE,
"""SRWBWTRFL AND businessUnit_s:Accu-Tech"", ""userName_s"": ""328841"", ""refNum_s"": ""612094""",TRUE,
"""CS19-PYL12V160FT AND shipLocation_s:11411 AND businessUnit_s:Accu-Tech"", ""userName_s"": ""336274"", ""refNum_s"": ""611812""",TRUE,
"""WJHT-2JH AND shipLocation_s:14611 AND businessUnit_s:Accu-Tech"", ""userName_s"": ""339347"", ""refNum_s"": ""612089""",TRUE,
"""10453* AND salesLocation_s:62474 AND shipLocation_s:13417 AND customerAccount_s:AC0158-6317 AND businessUnit_s:Accu-Tech"", ""userName_s"": ""Kelly Szymanski"", ""refNum_s"": """"",TRUE,
"""CS03-0 AND shipLocation_s:11411 AND businessUnit_s:Accu-Tech"", ""userName_s"": ""336274"", ""refNum_s"": ""611812""",TRUE,
"""41 AND shipLocation_s:11411 AND businessUnit_s:Accu-Tech"", ""userName_s"": ""302766"", ""refNum_s"": ""612063""",TRUE,
"""CJ688TGBU____Blue AND shipLocation_s:13603 AND businessUnit_s:Accu-Tech"", ""userName_s"": ""332229"", ""refNum_s"": ""587543""",TRUE,
"""6110G-Ro6 AND shipLocation_s:11411 AND businessUnit_s:Accu-Tech"", ""userName_s"": ""302766"", ""refNum_s"": ""612063""",TRUE,
"""FCE1U* AND businessUnit_s:Accu-Tech AND shipLocation_s:15428 AND advancedPartSearch:Y AND businessUnit_s:Accu-Tech"", ""userName_s"": """", ""refNum_s"": ""100012447""",TRUE,
"""FCE1U* AND salesLocation_s:62473 AND shipLocation_s:13429 AND customerAccount_s:AC0158-6073 AND businessUnit_s:Accu-Tech"", ""userName_s"": ""John-Riley Hathcock"", ""refNum_s"": """"",TRUE,
"""6110G-Rr AND shipLocation_s:11411 AND businessUnit_s:Accu-Tech"", ""userName_s"": ""302766"", ""refNum_s"": ""612063""",TRUE,
"""WD8001PURP* AND salesLocation_s:62530 AND shipLocation_s:15642 AND customerAccount_s:AC0158-1251 AND businessUnit_s:Accu-Tech"", ""userName_s"": ""Greg Griffo"", ""refNum_s"": """"",TRUE,
"""6110- AND shipLocation_s:11411 AND businessUnit_s:Accu-Tech"", ""userName_s"": ""302766"", ""refNum_s"": ""612063""",TRUE,
"""T00026373* AND businessUnit_s:WESCO AND shipLocation_s:14507 AND advancedPartSearch:Y AND businessUnit_s:WESCO"", ""userName_s"": """", ""refNum_s"": ""100012447""",FALSE,
"""6110g-rv6 AND shipLocation_s:11411 AND businessUnit_s:Accu-Tech"", ""userName_s"": ""302766"", ""refNum_s"": ""612063""",TRUE,
"""6110g- AND shipLocation_s:11411 AND businessUnit_s:Accu-Tech"", ""userName_s"": ""302766"", ""refNum_s"": ""612063""",TRUE,
"""MCCPSS19 AND shipLocation_s:15642 AND businessUnit_s:Accu-Tech"", ""userName_s"": ""233931"", ""refNum_s"": ""612071""",TRUE,
"""PSU-C-06* AND salesLocation_s:62395 AND shipLocation_s:12702 AND customerAccount_s:AC0158-3408 AND businessUnit_s:Accu-Tech"", ""userName_s"": ""James Smythe"", ""refNum_s"": """"",TRUE,
"""82180210C* AND salesLocation_s:62682 AND shipLocation_s:15819 AND customerAccount_s:AC0163-4674 AND businessUnit_s:Accu-Tech"", ""userName_s"": ""Jeremy Smith"", ""refNum_s"": """"",TRUE,
"""RM-12MP AND shipLocation_s:14611 AND businessUnit_s:Accu-Tech"", ""userName_s"": ""339347"", ""refNum_s"": ""612049""",TRUE,
"""F43-00 AND shipLocation_s:11411 AND businessUnit_s:Accu-Tech"", ""userName_s"": ""336274"", ""refNum_s"": ""611812""",TRUE,
"""6as10- AND shipLocation_s:14611 AND businessUnit_s:Accu-Tech"", ""userName_s"": ""339347"", ""refNum_s"": ""612049""",TRUE,
"""6as1 AND shipLocation_s:14611 AND businessUnit_s:Accu-Tech"", ""userName_s"": ""339347"", ""refNum_s"": ""612049""",TRUE,
"""20004194 AND shipLocation_s:15416 AND businessUnit_s:Accu-Tech"", ""userName_s"": ""328811"", ""refNum_s"": ""612022""",TRUE,
"""HL-48* AND salesLocation_s:60001 AND shipLocation_s:12619 AND customerAccount_s:AC0050-0698 AND dcLocation_s:7302 AND businessUnit_s:WESCO"", ""userName_s"": ""John Allgaier"", ""refNum_s"": """"",FALSE,
"""SFB10* AND salesLocation_s:62401 AND shipLocation_s:12601 AND customerAccount_s:AC0197-0565 AND businessUnit_s:Accu-Tech"", ""userName_s"": ""Nolan Ostrander"", ""refNum_s"": """"",TRUE,
"""41084-obw AND shipLocation_s:14611 AND businessUnit_s:Accu-Tech"", ""userName_s"": ""339347"", ""refNum_s"": ""612049""",TRUE,
"""7143819* AND salesLocation_s:62530 AND shipLocation_s:15642 AND customerAccount_s:AC0158-2220 AND businessUnit_s:Accu-Tech"", ""userName_s"": ""Billy Caine"", ""refNum_s"": """"",TRUE,
"""CAT64HP AND shipLocation_s:11102 AND businessUnit_s:Accu-Tech"", ""userName_s"": ""224559"", ""refNum_s"": ""612010""",TRUE,
"""F41-8XCU AND shipLocation_s:11411 AND businessUnit_s:Accu-Tech"", ""userName_s"": ""336274"", ""refNum_s"": ""611812""",TRUE,
"""PS-R2-ON50M(XH)* AND salesLocation_s:62395 AND shipLocation_s:12702 AND customerAccount_s:AC0186-3068 AND businessUnit_s:Accu-Tech"", ""userName_s"": ""Ryan Thenell"", ""refNum_s"": """"",TRUE,
"""760148056 AND shipLocation_s:16043 AND businessUnit_s:Accu-Tech"", ""userName_s"": ""304249"", ""refNum_s"": ""612066""",TRUE,
"""Q42-Z1CNU AND shipLocation_s:16011 AND businessUnit_s:Accu-Tech"", ""userName_s"": ""322620"", ""refNum_s"": ""612048""",TRUE,
"""13904-703 AND shipLocation_s:13603 AND businessUnit_s:Accu-Tech"", ""userName_s"": ""236163"", ""refNum_s"": ""611935""",TRUE,
"""THHN AND shipLocation_s:12114 AND businessUnit_s:Accu-Tech"", ""userName_s"": ""337344"", ""refNum_s"": ""612043""",TRUE,
"""6110g-cl6 AND shipLocation_s:14611 AND businessUnit_s:Accu-Tech"", ""userName_s"": ""339347"", ""refNum_s"": ""612049""",TRUE,
"""6110 AND shipLocation_s:14611 AND businessUnit_s:Accu-Tech"", ""userName_s"": ""339347"", ""refNum_s"": ""612049""",TRUE,
"""e_HL4RPV-50 AND shipLocation_s:16011 AND businessUnit_s:Accu-Tech"", ""userName_s"": ""322620"", ""refNum_s"": ""612048""",TRUE,
"""belden 22/4* AND businessUnit_s:Accu-Tech AND shipLocation_s:12601 AND advancedPartSearch:Y AND businessUnit_s:Accu-Tech"", ""userName_s"": """", ""refNum_s"": ""100012447""",TRUE,
"""wmpf1e* AND businessUnit_s:Accu-Tech AND shipLocation_s:13603 AND advancedPartSearch:Y AND businessUnit_s:Accu-Tech"", ""userName_s"": """", ""refNum_s"": ""100012447""",TRUE,
"""fan-bt25-12* AND salesLocation_s:62395 AND shipLocation_s:12702 AND customerAccount_s:AC0158-4571 AND businessUnit_s:Accu-Tech"", ""userName_s"": ""Steve Kurtinitis"", ""refNum_s"": """"",TRUE,
"""77- AND shipLocation_s:12908 AND businessUnit_s:Accu-Tech"", ""userName_s"": ""321469"", ""refNum_s"": ""612052""",TRUE,
"""4100ULW.02500 AND shipLocation_s:15416 AND businessUnit_s:Accu-Tech"", ""userName_s"": ""328811"", ""refNum_s"": ""612022""",TRUE,
"""10136226 AND shipLocation_s:14112 AND businessUnit_s:Accu-Tech"", ""userName_s"": ""319942"", ""refNum_s"": ""612051""",TRUE,
"""SB86166DFB AND shipLocation_s:15416 AND businessUnit_s:Accu-Tech"", ""userName_s"": ""332907"", ""refNum_s"": ""610191""",TRUE,
"""13912-703 AND shipLocation_s:15416 AND businessUnit_s:Accu-Tech"", ""userName_s"": ""332907"", ""refNum_s"": ""610191""",TRUE,
"""77-240* AND salesLocation_s:61997 AND shipLocation_s:12114 AND customerAccount_s:AC0159-4843 AND businessUnit_s:Accu-Tech"", ""userName_s"": ""Melisha Savage"", ""refNum_s"": """"",TRUE,
"""040402R5120005M AND businessUnit_s:Accu-Tech"", ""userName_s"": ""208739"", ""refNum_s"": ""611989""",TRUE,
"""cch- AND shipLocation_s:13603 AND businessUnit_s:Accu-Tech"", ""userName_s"": ""236163"", ""refNum_s"": ""611935""",TRUE,
"""111 AND shipLocation_s:14611 AND businessUnit_s:Accu-Tech"", ""userName_s"": ""339347"", ""refNum_s"": ""612049""",TRUE,
"""4100ULW. AND shipLocation_s:15416 AND businessUnit_s:Accu-Tech"", ""userName_s"": ""328811"", ""refNum_s"": ""612022""",TRUE,
"""OC-S18-P110/5-NF AND shipLocation_s:11305 AND businessUnit_s:Accu-Tech"", ""userName_s"": ""337844"", ""refNum_s"": ""612037""",TRUE,
"""77-24 AND shipLocation_s:12908 AND businessUnit_s:Accu-Tech"", ""userName_s"": ""321469"", ""refNum_s"": ""612039""",TRUE,
"""FUSE-SC9SMU-6* AND businessUnit_s:Accu-Tech AND shipLocation_s:12908 AND advancedPartSearch:Y AND businessUnit_s:Accu-Tech"", ""userName_s"": """", ""refNum_s"": ""100012447""",TRUE,
"""SG-4506* AND salesLocation_s:60001 AND shipLocation_s:12619 AND customerAccount_s:AC0012-6948 AND dcLocation_s:7302 AND businessUnit_s:WESCO"", ""userName_s"": ""Sam Alford"", ""refNum_s"": """"",FALSE,
"""VHW-HWPS-C* AND salesLocation_s:62747 AND shipLocation_s:11411 AND customerAccount_s:AC0160-1591 AND businessUnit_s:Accu-Tech"", ""userName_s"": ""Thomas Cousins"", ""refNum_s"": """"",TRUE,
"""760117895* AND salesLocation_s:61960 AND shipLocation_s:16043 AND customerAccount_s:AC0158-0571 AND businessUnit_s:Accu-Tech"", ""userName_s"": ""Alton Balentine"", ""refNum_s"": """"",TRUE,
"""bch AND shipLocation_s:12304 AND businessUnit_s:Accu-Tech"", ""userName_s"": ""233642"", ""refNum_s"": ""612031""",TRUE,
"""*:* AND transPartOrFilter:(transactablePart_s:BEZ5YZZ95) AND salesLocation_s:60682 AND shipLocation_s:15408 AND dcLocation_s:7305 AND customerAccount_s:AC0191-1721 AND businessUnit_s:WESCO"", ""userName_s"": ""Brian Wortmann"", ""refNum_s"": ""QU100030266""",FALSE,
"""cch-cp12-a AND shipLocation_s:11411 AND businessUnit_s:Accu-Tech"", ""userName_s"": ""228294"", ""refNum_s"": ""612024""",TRUE,
"""4g2404/6w- AND shipLocation_s:13417 AND businessUnit_s:Accu-Tech"", ""userName_s"": ""234589"", ""refNum_s"": ""612020""",TRUE,
"""foas2fsmlclc AND shipLocation_s:14506 AND businessUnit_s:Accu-Tech"", ""userName_s"": ""209989"", ""refNum_s"": ""611940""",TRUE,
"""mctp6abi-6- AND shipLocation_s:14506 AND businessUnit_s:Accu-Tech"", ""userName_s"": ""209989"", ""refNum_s"": ""611940""",TRUE,
"""ICP AND shipLocation_s:16011 AND businessUnit_s:Accu-Tech"", ""userName_s"": ""335361"", ""refNum_s"": ""611983""",TRUE,
"""CAT-6 - 24 AWG min. - 6ft Jumper cable* AND businessUnit_s:Accu-Tech AND shipLocation_s:12702 AND advancedPartSearch:Y AND businessUnit_s:Accu-Tech"", ""userName_s"": """", ""refNum_s"": ""100012447""",TRUE,
"""11421-721* AND businessUnit_s:Accu-Tech AND shipLocation_s:14611 AND advancedPartSearch:Y AND businessUnit_s:Accu-Tech"", ""userName_s"": """", ""refNum_s"": ""100012447""",TRUE,
"""UN874035104/10 AND shipLocation_s:12702 AND businessUnit_s:Accu-Tech"", ""userName_s"": ""323615"", ""refNum_s"": ""611514""",TRUE,
"""23/4PR_SOL_NS_CAT6A_CMP_1000'_REEL_-_BLUE AND businessUnit_s:Accu-Tech"", ""userName_s"": ""323615"", ""refNum_s"": """"",TRUE,
"""fce AND shipLocation_s:16041 AND businessUnit_s:Accu-Tech"", ""userName_s"": ""313089"", ""refNum_s"": ""611906""",TRUE,
"""*:* AND transPartOrFilter:(transactablePart_s:1038377AT) AND salesLocation_s:62530 AND shipLocation_s:15642 AND customerAccount_s:AC0158-1151 AND businessUnit_s:Accu-Tech"", ""userName_s"": ""Matt Duncan"", ""refNum_s"": ""QU100029449""",TRUE,
"""27175* AND salesLocation_s:62396 AND shipLocation_s:14802 AND customerAccount_s:AC0162-9225 AND businessUnit_s:Accu-Tech"", ""userName_s"": ""Jacob Lunsford"", ""refNum_s"": """"",TRUE,
"""25_pair AND shipLocation_s:13417 AND businessUnit_s:Accu-Tech"", ""userName_s"": ""308716"", ""refNum_s"": ""612000""",TRUE,
"""1045478AT* AND salesLocation_s:62395 AND shipLocation_s:12702 AND customerAccount_s:AC0159-0023 AND businessUnit_s:Accu-Tech"", ""userName_s"": ""Kristy Lopez"", ""refNum_s"": """"",TRUE,
"""RGW-12-1Y AND shipLocation_s:13417 AND businessUnit_s:Accu-Tech"", ""userName_s"": ""310311"", ""refNum_s"": ""611214""",TRUE,
"""77-020-070-810* AND salesLocation_s:60001 AND shipLocation_s:12619 AND customerAccount_s:AC0155-5833 AND dcLocation_s:7302 AND businessUnit_s:WESCO"", ""userName_s"": ""Christopher Stone"", ""refNum_s"": """"",FALSE,
"""13 AND shipLocation_s:14506 AND businessUnit_s:Accu-Tech"", ""userName_s"": ""209989"", ""refNum_s"": ""611940""",TRUE,
"""10gxw AND businessUnit_s:Accu-Tech"", ""userName_s"": ""313507"", ""refNum_s"": """"",TRUE,
"""ATR1/4X72 ZN** AND salesLocation_s:62681 AND shipLocation_s:14611 AND customerAccount_s:AC0185-7153 AND businessUnit_s:Accu-Tech"", ""userName_s"": ""Peter Weidman-Keneagy"", ""refNum_s"": """"",TRUE,
"""pup6c04yl- AND shipLocation_s:13603 AND businessUnit_s:Accu-Tech"", ""userName_s"": ""236163"", ""refNum_s"": ""611935""",TRUE,
"""C1E1ED2009365V122F* AND salesLocation_s:62746 AND shipLocation_s:15428 AND customerAccount_s:AC0159-0450 AND businessUnit_s:Accu-Tech"", ""userName_s"": ""Nelson Albanesi"", ""refNum_s"": """"",TRUE,
"""ATR, 1/4X72 ZN* AND salesLocation_s:62681 AND shipLocation_s:14611 AND customerAccount_s:AC0185-7153 AND businessUnit_s:Accu-Tech"", ""userName_s"": ""Peter Weidman-Keneagy"", ""refNum_s"": """"",TRUE,
"""ONT6SS* AND salesLocation_s:62395 AND shipLocation_s:12702 AND customerAccount_s:AC0160-6358 AND businessUnit_s:Accu-Tech"", ""userName_s"": ""Zach Kahn"", ""refNum_s"": """"",TRUE,
"""Minimum* AND salesLocation_s:62681 AND shipLocation_s:14611 AND customerAccount_s:AC0158-1208 AND businessUnit_s:Accu-Tech"", ""userName_s"": ""Colton Milosch"", ""refNum_s"": """"",TRUE,
"""1323 AND shipLocation_s:14506 AND businessUnit_s:Accu-Tech"", ""userName_s"": ""209989"", ""refNum_s"": ""611940""",TRUE,
"""cch-02u* AND salesLocation_s:62532 AND shipLocation_s:11726 AND customerAccount_s:AC0158-5595 AND businessUnit_s:Accu-Tech"", ""userName_s"": ""Austin Collins"", ""refNum_s"": """"",TRUE,
"""576-A10-003 AND shipLocation_s:14205 AND businessUnit_s:Accu-Tech"", ""userName_s"": ""317857"", ""refNum_s"": ""605197""",TRUE,
"""lbr* AND businessUnit_s:Accu-Tech AND shipLocation_s:11726 AND partType:SVC AND advancedPartSearch:Y AND businessUnit_s:Accu-Tech"", ""userName_s"": """", ""refNum_s"": ""100012447""",TRUE,
"""333471H01* AND businessUnit_s:WESCO AND shipLocation_s:14507 AND advancedPartSearch:Y AND businessUnit_s:WESCO"", ""userName_s"": """", ""refNum_s"": ""100012447""",FALSE,
"""*:* AND transPartOrFilter:(transactablePart_s:EAZ87ZZ47 OR transactablePart_s:BE74Y2793 OR transactablePart_s:DF2743726 OR transactablePart_s:BE74Y7Y99 OR transactablePart_s:BE74Y7649 OR transactablePart_s:WQJVU2A23 OR transactablePart_s:BD8659889 OR transactablePart_s:HL6HV2A23 OR transactablePart_s:WF9SE2A23 OR transactablePart_s:JRSV82A23 OR transactablePart_s:XQMGA2A23 OR transactablePart_s:BV3RB2A23 OR transactablePart_s:JRSV82A23 OR transactablePart_s:YC6PT2A23 OR transactablePart_s:TWF3Y2A23 OR transactablePart_s:YU6QJ2A23 OR transactablePart_s:EMPD42A23 OR transactablePart_s:R2D7Z2A23 OR transactablePart_s:QQV8X2A23 OR transactablePart_s:JY7272A23 OR transactablePart_s:ZLC4J2A23 OR transactablePart_s:VU82N2A23 OR transactablePart_s:LPHT32A23 OR transactablePart_s:KVZBA2A23 OR transactablePart_s:S6WSF2A23 OR transactablePart_s:EL62B2A23 OR transactablePart_s:B48MJ2A23 OR transactablePart_s:BD8626762 OR transactablePart_s:YV77W2A23 OR transactablePart_s:HRZ322A23 OR transactablePart_s:MKUTR2A23 OR transactablePart_s:ZRJXB2A23 OR transactablePart_s:NPRXN2A23 OR transactablePart_s:WDXLC2A23 OR transactablePart_s:JP6LN2A23 OR transactablePart_s:LMCMW2A23 OR transactablePart_s:ARCV52A23 OR transactablePart_s:V5WMR2A23 OR transactablePart_s:G28RU2A23 OR transactablePart_s:RQEMN2A23 OR transactablePart_s:MZAZV2A23 OR transactablePart_s:NNHW72A23 OR transactablePart_s:MNGRB2A23 OR transactablePart_s:ZL5NX2A23 OR transactablePart_s:SMRSH2A23 OR transactablePart_s:DG59J2A23 OR transactablePart_s:BEYY63323 OR transactablePart_s:BEYY6Y7Z4 OR transactablePart_s:BD85Z8Y89 OR transactablePart_s:RCPND2A23 OR transactablePart_s:BD79Z4Z27 OR transactablePart_s:BQGMX2A23 OR transactablePart_s:E4CAL2A23 OR transactablePart_s:V8ZS92A23 OR transactablePart_s:ZUNXK2A23 OR transactablePart_s:JFY642A23 OR transactablePart_s:RMQBU2A23 OR transactablePart_s:R53Q22A23 OR transactablePart_s:BD84Z8Z74) AND salesLocation_s:60682 AND shipLocation_s:15408 AND dcLocation_s:7305 AND customerAccount_s:AC0191-1721 AND businessUnit_s:WESCO"", ""userName_s"": ""Brian Wortmann"", ""refNum_s"": ""QU100030045""",FALSE,
"""S528-01M AND shipLocation_s:15642 AND businessUnit_s:Accu-Tech"", ""userName_s"": ""311815"", ""refNum_s"": ""611975""",TRUE,
"""be34z264z* AND salesLocation_s:61138 AND shipLocation_s:11204 AND customerAccount_s:AC0059-8008 AND dcLocation_s:7302 AND businessUnit_s:WESCO"", ""userName_s"": ""Jarod Hart"", ""refNum_s"": """"",FALSE,
"""80805514 AND shipLocation_s:15009 AND businessUnit_s:Accu-Tech"", ""userName_s"": ""231421"", ""refNum_s"": ""611937""",TRUE,
"""VJ1816HWPL2 AND shipLocation_s:11411 AND businessUnit_s:Accu-Tech"", ""userName_s"": ""210666"", ""refNum_s"": ""611971""",TRUE,
"""VJ1816H AND shipLocation_s:11411 AND businessUnit_s:Accu-Tech"", ""userName_s"": ""210666"", ""refNum_s"": ""611971""",TRUE,
"""48353-501 AND shipLocation_s:16043 AND businessUnit_s:Accu-Tech"", ""userName_s"": ""237291"", ""refNum_s"": ""611927""",TRUE,
"""FISD008P9 AND businessUnit_s:Accu-Tech"", ""userName_s"": ""208850"", ""refNum_s"": """"",TRUE,
"""11791-725 AND shipLocation_s:14112 AND businessUnit_s:Accu-Tech"", ""userName_s"": ""211741"", ""refNum_s"": ""611968""",TRUE,
"""315716H01* AND businessUnit_s:WESCO AND shipLocation_s:14507 AND advancedPartSearch:Y AND businessUnit_s:WESCO"", ""userName_s"": """", ""refNum_s"": ""100012447""",FALSE,
"""PNL-CS-24LCW-PT AND shipLocation_s:14506 AND businessUnit_s:Accu-Tech"", ""userName_s"": ""209989"", ""refNum_s"": ""611940""",TRUE,
"""FPS6X88MTG AND shipLocation_s:15819 AND businessUnit_s:Accu-Tech"", ""userName_s"": ""237306"", ""refNum_s"": ""611932""",TRUE,
"""8006944 AND shipLocation_s:14506 AND businessUnit_s:Accu-Tech"", ""userName_s"": ""209989"", ""refNum_s"": ""611940""",TRUE,
"""KSICON-00* AND salesLocation_s:62400 AND shipLocation_s:14112 AND customerAccount_s:AC0162-7375 AND businessUnit_s:Accu-Tech"", ""userName_s"": ""Paul Varone"", ""refNum_s"": """"",TRUE,
"""FTLC-FBK24TBFOS2-BRF* AND salesLocation_s:61999 AND shipLocation_s:13603 AND customerAccount_s:AC0158-1172 AND businessUnit_s:Accu-Tech"", ""userName_s"": ""Zachary Boyd"", ""refNum_s"": """"",TRUE,
"""11563* AND businessUnit_s:WESCO AND shipLocation_s:14507 AND advancedPartSearch:Y AND businessUnit_s:WESCO"", ""userName_s"": """", ""refNum_s"": ""100012447""",FALSE,
"""RSF94-0.5M/14.5/NPT* AND salesLocation_s:66708 AND shipLocation_s:12008 AND customerAccount_s:AC0070-3979 AND dcLocation_s:7305 AND businessUnit_s:WESCO"", ""userName_s"": ""Doug Lindsay"", ""refNum_s"": """"",FALSE,
"""492RU-HFR AND shipLocation_s:12908 AND businessUnit_s:Accu-Tech"", ""userName_s"": ""321469"", ""refNum_s"": ""611928""",TRUE,
"""ks6a-00* AND salesLocation_s:62395 AND shipLocation_s:12702 AND customerAccount_s:AC0158-2938 AND businessUnit_s:Accu-Tech"", ""userName_s"": ""Chris Seeman"", ""refNum_s"": """"",TRUE,
"""77-240-2b* AND salesLocation_s:62395 AND shipLocation_s:12702 AND customerAccount_s:AC0158-2938 AND businessUnit_s:Accu-Tech"", ""userName_s"": ""Chris Seeman"", ""refNum_s"": """"",TRUE,
"""0g-sy20kf AND shipLocation_s:14611 AND businessUnit_s:Accu-Tech"", ""userName_s"": ""240568"", ""refNum_s"": ""611918""",TRUE,
"""012t8p* AND businessUnit_s:Accu-Tech AND shipLocation_s:12702 AND advancedPartSearch:Y AND businessUnit_s:Accu-Tech"", ""userName_s"": """", ""refNum_s"": ""100012447""",TRUE,
"""HJU6AR* AND salesLocation_s:62536 AND shipLocation_s:15609 AND customerAccount_s:AC0159-0252 AND businessUnit_s:Accu-Tech"", ""userName_s"": ""Jason Jarvis"", ""refNum_s"": """"",TRUE,
"""576-RD45-003 AND shipLocation_s:12908 AND businessUnit_s:Accu-Tech"", ""userName_s"": ""321469"", ""refNum_s"": ""611928""",TRUE,
"""sypm10kf AND shipLocation_s:14611 AND businessUnit_s:Accu-Tech"", ""userName_s"": ""240568"", ""refNum_s"": ""611918""",TRUE,
"""MXE86383GR5300 AND shipLocation_s:12601 AND businessUnit_s:Accu-Tech"", ""userName_s"": ""202703"", ""refNum_s"": ""611926""",TRUE,
"""144EU4-T4701D20 * AND businessUnit_s:Accu-Tech AND shipLocation_s:12702 AND advancedPartSearch:Y AND businessUnit_s:Accu-Tech"", ""userName_s"": """", ""refNum_s"": ""100012447""",TRUE,
"""unj600t-wh* AND salesLocation_s:62473 AND shipLocation_s:13429 AND customerAccount_s:AC0158-6167 AND businessUnit_s:Accu-Tech"", ""userName_s"": ""John-Riley Hathcock"", ""refNum_s"": """"",TRUE,
"""thhn-3/0-blk* AND salesLocation_s:60682 AND shipLocation_s:15408 AND customerAccount_s:AC0068-8304 AND dcLocation_s:7305 AND businessUnit_s:WESCO"", ""userName_s"": ""Roberto Gonzalez"", ""refNum_s"": """"",FALSE,
"""hc AND shipLocation_s:15812 AND businessUnit_s:Accu-Tech"", ""userName_s"": ""321886"", ""refNum_s"": ""611907""",TRUE,
"""T00031434* AND salesLocation_s:62532 AND shipLocation_s:11726 AND customerAccount_s:AC0161-0621 AND businessUnit_s:Accu-Tech"", ""userName_s"": ""Oliver Brewton"", ""refNum_s"": """"",TRUE,
"""fc AND shipLocation_s:15642 AND businessUnit_s:Accu-Tech"", ""userName_s"": ""208806"", ""refNum_s"": ""611905""",TRUE,
"""fxfuh AND shipLocation_s:15642 AND businessUnit_s:Accu-Tech"", ""userName_s"": ""208806"", ""refNum_s"": ""611905""",TRUE,
"""MK-07305* AND salesLocation_s:62532 AND shipLocation_s:11726 AND customerAccount_s:AC0159-0123 AND businessUnit_s:Accu-Tech"", ""userName_s"": ""David Eslin"", ""refNum_s"": """"",TRUE,
"""020224GA8KKE AND shipLocation_s:11411 AND businessUnit_s:Accu-Tech"", ""userName_s"": ""336274"", ""refNum_s"": ""605991""",TRUE,
"""6320UE_877U1000 AND shipLocation_s:13429 AND businessUnit_s:Accu-Tech"", ""userName_s"": ""324609"", ""refNum_s"": ""611869""",TRUE,
"""61110-RE6* AND salesLocation_s:62681 AND shipLocation_s:14611 AND customerAccount_s:AC0159-2137 AND businessUnit_s:Accu-Tech"", ""userName_s"": ""Ryan Van Horn"", ""refNum_s"": """"",TRUE,
"""kt2 AND shipLocation_s:14506 AND businessUnit_s:Accu-Tech"", ""userName_s"": ""209989"", ""refNum_s"": ""611902""",TRUE,
"""kssmb1 AND shipLocation_s:14506 AND businessUnit_s:Accu-Tech"", ""userName_s"": ""209989"", ""refNum_s"": ""611902""",TRUE,
"""77-240-4B* AND businessUnit_s:Accu-Tech AND shipLocation_s:12304 AND advancedPartSearch:Y AND businessUnit_s:Accu-Tech"", ""userName_s"": """", ""refNum_s"": ""100012447""",TRUE,
"""CMBFR0RU* AND salesLocation_s:62746 AND shipLocation_s:15428 AND customerAccount_s:AC0159-0450 AND businessUnit_s:Accu-Tech"", ""userName_s"": ""Nelson Albanesi"", ""refNum_s"": """"",TRUE,
"""CCA-CAT6A-WH-18IN_Plenum AND shipLocation_s:14509 AND businessUnit_s:Accu-Tech"", ""userName_s"": ""316066"", ""refNum_s"": ""611867""",TRUE,
"""d2-69FN* AND salesLocation_s:61999 AND shipLocation_s:13603 AND customerAccount_s:AC0162-2651 AND businessUnit_s:Accu-Tech"", ""userName_s"": ""Zachary Boyd"", ""refNum_s"": """"",TRUE,
"""UNJ500-BLu AND businessUnit_s:Accu-Tech"", ""userName_s"": ""328501"", ""refNum_s"": ""611888""",TRUE,
"""QNV-C8011R AND shipLocation_s:12304 AND businessUnit_s:Accu-Tech"", ""userName_s"": ""233642"", ""refNum_s"": ""611892""",TRUE,
"""FA2 AND shipLocation_s:15625 AND businessUnit_s:Accu-Tech"", ""userName_s"": ""239937"", ""refNum_s"": ""611884""",TRUE,
"""FA AND shipLocation_s:15625 AND businessUnit_s:Accu-Tech"", ""userName_s"": ""239937"", ""refNum_s"": ""611884""",TRUE,
"""ca21103001* AND salesLocation_s:62395 AND shipLocation_s:12702 AND customerAccount_s:AC0159-0023 AND businessUnit_s:Accu-Tech"", ""userName_s"": ""Steve Kurtinitis"", ""refNum_s"": """"",TRUE,
"""10608-701* AND salesLocation_s:62471 AND shipLocation_s:14509 AND customerAccount_s:AC0161-8183 AND businessUnit_s:Accu-Tech"", ""userName_s"": ""Patrick Allen"", ""refNum_s"": """"",TRUE,
"""772402b* AND salesLocation_s:62530 AND shipLocation_s:15642 AND customerAccount_s:AC0158-2313 AND businessUnit_s:Accu-Tech"", ""userName_s"": ""Greg Griffo"", ""refNum_s"": """"",TRUE,
"""02209-001 AND shipLocation_s:12702 AND businessUnit_s:Accu-Tech"", ""userName_s"": ""323615"", ""refNum_s"": ""611872""",TRUE,
"""AF626* AND salesLocation_s:60001 AND shipLocation_s:12619 AND customerAccount_s:AC0012-6948 AND dcLocation_s:7302 AND businessUnit_s:WESCO"", ""userName_s"": ""Sam Alford"", ""refNum_s"": """"",FALSE,
"""4694p AND shipLocation_s:16043 AND businessUnit_s:Accu-Tech"", ""userName_s"": ""227199"", ""refNum_s"": ""611555""",TRUE,
"""PAC810* AND salesLocation_s:62532 AND shipLocation_s:11726 AND customerAccount_s:AC0158-5595 AND businessUnit_s:Accu-Tech"", ""userName_s"": ""Aryan Javan"", ""refNum_s"": """"",TRUE,
"""10250 AND shipLocation_s:13417 AND businessUnit_s:Accu-Tech"", ""userName_s"": ""208742"", ""refNum_s"": ""611871""",TRUE,
"""ICCMSJHK AND shipLocation_s:12601 AND businessUnit_s:Accu-Tech"", ""userName_s"": ""219448"", ""refNum_s"": ""611847""",TRUE,
"""BLTCK310 AND shipLocation_s:12601 AND businessUnit_s:Accu-Tech"", ""userName_s"": ""219448"", ""refNum_s"": ""611847""",TRUE,
"""EFXSSR-60-34-N* AND salesLocation_s:60697 AND shipLocation_s:16014 AND customerAccount_s:AC0000-0821 AND dcLocation_s:5689 AND businessUnit_s:WESCO"", ""userName_s"": ""Jennifer Lee"", ""refNum_s"": """"",FALSE,
"""BHVH AND shipLocation_s:12601 AND businessUnit_s:Accu-Tech"", ""userName_s"": ""219448"", ""refNum_s"": ""611847""",TRUE,
"""APDU11151SW* AND salesLocation_s:62395 AND shipLocation_s:12702 AND customerAccount_s:AC0197-0384 AND businessUnit_s:Accu-Tech"", ""userName_s"": ""Melissa Saul"", ""refNum_s"": """"",TRUE,
"""FAP12WJRODLCZ* AND businessUnit_s:Accu-Tech AND shipLocation_s:11726 AND advancedPartSearch:Y AND businessUnit_s:Accu-Tech"", ""userName_s"": """", ""refNum_s"": ""100012447""",TRUE,
"""127_W_WEBSTER_ST_FL_2 AND shipLocation_s:13417 AND businessUnit_s:Accu-Tech"", ""userName_s"": ""310311"", ""refNum_s"": ""611860""",TRUE,
"""85285234* AND salesLocation_s:62532 AND shipLocation_s:11726 AND customerAccount_s:AC0158-5737 AND businessUnit_s:Accu-Tech"", ""userName_s"": ""Foster Burch"", ""refNum_s"": """"",TRUE,
"""AX102291 AND shipLocation_s:12601 AND businessUnit_s:Accu-Tech"", ""userName_s"": ""219448"", ""refNum_s"": ""611847""",TRUE,
"""AX1 AND shipLocation_s:12601 AND businessUnit_s:Accu-Tech"", ""userName_s"": ""219448"", ""refNum_s"": ""611847""",TRUE,
"""050502q5120005m* AND salesLocation_s:62395 AND shipLocation_s:12702 AND customerAccount_s:AC0158-7645 AND businessUnit_s:Accu-Tech"", ""userName_s"": ""Steve Kurtinitis"", ""refNum_s"": """"",TRUE,
"""69586 AND shipLocation_s:12114 AND businessUnit_s:Accu-Tech"", ""userName_s"": ""320729"", ""refNum_s"": ""611846""",TRUE,
"""050502q5120003m* AND salesLocation_s:62395 AND shipLocation_s:12702 AND customerAccount_s:AC0158-7645 AND businessUnit_s:Accu-Tech"", ""userName_s"": ""Steve Kurtinitis"", ""refNum_s"": """"",TRUE,
"""61110-ro6* AND salesLocation_s:62396 AND shipLocation_s:14802 AND customerAccount_s:AC0186-3068 AND businessUnit_s:Accu-Tech"", ""userName_s"": ""Andrew Holman"", ""refNum_s"": """"",TRUE,
"""10GXW13D150 AND shipLocation_s:12601 AND businessUnit_s:Accu-Tech"", ""userName_s"": ""219448"", ""refNum_s"": ""611847""",TRUE,
"""vpm-2* AND salesLocation_s:62395 AND shipLocation_s:12702 AND customerAccount_s:AC0162-6080 AND businessUnit_s:Accu-Tech"", ""userName_s"": ""Malcolm Verdi"", ""refNum_s"": """"",TRUE,
"""SB17U24BFB* AND salesLocation_s:62746 AND shipLocation_s:15428 AND customerAccount_s:AC0158-7609 AND businessUnit_s:Accu-Tech"", ""userName_s"": ""Peter Newman"", ""refNum_s"": """"",TRUE,
"""3038 AND shipLocation_s:11411 AND businessUnit_s:Accu-Tech"", ""userName_s"": ""336274"", ""refNum_s"": ""611812""",TRUE,
"""SB17U18BFB* AND salesLocation_s:62746 AND shipLocation_s:15428 AND customerAccount_s:AC0158-7609 AND businessUnit_s:Accu-Tech"", ""userName_s"": ""Peter Newman"", ""refNum_s"": """"",TRUE,
"""500* AND salesLocation_s:61171 AND shipLocation_s:12402 AND customerAccount_s:AC0001-5961 AND dcLocation_s:7302 AND businessUnit_s:WESCO"", ""userName_s"": ""Aiereona Palmer"", ""refNum_s"": """"",FALSE,
"""77-240-4B* AND salesLocation_s:62395 AND shipLocation_s:12702 AND customerAccount_s:AC0158-2999 AND businessUnit_s:Accu-Tech"", ""userName_s"": ""Melissa Saul"", ""refNum_s"": """"",TRUE,
"""108168543* AND salesLocation_s:69609 AND shipLocation_s:12702 AND customerAccount_s:AC0186-3068 AND businessUnit_s:Accu-Tech"", ""userName_s"": ""Amanda Wyckoff"", ""refNum_s"": """"",TRUE,
"""SB860106D096FB* AND salesLocation_s:62746 AND shipLocation_s:15428 AND customerAccount_s:AC0158-7609 AND businessUnit_s:Accu-Tech"", ""userName_s"": ""Peter Newman"", ""refNum_s"": """"",TRUE,
"""PVMVL-3-W-J-R3-UNV1* AND salesLocation_s:60697 AND shipLocation_s:16014 AND customerAccount_s:AC0000-0821 AND dcLocation_s:5689 AND businessUnit_s:WESCO"", ""userName_s"": ""Jennifer Lee"", ""refNum_s"": """"",FALSE,
"""61110-rb6* AND salesLocation_s:62473 AND shipLocation_s:13429 AND customerAccount_s:AC0161-7975 AND businessUnit_s:Accu-Tech"", ""userName_s"": ""John-Riley Hathcock"", ""refNum_s"": """"",TRUE,
"""JS-NMNM3F- AND businessUnit_s:Accu-Tech"", ""userName_s"": ""307091"", ""refNum_s"": ""611840""",TRUE,
"""S110-HLDR* AND businessUnit_s:Accu-Tech AND shipLocation_s:15642 AND advancedPartSearch:Y AND businessUnit_s:Accu-Tech"", ""userName_s"": """", ""refNum_s"": ""100012447""",TRUE,
"""195-12WG-W AND shipLocation_s:11411 AND businessUnit_s:Accu-Tech"", ""userName_s"": ""302766"", ""refNum_s"": ""611828""",TRUE,
"""10035304 AND shipLocation_s:13002 AND businessUnit_s:Accu-Tech"", ""userName_s"": ""316046"", ""refNum_s"": ""611832""",TRUE,
"""lc-sm-up AND shipLocation_s:13603 AND businessUnit_s:Accu-Tech"", ""userName_s"": ""236163"", ""refNum_s"": ""611831""",TRUE,
"""unj10g-* AND salesLocation_s:62399 AND shipLocation_s:15812 AND customerAccount_s:AC0158-4410 AND businessUnit_s:Accu-Tech"", ""userName_s"": ""Shawn Whittingham"", ""refNum_s"": """"",TRUE,
"""BLWAS421-12B* AND salesLocation_s:62682 AND shipLocation_s:15819 AND customerAccount_s:AC0162-2803 AND businessUnit_s:Accu-Tech"", ""userName_s"": ""Jeremy Smith"", ""refNum_s"": """"",TRUE,
"""SP6U48* AND salesLocation_s:62395 AND shipLocation_s:12702 AND customerAccount_s:AC0158-2999 AND businessUnit_s:Accu-Tech"", ""userName_s"": ""Melissa Saul"", ""refNum_s"": """"",TRUE,
"""T00005555* AND salesLocation_s:62747 AND shipLocation_s:11411 AND customerAccount_s:AC0161-3492 AND businessUnit_s:Accu-Tech"", ""userName_s"": ""Jeff Chartraw"", ""refNum_s"": """"",TRUE,
"""V08LMMP054FT55LMAG AND shipLocation_s:15416 AND businessUnit_s:Accu-Tech"", ""userName_s"": ""231288"", ""refNum_s"": ""611820""",TRUE,
"""14zzz-frt* AND salesLocation_s:62532 AND shipLocation_s:11726 AND customerAccount_s:AC0197-4517 AND businessUnit_s:Accu-Tech"", ""userName_s"": ""Jacquelyn Booth"", ""refNum_s"": """"",TRUE,
"""IBC-LC* AND salesLocation_s:62532 AND shipLocation_s:11726 AND customerAccount_s:AC0158-5737 AND businessUnit_s:Accu-Tech"", ""userName_s"": ""Foster Burch"", ""refNum_s"": """"",TRUE,
"""810-3-ll7-054 AND shipLocation_s:15416 AND businessUnit_s:Accu-Tech"", ""userName_s"": ""231288"", ""refNum_s"": ""611820""",TRUE,
"""8107357/DB AND businessUnit_s:Accu-Tech"", ""userName_s"": ""330755"", ""refNum_s"": ""611730""",TRUE,
"""501* AND salesLocation_s:61171 AND shipLocation_s:12402 AND customerAccount_s:AC0001-5961 AND dcLocation_s:7302 AND businessUnit_s:WESCO"", ""userName_s"": ""Aiereona Palmer"", ""refNum_s"": """"",FALSE,
"""ld5iw8-a* AND salesLocation_s:62395 AND shipLocation_s:12702 AND customerAccount_s:AC0159-0023 AND businessUnit_s:Accu-Tech"", ""userName_s"": ""Steve Kurtinitis"", ""refNum_s"": """"",TRUE,
"""1502P_877 AND shipLocation_s:13429 AND businessUnit_s:Accu-Tech"", ""userName_s"": ""322566"", ""refNum_s"": ""611818""",TRUE,
"""1502 AND shipLocation_s:13429 AND businessUnit_s:Accu-Tech"", ""userName_s"": ""322566"", ""refNum_s"": ""611818""",TRUE,
"""fan-bt25-06* AND salesLocation_s:62396 AND shipLocation_s:14802 AND customerAccount_s:AC0158-3231 AND businessUnit_s:Accu-Tech"", ""userName_s"": ""Andrew Holman"", ""refNum_s"": """"",TRUE,
"""41089-2ip* AND salesLocation_s:62396 AND shipLocation_s:14802 AND customerAccount_s:AC0158-3231 AND businessUnit_s:Accu-Tech"", ""userName_s"": ""Andrew Holman"", ""refNum_s"": """"",TRUE,
"""TZe231 AND businessUnit_s:Accu-Tech"", ""userName_s"": ""330755"", ""refNum_s"": ""611730""",TRUE,
"""xwr-3619-18* AND salesLocation_s:62395 AND shipLocation_s:12702 AND customerAccount_s:AC0161-3147 AND businessUnit_s:Accu-Tech"", ""userName_s"": ""Steve Kurtinitis"", ""refNum_s"": """"",TRUE,
"""cch-02u AND shipLocation_s:12908 AND businessUnit_s:Accu-Tech"", ""userName_s"": ""321469"", ""refNum_s"": ""611631""",TRUE,
"""40099- AND shipLocation_s:11305 AND businessUnit_s:Accu-Tech"", ""userName_s"": ""337844"", ""refNum_s"": ""566572""",TRUE,
"""48458a- AND shipLocation_s:11305 AND businessUnit_s:Accu-Tech"", ""userName_s"": ""337844"", ""refNum_s"": ""566572""",TRUE,
"""48458 AND shipLocation_s:11305 AND businessUnit_s:Accu-Tech"", ""userName_s"": ""337844"", ""refNum_s"": ""566572""",TRUE,
"""PEB-2SO AND shipLocation_s:15416 AND businessUnit_s:Accu-Tech"", ""userName_s"": ""233831"", ""refNum_s"": ""611781""",TRUE,
"""ixgw-t AND shipLocation_s:12601 AND businessUnit_s:Accu-Tech"", ""userName_s"": ""201238"", ""refNum_s"": ""611744""",TRUE,
"""H6A10-10L AND shipLocation_s:12114 AND businessUnit_s:Accu-Tech"", ""userName_s"": ""337344"", ""refNum_s"": ""611782""",TRUE,
"""EPL-100-20-1-1-1* AND salesLocation_s:60682 AND shipLocation_s:15408 AND customerAccount_s:AC0191-1721 AND dcLocation_s:7305 AND businessUnit_s:WESCO"", ""userName_s"": ""Brian Wortmann"", ""refNum_s"": """"",FALSE,
"""49255-48N* AND salesLocation_s:62682 AND shipLocation_s:15819 AND customerAccount_s:AC0159-1462 AND businessUnit_s:Accu-Tech"", ""userName_s"": ""Jeremy Smith"", ""refNum_s"": """"",TRUE,
"""760258936 AND shipLocation_s:13603 AND businessUnit_s:Accu-Tech"", ""userName_s"": ""236163"", ""refNum_s"": ""611770""",TRUE,
"""5g108-ry5* AND salesLocation_s:62396 AND shipLocation_s:14802 AND customerAccount_s:AC0158-3231 AND businessUnit_s:Accu-Tech"", ""userName_s"": ""Andrew Holman"", ""refNum_s"": """"",TRUE,
"""xnf-9013 AND shipLocation_s:15416 AND businessUnit_s:Accu-Tech"", ""userName_s"": ""307785"", ""refNum_s"": ""611785""",TRUE,
"""165bk AND shipLocation_s:15642 AND businessUnit_s:Accu-Tech"", ""userName_s"": ""311815"", ""refNum_s"": ""611750""",TRUE,
"""49255-H48* AND salesLocation_s:62682 AND shipLocation_s:15819 AND customerAccount_s:AC0159-1462 AND businessUnit_s:Accu-Tech"", ""userName_s"": ""Jeremy Smith"", ""refNum_s"": """"",TRUE,
"""V-9022A-2 * AND businessUnit_s:Accu-Tech AND shipLocation_s:13429 AND advancedPartSearch:Y AND businessUnit_s:Accu-Tech"", ""userName_s"": """", ""refNum_s"": ""100012447""",TRUE,
"""14zzz-frt* AND salesLocation_s:62532 AND shipLocation_s:11726 AND customerAccount_s:AC0197-4517 AND businessUnit_s:Accu-Tech"", ""userName_s"": ""Jacquelyn Booth"", ""refNum_s"": """"",TRUE,
"""4b AND shipLocation_s:11411 AND businessUnit_s:Accu-Tech"", ""userName_s"": ""302766"", ""refNum_s"": ""611752""",TRUE,
"""RB125100A* AND salesLocation_s:60697 AND shipLocation_s:16014 AND customerAccount_s:AC0000-0821 AND dcLocation_s:5689 AND businessUnit_s:WESCO"", ""userName_s"": ""Jennifer Lee"", ""refNum_s"": """"",FALSE,
"""EZ-PC6 AND businessUnit_s:Accu-Tech"", ""userName_s"": ""233642"", ""refNum_s"": """"",TRUE,
"""4g2404/6w-6-dg-bt* AND salesLocation_s:62474 AND shipLocation_s:13417 AND customerAccount_s:AC0158-6321 AND businessUnit_s:Accu-Tech"", ""userName_s"": ""Tyler Ballengee"", ""refNum_s"": """"",TRUE,
"""xnv-9083rz AND shipLocation_s:15416 AND businessUnit_s:Accu-Tech"", ""userName_s"": ""307785"", ""refNum_s"": ""611767""",TRUE,
"""760257323 * AND businessUnit_s:Accu-Tech AND shipLocation_s:13429 AND advancedPartSearch:Y AND businessUnit_s:Accu-Tech"", ""userName_s"": """", ""refNum_s"": ""100012447""",TRUE,
"""321-2486* AND salesLocation_s:62395 AND shipLocation_s:12702 AND customerAccount_s:AC0160-0227 AND businessUnit_s:Accu-Tech"", ""userName_s"": ""Melissa Saul"", ""refNum_s"": """"",TRUE,
"""11142455 AND shipLocation_s:15625 AND businessUnit_s:Accu-Tech"", ""userName_s"": ""329187"", ""refNum_s"": ""611664""",TRUE,
"""CO166S2-0ZF003 AND shipLocation_s:12908 AND businessUnit_s:Accu-Tech"", ""userName_s"": ""321602"", ""refNum_s"": ""609664""",TRUE,
"""MCTP6I-9-1 AND shipLocation_s:14506 AND businessUnit_s:Accu-Tech"", ""userName_s"": ""320529"", ""refNum_s"": ""611741""",TRUE,
"""UN874035114/10 AND shipLocation_s:12908 AND businessUnit_s:Accu-Tech"", ""userName_s"": ""321602"", ""refNum_s"": ""609664""",TRUE,
"""GB2B05* AND salesLocation_s:62399 AND shipLocation_s:15812 AND customerAccount_s:AC0186-2295 AND businessUnit_s:Accu-Tech"", ""userName_s"": ""Dennis Donegan"", ""refNum_s"": """"",TRUE,
"""cm2-u2- AND shipLocation_s:13429 AND businessUnit_s:Accu-Tech"", ""userName_s"": ""231024"", ""refNum_s"": ""611743""",TRUE,
"""SPH-DIN-KIT* AND salesLocation_s:62396 AND shipLocation_s:14802 AND customerAccount_s:AC0158-2313 AND businessUnit_s:Accu-Tech"", ""userName_s"": ""Jacob Lunsford"", ""refNum_s"": """"",TRUE,
"""M67-112* AND salesLocation_s:62396 AND shipLocation_s:14802 AND customerAccount_s:AC0158-2313 AND businessUnit_s:Accu-Tech"", ""userName_s"": ""Jacob Lunsford"", ""refNum_s"": """"",TRUE,
"""2413 d* AND businessUnit_s:Accu-Tech AND shipLocation_s:16043 AND advancedPartSearch:Y AND businessUnit_s:Accu-Tech"", ""userName_s"": """", ""refNum_s"": ""100012447""",TRUE,
"""2806031-01 AND shipLocation_s:11726 AND businessUnit_s:Accu-Tech"", ""userName_s"": """", ""refNum_s"": ""611691""",TRUE,
"""11421-712 AND shipLocation_s:11726 AND businessUnit_s:Accu-Tech"", ""userName_s"": ""327898"", ""refNum_s"": ""611702""",TRUE,
"""DX024TWLS9OPI8* AND salesLocation_s:62473 AND shipLocation_s:13429 AND customerAccount_s:AC0158-4873 AND businessUnit_s:Accu-Tech"", ""userName_s"": ""Davis Puckey"", ""refNum_s"": """"",TRUE,
"""FDSD006P9* AND salesLocation_s:62473 AND shipLocation_s:13429 AND customerAccount_s:AC0158-6068 AND businessUnit_s:Accu-Tech"", ""userName_s"": ""Ben Leonard"", ""refNum_s"": """"",TRUE,
"""63VA5140-6ED31-0AA0 * AND businessUnit_s:WESCO AND shipLocation_s:14507 AND advancedPartSearch:Y AND businessUnit_s:WESCO"", ""userName_s"": """", ""refNum_s"": ""100012447""",FALSE,
"""FPS-1* AND salesLocation_s:62396 AND shipLocation_s:14802 AND customerAccount_s:AC0158-2313 AND businessUnit_s:Accu-Tech"", ""userName_s"": ""Jacob Lunsford"", ""refNum_s"": """"",TRUE,
"""77-240-2b AND businessUnit_s:Accu-Tech"", ""userName_s"": ""210308"", ""refNum_s"": """"",TRUE,
"""CWC6 AND shipLocation_s:11726 AND businessUnit_s:Accu-Tech"", ""userName_s"": ""327898"", ""refNum_s"": ""611702""",TRUE,
"""C-EDH1JKT-12-HB-024-E3 VDOT* AND salesLocation_s:62396 AND shipLocation_s:14802 AND customerAccount_s:AC0158-2313 AND businessUnit_s:Accu-Tech"", ""userName_s"": ""Jacob Lunsford"", ""refNum_s"": """"",TRUE,
"""FOAS2F10GLCLC-50-2M AND shipLocation_s:14611 AND businessUnit_s:Accu-Tech"", ""userName_s"": ""303596"", ""refNum_s"": ""611712""",TRUE,
"""unj600-bl* AND salesLocation_s:61962 AND shipLocation_s:16023 AND customerAccount_s:AC0158-0388 AND businessUnit_s:Accu-Tech"", ""userName_s"": ""Calvin Armstrong"", ""refNum_s"": """"",TRUE,
"""*:* AND transPartOrFilter:(transactablePart_s:1000629AT OR transactablePart_s:1001662AT OR transactablePart_s:1000917AT) AND salesLocation_s:62400 AND shipLocation_s:14112 AND customerAccount_s:AC0162-8055 AND businessUnit_s:Accu-Tech"", ""userName_s"": ""Matthew Hosford"", ""refNum_s"": ""100080616""",TRUE,
"""FDSD006P9* AND salesLocation_s:62473 AND shipLocation_s:13429 AND customerAccount_s:AC0158-6068 AND businessUnit_s:Accu-Tech"", ""userName_s"": ""Ben Leonard"", ""refNum_s"": """"",TRUE,
"""PDU2430* AND salesLocation_s:62473 AND shipLocation_s:13429 AND customerAccount_s:AC0158-6194 AND businessUnit_s:Accu-Tech"", ""userName_s"": ""John-Riley Hathcock"", ""refNum_s"": """"",TRUE,
"""2133033.99 * AND businessUnit_s:Accu-Tech AND shipLocation_s:15642 AND advancedPartSearch:Y AND businessUnit_s:Accu-Tech"", ""userName_s"": """", ""refNum_s"": ""100012447""",TRUE,
"""100079510* AND salesLocation_s:62395 AND shipLocation_s:12702 AND customerAccount_s:AC0160-0458 AND businessUnit_s:Accu-Tech"", ""userName_s"": ""Parker Mitchell"", ""refNum_s"": """"",TRUE,
"""SB556096XUFB* AND salesLocation_s:62746 AND shipLocation_s:15428 AND customerAccount_s:AC0158-7609 AND businessUnit_s:Accu-Tech"", ""userName_s"": ""Peter Newman"", ""refNum_s"": """"",TRUE,
"""006E88-31131-A3* AND salesLocation_s:62474 AND shipLocation_s:13417 AND customerAccount_s:AC0158-6332 AND businessUnit_s:Accu-Tech"", ""userName_s"": ""Liz Miller"", ""refNum_s"": """"",TRUE,
"""40164-001 AND shipLocation_s:11726 AND businessUnit_s:Accu-Tech"", ""userName_s"": ""327898"", ""refNum_s"": ""611702""",TRUE,
"""acc AND businessUnit_s:Accu-Tech"", ""userName_s"": ""339483"", ""refNum_s"": """"",TRUE,
"""HC6RR* AND businessUnit_s:Accu-Tech AND shipLocation_s:12114 AND advancedPartSearch:Y AND businessUnit_s:Accu-Tech"", ""userName_s"": """", ""refNum_s"": ""100012447""",TRUE,
"""40162-901 AND shipLocation_s:11726 AND businessUnit_s:Accu-Tech"", ""userName_s"": ""327898"", ""refNum_s"": ""611702""",TRUE,
"""CCH-CP12-A9 AND shipLocation_s:11726 AND businessUnit_s:Accu-Tech"", ""userName_s"": ""337167"", ""refNum_s"": ""611691""",TRUE,
"""CCH-01U AND shipLocation_s:11726 AND businessUnit_s:Accu-Tech"", ""userName_s"": ""337167"", ""refNum_s"": ""611691""",TRUE,
"""C601105001 AND shipLocation_s:16023 AND businessUnit_s:Accu-Tech"", ""userName_s"": ""326749"", ""refNum_s"": ""609115""",TRUE,
"""cch-cp12-a9 AND shipLocation_s:12304 AND businessUnit_s:Accu-Tech"", ""userName_s"": ""308638"", ""refNum_s"": ""611700""",TRUE,
"""10782 AND shipLocation_s:11305 AND businessUnit_s:Accu-Tech"", ""userName_s"": ""237386"", ""refNum_s"": ""611689""",TRUE,
"""sph-cs12-p00 AND shipLocation_s:12304 AND businessUnit_s:Accu-Tech"", ""userName_s"": ""308638"", ""refNum_s"": ""611700""",TRUE,
"""*:* AND transPartOrFilter:(transactablePart_s:SCTQQ2A23 OR transactablePart_s:BD8Z84223 OR transactablePart_s:ZUEZQ2A23 OR transactablePart_s:DBY524843 OR transactablePart_s:VMSC92A23 OR transactablePart_s:G4WUR2A23 OR transactablePart_s:BD9Y69875 OR transactablePart_s:P94F52A23 OR transactablePart_s:BD9Y4Z93Z OR transactablePart_s:BD84YZ499 OR transactablePart_s:BD8377248 OR transactablePart_s:T5QHX2A23 OR transactablePart_s:BD9Y4768Y OR transactablePart_s:WXUYC2A23 OR transactablePart_s:FKYCB2A23 OR transactablePart_s:BD9Y29385 OR transactablePart_s:U7FSB2A23 OR transactablePart_s:B5G8U2A23 OR transactablePart_s:BE7686488 OR transactablePart_s:H82N72A23 OR transactablePart_s:KVLVK2A23 OR transactablePart_s:M8YV72A23 OR transactablePart_s:BD9Y2Y42Y OR transactablePart_s:RGZ5W2A23 OR transactablePart_s:MF9RX2A23 OR transactablePart_s:MF9RX2A23 OR transactablePart_s:F6F2Q2A23 OR transactablePart_s:QNGHP2A23 OR transactablePart_s:YBC6Y2A23 OR transactablePart_s:BD9Y98438 OR transactablePart_s:BE4783263 OR transactablePart_s:EC785Z367 OR transactablePart_s:REBYH2A23 OR transactablePart_s:WMQCB2A23 OR transactablePart_s:UQNTH2A23 OR transactablePart_s:LUJQX2A23 OR transactablePart_s:Y5H5A2A23 OR transactablePart_s:Z95862A23 OR transactablePart_s:L5S6C2A23 OR transactablePart_s:DPPG32A23 OR transactablePart_s:F3CC32A23 OR transactablePart_s:Y5GGT2A23 OR transactablePart_s:ED9LU2A23 OR transactablePart_s:DARD32A23 OR transactablePart_s:ZVEQM2A23 OR transactablePart_s:W9XJM2A23 OR transactablePart_s:P6RNG2A23 OR transactablePart_s:XS8MK2A23 OR transactablePart_s:RPWXW2A23 OR transactablePart_s:Q4H8D2A23 OR transactablePart_s:BTHJK2A23 OR transactablePart_s:B2EA72A23 OR transactablePart_s:NAM5Z2A23 OR transactablePart_s:WSWCE2A23 OR transactablePart_s:B2MQW2A23 OR transactablePart_s:FLZ592A23 OR transactablePart_s:BEY228576 OR transactablePart_s:WZBE22A23 OR transactablePart_s:BE555Y476 OR transactablePart_s:TGN222A23) AND salesLocation_s:61171 AND shipLocation_s:12402 AND dcLocation_s:7302 AND customerAccount_s:AC0001-5961 AND businessUnit_s:WESCO"", ""userName_s"": ""Aiereona Palmer"", ""refNum_s"": ""QU100023064""",FALSE,
"""electrical tape* AND salesLocation_s:69609 AND shipLocation_s:12702 AND customerAccount_s:AC0158-2845 AND businessUnit_s:Accu-Tech"", ""userName_s"": ""Tyler Sauer"", ""refNum_s"": """"",TRUE,
"""16bk* AND salesLocation_s:69609 AND shipLocation_s:12702 AND customerAccount_s:AC0158-2845 AND businessUnit_s:Accu-Tech"", ""userName_s"": ""Tyler Sauer"", ""refNum_s"": """"",TRUE,
"""CCH-ST12 AND shipLocation_s:11726 AND businessUnit_s:Accu-Tech"", ""userName_s"": ""337167"", ""refNum_s"": ""611691""",TRUE,
"""6220FL_002A1000_Details AND shipLocation_s:12304 AND businessUnit_s:Accu-Tech"", ""userName_s"": ""327282"", ""refNum_s"": ""611695""",TRUE,
"""10595-712* AND salesLocation_s:62474 AND shipLocation_s:13417 AND customerAccount_s:AC0158-6486 AND businessUnit_s:Accu-Tech"", ""userName_s"": ""Kelly Szymanski"", ""refNum_s"": """"",TRUE,
"""sp6u24* AND salesLocation_s:62474 AND shipLocation_s:13417 AND customerAccount_s:AC0158-6486 AND businessUnit_s:Accu-Tech"", ""userName_s"": ""Kelly Szymanski"", ""refNum_s"": """"",TRUE,
"""6220fl AND businessUnit_s:Accu-Tech"", ""userName_s"": ""327282"", ""refNum_s"": """"",TRUE,
"""41080- AND businessUnit_s:Accu-Tech"", ""userName_s"": ""312371"", ""refNum_s"": """"",TRUE,
"""6b-272-2b* AND businessUnit_s:Accu-Tech AND shipLocation_s:12702 AND advancedPartSearch:Y AND businessUnit_s:Accu-Tech"", ""userName_s"": """", ""refNum_s"": ""100012447""",TRUE,
"""002Z48-21V31MB2* AND salesLocation_s:62395 AND shipLocation_s:12702 AND customerAccount_s:AC0163-5286 AND businessUnit_s:Accu-Tech"", ""userName_s"": ""Ryan Thenell"", ""refNum_s"": """"",TRUE,
"""002Z48-21V31MB2* AND salesLocation_s:62395 AND shipLocation_s:12702 AND customerAccount_s:AC0163-5286 AND businessUnit_s:Accu-Tech"", ""userName_s"": ""Ryan Thenell"", ""refNum_s"": """"",TRUE,
"""XNV-6085 AND shipLocation_s:11726 AND businessUnit_s:Accu-Tech"", ""userName_s"": ""234661"", ""refNum_s"": ""611682""",TRUE,
"""PG1730BA24* AND salesLocation_s:62531 AND shipLocation_s:15625 AND customerAccount_s:AC0158-5094 AND businessUnit_s:Accu-Tech"", ""userName_s"": ""Christian Beaudet"", ""refNum_s"": """"",TRUE,
"""HDMI-50F* AND salesLocation_s:62530 AND shipLocation_s:15642 AND customerAccount_s:AC0158-2202 AND businessUnit_s:Accu-Tech"", ""userName_s"": ""Matt Duncan"", ""refNum_s"": """"",TRUE,
"""ld41wh10-a.* AND businessUnit_s:Accu-Tech AND shipLocation_s:11726 AND advancedPartSearch:Y AND businessUnit_s:Accu-Tech"", ""userName_s"": """", ""refNum_s"": ""100012447""",TRUE,
"""mctp6i-6-1 AND shipLocation_s:12304 AND businessUnit_s:Accu-Tech"", ""userName_s"": ""327282"", ""refNum_s"": ""611668""",TRUE,
"""10136340 AND shipLocation_s:15642 AND businessUnit_s:Accu-Tech"", ""userName_s"": ""208850"", ""refNum_s"": ""611671""",TRUE,
"""2413010u1000* AND salesLocation_s:62395 AND shipLocation_s:12702 AND customerAccount_s:AC0158-2651 AND businessUnit_s:Accu-Tech"", ""userName_s"": ""Chris Seeman"", ""refNum_s"": """"",TRUE,
"""cmp AND shipLocation_s:11411 AND businessUnit_s:Accu-Tech"", ""userName_s"": ""336274"", ""refNum_s"": ""611655""",TRUE,
"""10136340* AND salesLocation_s:62530 AND shipLocation_s:15642 AND customerAccount_s:AC0186-3068 AND businessUnit_s:Accu-Tech"", ""userName_s"": ""Simon Ruppert"", ""refNum_s"": """"",TRUE,
"""42777-1WA AND shipLocation_s:11411 AND businessUnit_s:Accu-Tech"", ""userName_s"": ""210666"", ""refNum_s"": ""611661""",TRUE,
"""TJ600-36* AND businessUnit_s:Accu-Tech AND shipLocation_s:12702 AND advancedPartSearch:Y AND businessUnit_s:Accu-Tech"", ""userName_s"": """", ""refNum_s"": ""100012447""",TRUE,
"""61110-rw6* AND salesLocation_s:62474 AND shipLocation_s:13417 AND customerAccount_s:AC0158-6486 AND businessUnit_s:Accu-Tech"", ""userName_s"": ""Kelly Szymanski"", ""refNum_s"": """"",TRUE,
"""CAT124Z34 AND shipLocation_s:16041 AND businessUnit_s:Accu-Tech"", ""userName_s"": ""318654"", ""refNum_s"": ""611659""",TRUE,
"""42080-2ws* AND salesLocation_s:62474 AND shipLocation_s:13417 AND customerAccount_s:AC0158-6486 AND businessUnit_s:Accu-Tech"", ""userName_s"": ""Kelly Szymanski"", ""refNum_s"": """"",TRUE,
"""u2* AND salesLocation_s:62474 AND shipLocation_s:13417 AND customerAccount_s:AC0158-6486 AND businessUnit_s:Accu-Tech"", ""userName_s"": ""Kelly Szymanski"", ""refNum_s"": """"",TRUE,
"""6a-272-2b* AND salesLocation_s:62680 AND shipLocation_s:14205 AND customerAccount_s:AC0158-4571 AND businessUnit_s:Accu-Tech"", ""userName_s"": ""Sean Stazen"", ""refNum_s"": """"",TRUE,
"""OR-TJ600-36 AND businessUnit_s:Accu-Tech"", ""userName_s"": ""212861"", ""refNum_s"": """"",TRUE,
"""55053-703* AND businessUnit_s:Accu-Tech AND shipLocation_s:12702 AND advancedPartSearch:Y AND businessUnit_s:Accu-Tech"", ""userName_s"": """", ""refNum_s"": ""100012447""",TRUE,
"""sp6u24* AND salesLocation_s:62474 AND shipLocation_s:13417 AND customerAccount_s:AC0158-6486 AND businessUnit_s:Accu-Tech"", ""userName_s"": ""Kelly Szymanski"", ""refNum_s"": """"",TRUE,
"""1/2 connector* AND salesLocation_s:60608 AND shipLocation_s:12008 AND customerAccount_s:AC0084-1801 AND dcLocation_s:7305 AND businessUnit_s:WESCO"", ""userName_s"": ""Noah Gelman"", ""refNum_s"": """"",FALSE,
"""FOAS2FSMSCAPCSCAPC1M AND businessUnit_s:Accu-Tech"", ""userName_s"": ""329313"", ""refNum_s"": ""611632""",TRUE,
"""78 AND businessUnit_s:Accu-Tech"", ""userName_s"": ""339483"", ""refNum_s"": """"",TRUE,
"""fast weather cement* AND salesLocation_s:61082 AND shipLocation_s:16009 AND customerAccount_s:AC0064-1984 AND dcLocation_s:5689 AND businessUnit_s:WESCO"", ""userName_s"": ""Nate Archer"", ""refNum_s"": """"",FALSE,
"""cantex fast* AND salesLocation_s:61082 AND shipLocation_s:16009 AND customerAccount_s:AC0064-1984 AND dcLocation_s:5689 AND businessUnit_s:WESCO"", ""userName_s"": ""Nate Archer"", ""refNum_s"": """"",FALSE,
"""41084-0be* AND salesLocation_s:62395 AND shipLocation_s:12702 AND customerAccount_s:AC0195-6829 AND businessUnit_s:Accu-Tech"", ""userName_s"": ""Steve Kurtinitis"", ""refNum_s"": """"",TRUE,
"""FP-LBL-1P-262* AND businessUnit_s:Accu-Tech AND shipLocation_s:12702 AND advancedPartSearch:Y AND businessUnit_s:Accu-Tech"", ""userName_s"": """", ""refNum_s"": ""100012447""",TRUE,
"""hb1* AND salesLocation_s:62395 AND shipLocation_s:12702 AND customerAccount_s:AC0195-6829 AND businessUnit_s:Accu-Tech"", ""userName_s"": ""Steve Kurtinitis"", ""refNum_s"": """"",TRUE,
"""2413d15u1000* AND businessUnit_s:Accu-Tech AND shipLocation_s:15642 AND advancedPartSearch:Y AND businessUnit_s:Accu-Tech"", ""userName_s"": """", ""refNum_s"": ""100012447""",TRUE,
"""TC07TOX* AND salesLocation_s:62395 AND shipLocation_s:12702 AND customerAccount_s:AC0158-3148 AND businessUnit_s:Accu-Tech"", ""userName_s"": ""Melissa Saul"", ""refNum_s"": """"",TRUE,
"""PNM-C32083RVQ/KEX* AND businessUnit_s:Accu-Tech AND shipLocation_s:11726 AND advancedPartSearch:Y AND businessUnit_s:Accu-Tech"", ""userName_s"": """", ""refNum_s"": ""100012447""",TRUE,
"""cs34o-0* AND salesLocation_s:62400 AND shipLocation_s:14112 AND customerAccount_s:AC0189-0389 AND businessUnit_s:Accu-Tech"", ""userName_s"": ""Matthew Hosford"", ""refNum_s"": """"",TRUE,
"""RVACPF2U48BK AND shipLocation_s:16043 AND businessUnit_s:Accu-Tech"", ""userName_s"": ""209739"", ""refNum_s"": ""611271""",TRUE,
"""cs34* AND salesLocation_s:62400 AND shipLocation_s:14112 AND customerAccount_s:AC0189-0389 AND businessUnit_s:Accu-Tech"", ""userName_s"": ""Matthew Hosford"", ""refNum_s"": """"",TRUE,
"""ripdou AND shipLocation_s:16043 AND businessUnit_s:Accu-Tech"", ""userName_s"": ""325146"", ""refNum_s"": ""611621""",TRUE,
"""2413d15u1000* AND businessUnit_s:Accu-Tech AND shipLocation_s:16043 AND advancedPartSearch:Y AND businessUnit_s:Accu-Tech"", ""userName_s"": """", ""refNum_s"": ""100012447""",TRUE,
"""FFSH06 AND shipLocation_s:14509 AND businessUnit_s:Accu-Tech"", ""userName_s"": ""226055"", ""refNum_s"": ""611608""",TRUE,
"""BFP42-240* AND salesLocation_s:69609 AND shipLocation_s:12702 AND customerAccount_s:AC0158-2845 AND businessUnit_s:Accu-Tech"", ""userName_s"": ""Tyler Sauer"", ""refNum_s"": """"",TRUE,
"""95-200-99* AND salesLocation_s:62396 AND shipLocation_s:14802 AND customerAccount_s:AC0158-2487 AND businessUnit_s:Accu-Tech"", ""userName_s"": ""Andrew Holman"", ""refNum_s"": """"",TRUE,
"""REPAIR4850876* AND salesLocation_s:62747 AND shipLocation_s:11411 AND customerAccount_s:AC0160-1591 AND businessUnit_s:Accu-Tech"", ""userName_s"": ""Thomas Cousins"", ""refNum_s"": """"",TRUE,
"""UTP28SP7BU AND shipLocation_s:12908 AND businessUnit_s:Accu-Tech"", ""userName_s"": ""321602"", ""refNum_s"": ""611601""",TRUE,
"""unj600* AND salesLocation_s:62399 AND shipLocation_s:15812 AND customerAccount_s:AC0158-4575 AND businessUnit_s:Accu-Tech"", ""userName_s"": ""Dennis Donegan"", ""refNum_s"": """"",TRUE,
"""5100ue* AND salesLocation_s:62530 AND shipLocation_s:15642 AND customerAccount_s:AC0158-2202 AND businessUnit_s:Accu-Tech"", ""userName_s"": ""Matt Duncan"", ""refNum_s"": """"",TRUE,
"""2413_D15A1000 AND shipLocation_s:16043 AND businessUnit_s:Accu-Tech"", ""userName_s"": ""237291"", ""refNum_s"": ""611271""",TRUE,
"""FP4BGY* AND salesLocation_s:62473 AND shipLocation_s:13429 AND customerAccount_s:AC0158-6076 AND businessUnit_s:Accu-Tech"", ""userName_s"": ""Jeremy Prevette"", ""refNum_s"": """"",TRUE,
"""al4rpv50wcband* AND businessUnit_s:Accu-Tech AND shipLocation_s:13429 AND advancedPartSearch:Y AND businessUnit_s:Accu-Tech"", ""userName_s"": """", ""refNum_s"": ""100012447""",TRUE,
"""PRN-3200B2-48TB AND shipLocation_s:14509 AND businessUnit_s:Accu-Tech"", ""userName_s"": ""226055"", ""refNum_s"": ""611592""",TRUE,
"""sp6 AND businessUnit_s:Accu-Tech"", ""userName_s"": ""208873"", ""refNum_s"": ""611595""",TRUE,
"""1SNA163070R0000* AND salesLocation_s:66708 AND shipLocation_s:12008 AND customerAccount_s:AC0070-3979 AND dcLocation_s:7305 AND businessUnit_s:WESCO"", ""userName_s"": ""Doug Lindsay"", ""refNum_s"": """"",FALSE,
"""CCH-01 AND shipLocation_s:14205 AND businessUnit_s:Accu-Tech"", ""userName_s"": ""317857"", ""refNum_s"": ""611557""",TRUE,
"""C601106010 AND shipLocation_s:16043 AND businessUnit_s:Accu-Tech"", ""userName_s"": ""237291"", ""refNum_s"": ""611271""",TRUE,
"""AX102286 AND shipLocation_s:16043 AND businessUnit_s:Accu-Tech"", ""userName_s"": ""237291"", ""refNum_s"": ""611271""",TRUE,
"""95 AND shipLocation_s:15642 AND businessUnit_s:Accu-Tech"", ""userName_s"": ""311815"", ""refNum_s"": ""611580""",TRUE,
"""106622285* AND salesLocation_s:62473 AND shipLocation_s:13429 AND customerAccount_s:AC0159-5834 AND businessUnit_s:Accu-Tech"", ""userName_s"": ""Jeremy Prevette"", ""refNum_s"": """"",TRUE,
"""PDPK012FB3010F5IOC4C AND shipLocation_s:14611 AND businessUnit_s:Accu-Tech"", ""userName_s"": ""303596"", ""refNum_s"": ""611542""",TRUE,
"""006T88-31180-A3* AND businessUnit_s:Accu-Tech AND shipLocation_s:16011 AND advancedPartSearch:Y AND businessUnit_s:Accu-Tech"", ""userName_s"": """", ""refNum_s"": ""100012447""",TRUE,
"""CCH-CP24-A9 AND shipLocation_s:12304 AND businessUnit_s:Accu-Tech"", ""userName_s"": ""327282"", ""refNum_s"": ""611273""",TRUE,
"""UTP AND businessUnit_s:Accu-Tech"", ""userName_s"": ""216112"", ""refNum_s"": """"",TRUE,
"""012t88-31180-a3 AND shipLocation_s:11411 AND businessUnit_s:Accu-Tech"", ""userName_s"": ""337835"", ""refNum_s"": ""611567""",TRUE,
"""TAYKA_4IN1* AND salesLocation_s:61997 AND shipLocation_s:12114 AND customerAccount_s:AC0196-2785 AND businessUnit_s:Accu-Tech"", ""userName_s"": ""Melisha Savage"", ""refNum_s"": """"",TRUE,
"""760181982* AND salesLocation_s:62536 AND shipLocation_s:15609 AND customerAccount_s:AC0160-8852 AND businessUnit_s:Accu-Tech"", ""userName_s"": ""Jason Jarvis"", ""refNum_s"": """"",TRUE,
"""576-110-010 AND shipLocation_s:14205 AND businessUnit_s:Accu-Tech"", ""userName_s"": ""317857"", ""refNum_s"": ""611557""",TRUE,
"""012e81* AND salesLocation_s:61997 AND shipLocation_s:12114 AND customerAccount_s:AC0158-0346 AND businessUnit_s:Accu-Tech"", ""userName_s"": ""Ignacio Torres"", ""refNum_s"": """"",TRUE,
"""QCC-A504-0261-014 AND shipLocation_s:13429 AND businessUnit_s:Accu-Tech"", ""userName_s"": ""322566"", ""refNum_s"": ""611522""",TRUE,
"""*:* AND transPartOrFilter:(transactablePart_s:1058409AT OR transactablePart_s:1013161AT OR transactablePart_s:1021176AT OR transactablePart_s:1021124AT OR transactablePart_s:1055186AT OR transactablePart_s:1056319AT OR transactablePart_s:1055552AT OR transactablePart_s:1054849AT OR transactablePart_s:1038678AT OR transactablePart_s:1011816AT OR transactablePart_s:1011358AT OR transactablePart_s:1040054AT OR transactablePart_s:1012339AT OR transactablePart_s:1055095AT OR transactablePart_s:1056165AT OR transactablePart_s:1011340AT OR transactablePart_s:1056181AT OR transactablePart_s:1056154AT OR transactablePart_s:1056585AT OR transactablePart_s:1054668AT OR transactablePart_s:1056680AT OR transactablePart_s:1025039AT OR transactablePart_s:1054675AT OR transactablePart_s:1020167AT OR transactablePart_s:1021145AT) AND salesLocation_s:61996 AND shipLocation_s:12304 AND customerAccount_s:AC0160-0026 AND businessUnit_s:Accu-Tech"", ""userName_s"": ""Nathan Ward"", ""refNum_s"": ""100080511""",TRUE,
"""CJ64HACHOK58* AND salesLocation_s:62395 AND shipLocation_s:12702 AND customerAccount_s:AC0197-2834 AND businessUnit_s:Accu-Tech"", ""userName_s"": ""Amanda Wyckoff"", ""refNum_s"": """"",TRUE,
"""NL4-Boxed* AND salesLocation_s:62681 AND shipLocation_s:14611 AND customerAccount_s:AC0158-3578 AND businessUnit_s:Accu-Tech"", ""userName_s"": ""Jay Mong"", ""refNum_s"": """"",TRUE,
"""m57193b* AND salesLocation_s:62396 AND shipLocation_s:14802 AND customerAccount_s:AC0158-3231 AND businessUnit_s:Accu-Tech"", ""userName_s"": ""Andrew Holman"", ""refNum_s"": """"",TRUE,
"""31086 AND shipLocation_s:12908 AND businessUnit_s:Accu-Tech"", ""userName_s"": ""321469"", ""refNum_s"": ""611540""",TRUE,
"""100010C AND shipLocation_s:12908 AND businessUnit_s:Accu-Tech"", ""userName_s"": ""321469"", ""refNum_s"": ""611540""",TRUE,
"""CC7-750-P* AND salesLocation_s:62530 AND shipLocation_s:15642 AND customerAccount_s:AC0158-5339 AND businessUnit_s:Accu-Tech"", ""userName_s"": ""Greg Griffo"", ""refNum_s"": """"",TRUE,
"""ax10 AND shipLocation_s:11726 AND businessUnit_s:Accu-Tech"", ""userName_s"": ""302568"", ""refNum_s"": ""611437""",TRUE,
"""vpm- AND businessUnit_s:Accu-Tech"", ""userName_s"": ""208907"", ""refNum_s"": """"",TRUE,
"""100020 AND shipLocation_s:11726 AND businessUnit_s:Accu-Tech"", ""userName_s"": ""302568"", ""refNum_s"": ""611437""",TRUE,
"""sb227r6tg* AND businessUnit_s:Accu-Tech AND shipLocation_s:15642 AND advancedPartSearch:Y AND businessUnit_s:Accu-Tech"", ""userName_s"": """", ""refNum_s"": ""100012447""",TRUE,
"""sb227r6tg AND businessUnit_s:Accu-Tech"", ""userName_s"": ""208850"", ""refNum_s"": """"",TRUE,
"""sb227r AND businessUnit_s:Accu-Tech"", ""userName_s"": ""208850"", ""refNum_s"": """"",TRUE,
"""SDU-CABLE-BOXED* AND salesLocation_s:62681 AND shipLocation_s:14611 AND customerAccount_s:AC0158-3578 AND businessUnit_s:Accu-Tech"", ""userName_s"": ""Jay Mong"", ""refNum_s"": """"",TRUE,
"""cs34p-7w* AND salesLocation_s:61997 AND shipLocation_s:12114 AND customerAccount_s:AC0160-2585 AND businessUnit_s:Accu-Tech"", ""userName_s"": ""Melisha Savage"", ""refNum_s"": """"",TRUE,
"""744005AYW* AND salesLocation_s:62401 AND shipLocation_s:12601 AND customerAccount_s:AC0158-4180 AND businessUnit_s:Accu-Tech"", ""userName_s"": ""Randy Schnepel"", ""refNum_s"": """"",TRUE,
"""AX102778 AND shipLocation_s:16043 AND businessUnit_s:Accu-Tech"", ""userName_s"": ""237291"", ""refNum_s"": ""611271""",TRUE,
"""Q40-1234FNU AND shipLocation_s:11726 AND businessUnit_s:Accu-Tech"", ""userName_s"": ""327898"", ""refNum_s"": ""611084""",TRUE,
"""cj688tgbu AND businessUnit_s:Accu-Tech"", ""userName_s"": ""212834"", ""refNum_s"": ""611521""",TRUE,
"""PUR6AHD04OR-G* AND salesLocation_s:61997 AND shipLocation_s:12114 AND customerAccount_s:AC0158-0346 AND businessUnit_s:Accu-Tech"", ""userName_s"": ""Ignacio Torres"", ""refNum_s"": """"",TRUE,
"""JS-NMNF3F-B141* AND salesLocation_s:62395 AND shipLocation_s:12702 AND customerAccount_s:AC0160-6250 AND businessUnit_s:Accu-Tech"", ""userName_s"": ""Ryan Thenell"", ""refNum_s"": """"",TRUE,
"""re65* AND salesLocation_s:60697 AND shipLocation_s:16014 AND customerAccount_s:AC0000-0821 AND dcLocation_s:5689 AND businessUnit_s:WESCO"", ""userName_s"": ""Jennifer Lee"", ""refNum_s"": """"",FALSE,
"""PRUNY305* AND salesLocation_s:60697 AND shipLocation_s:16014 AND customerAccount_s:AC0000-0821 AND dcLocation_s:5689 AND businessUnit_s:WESCO"", ""userName_s"": ""Jennifer Lee"", ""refNum_s"": """"",FALSE,
"""yc-5207 AND shipLocation_s:16023 AND businessUnit_s:Accu-Tech"", ""userName_s"": ""339483"", ""refNum_s"": ""610850""",TRUE,
"""yc-520 AND shipLocation_s:16023 AND businessUnit_s:Accu-Tech"", ""userName_s"": ""339483"", ""refNum_s"": ""610850""",TRUE,
"""HL4RPV-50 AND shipLocation_s:11726 AND businessUnit_s:Accu-Tech"", ""userName_s"": ""327898"", ""refNum_s"": ""611084""",TRUE,
"""A11-V43-121 AND shipLocation_s:13002 AND businessUnit_s:Accu-Tech"", ""userName_s"": ""316046"", ""refNum_s"": ""611488""",TRUE,
"""A21-V44-600 AND shipLocation_s:13002 AND businessUnit_s:Accu-Tech"", ""userName_s"": ""316046"", ""refNum_s"": ""611488""",TRUE,
"""sfpo* AND salesLocation_s:61963 AND shipLocation_s:16041 AND customerAccount_s:AC0186-3068 AND businessUnit_s:Accu-Tech"", ""userName_s"": ""Von Small"", ""refNum_s"": """"",TRUE,
"""FS11 AND shipLocation_s:14611 AND businessUnit_s:Accu-Tech"", ""userName_s"": ""339347"", ""refNum_s"": ""610865""",TRUE,
"""810-L47-013 AND businessUnit_s:Accu-Tech"", ""userName_s"": ""324687"", ""refNum_s"": ""611446""",TRUE,
"""p982078hb-ho* AND salesLocation_s:62397 AND shipLocation_s:14810 AND customerAccount_s:AC0162-1730 AND businessUnit_s:Accu-Tech"", ""userName_s"": ""Cody Farrar"", ""refNum_s"": """"",TRUE,
"""6100ul* AND businessUnit_s:Accu-Tech AND shipLocation_s:14506 AND advancedPartSearch:Y AND businessUnit_s:Accu-Tech"", ""userName_s"": """", ""refNum_s"": ""100012447""",TRUE,
"""10506-706* AND salesLocation_s:61963 AND shipLocation_s:16041 AND customerAccount_s:AC0158-1507 AND businessUnit_s:Accu-Tech"", ""userName_s"": ""Nina Olson"", ""refNum_s"": """"",TRUE,
"""ST-06-60* AND salesLocation_s:62532 AND shipLocation_s:11726 AND customerAccount_s:AC0159-0123 AND businessUnit_s:Accu-Tech"", ""userName_s"": ""David Eslin"", ""refNum_s"": """"",TRUE,
"""FAN-BT25-12 AND shipLocation_s:13417 AND businessUnit_s:Accu-Tech"", ""userName_s"": ""310311"", ""refNum_s"": ""611511""",TRUE,
"""OR-40325200 AND businessUnit_s:Accu-Tech"", ""userName_s"": ""324687"", ""refNum_s"": ""611446""",TRUE,
"""ST-06-60* AND salesLocation_s:62532 AND shipLocation_s:11726 AND customerAccount_s:AC0159-0123 AND businessUnit_s:Accu-Tech"", ""userName_s"": ""David Eslin"", ""refNum_s"": """"",TRUE,
"""FAST-SC-MM50L-100 AND shipLocation_s:11726 AND businessUnit_s:Accu-Tech"", ""userName_s"": ""236339"", ""refNum_s"": ""611507""",TRUE,
"""2806031-01* AND salesLocation_s:61996 AND shipLocation_s:12304 AND customerAccount_s:AC0158-1124 AND businessUnit_s:Accu-Tech"", ""userName_s"": ""Nathan Ward"", ""refNum_s"": """"",TRUE,
"""1045478AT* AND salesLocation_s:62395 AND shipLocation_s:12702 AND customerAccount_s:AC0159-0023 AND businessUnit_s:Accu-Tech"", ""userName_s"": ""Steve Kurtinitis"", ""refNum_s"": """"",TRUE,
"""OR-40323200 AND businessUnit_s:Accu-Tech"", ""userName_s"": ""324687"", ""refNum_s"": ""611446""",TRUE,
"""clt* AND salesLocation_s:62530 AND shipLocation_s:15642 AND customerAccount_s:AC0161-8767 AND businessUnit_s:Accu-Tech"", ""userName_s"": ""Simon Ruppert"", ""refNum_s"": """"",TRUE,
"""FTSLC900FS01 AND shipLocation_s:16043 AND businessUnit_s:Accu-Tech"", ""userName_s"": ""237291"", ""refNum_s"": ""611271""",TRUE,
"""SBP-156KMW AND shipLocation_s:12114 AND businessUnit_s:Accu-Tech"", ""userName_s"": ""337344"", ""refNum_s"": ""610970""",TRUE,
"""fsc24 AND businessUnit_s:Accu-Tech"", ""userName_s"": ""327282"", ""refNum_s"": """"",TRUE,
"""CCP184X1* AND salesLocation_s:60829 AND shipLocation_s:14507 AND customerAccount_s:AC0005-3043 AND dcLocation_s:7303 AND businessUnit_s:WESCO"", ""userName_s"": ""Kelsea Kluttz"", ""refNum_s"": """"",FALSE,
"""10506-706 AND businessUnit_s:Accu-Tech"", ""userName_s"": ""327282"", ""refNum_s"": """"",TRUE,
"""BELDEN_ECX-02U AND shipLocation_s:16043 AND businessUnit_s:Accu-Tech"", ""userName_s"": ""237291"", ""refNum_s"": ""611271""",TRUE,
"""7633229-05* AND salesLocation_s:62532 AND shipLocation_s:11726 AND customerAccount_s:AC0162-7547 AND businessUnit_s:Accu-Tech"", ""userName_s"": ""Lauren Givens"", ""refNum_s"": """"",TRUE,
"""geclb62a* AND salesLocation_s:61960 AND shipLocation_s:16043 AND customerAccount_s:AC0158-1660 AND businessUnit_s:Accu-Tech"", ""userName_s"": ""Alton Balentine"", ""refNum_s"": """"",TRUE,
"""hxj6gn* AND salesLocation_s:61997 AND shipLocation_s:12114 AND customerAccount_s:AC0161-4432 AND businessUnit_s:Accu-Tech"", ""userName_s"": ""Ignacio Torres"", ""refNum_s"": """"",TRUE,
"""SM312DQD* AND salesLocation_s:66708 AND shipLocation_s:12008 AND customerAccount_s:AC0010-4195 AND dcLocation_s:7305 AND businessUnit_s:WESCO"", ""userName_s"": ""Doug Lindsay"", ""refNum_s"": """"",FALSE,
"""hxj* AND salesLocation_s:61997 AND shipLocation_s:12114 AND customerAccount_s:AC0161-4432 AND businessUnit_s:Accu-Tech"", ""userName_s"": ""Ignacio Torres"", ""refNum_s"": """"",TRUE,
"""hubbell jacks* AND salesLocation_s:61997 AND shipLocation_s:12114 AND customerAccount_s:AC0161-4432 AND businessUnit_s:Accu-Tech"", ""userName_s"": ""Ignacio Torres"", ""refNum_s"": """"",TRUE,
"""CMBBL-X* AND salesLocation_s:61961 AND shipLocation_s:16011 AND customerAccount_s:AC0158-1180 AND businessUnit_s:Accu-Tech"", ""userName_s"": ""Andrew Lane"", ""refNum_s"": """"",TRUE,
"""fre1ubl* AND salesLocation_s:62395 AND shipLocation_s:12702 AND customerAccount_s:AC0162-6940 AND businessUnit_s:Accu-Tech"", ""userName_s"": ""John Ruxer"", ""refNum_s"": """"",TRUE,
"""065-001-10* AND salesLocation_s:62679 AND shipLocation_s:12908 AND customerAccount_s:AC0158-3174 AND businessUnit_s:Accu-Tech"", ""userName_s"": ""Steven Fuller"", ""refNum_s"": """"",TRUE,
"""fre1ubl* AND salesLocation_s:62395 AND shipLocation_s:12702 AND customerAccount_s:AC0162-6940 AND businessUnit_s:Accu-Tech"", ""userName_s"": ""John Ruxer"", ""refNum_s"": """"",TRUE,
"""4072* AND salesLocation_s:62679 AND shipLocation_s:12908 AND customerAccount_s:AC0158-3174 AND businessUnit_s:Accu-Tech"", ""userName_s"": ""Steven Fuller"", ""refNum_s"": """"",TRUE,
"""1003060AT AND shipLocation_s:11726 AND businessUnit_s:Accu-Tech"", ""userName_s"": ""331169"", ""refNum_s"": ""611443""",TRUE,
"""pdu1230 AND shipLocation_s:12114 AND businessUnit_s:Accu-Tech"", ""userName_s"": ""235882"", ""refNum_s"": ""611471""",TRUE,
"""WP805 AND shipLocation_s:13429 AND businessUnit_s:Accu-Tech"", ""userName_s"": ""307614"", ""refNum_s"": ""611467""",TRUE,
"""WP804-2.00E AND shipLocation_s:13429 AND businessUnit_s:Accu-Tech"", ""userName_s"": ""307614"", ""refNum_s"": ""611467""",TRUE,
"""cfpl6why* AND salesLocation_s:61996 AND shipLocation_s:12304 AND customerAccount_s:AC0158-0962 AND businessUnit_s:Accu-Tech"", ""userName_s"": ""Nathan Ward"", ""refNum_s"": """"",TRUE,
"""DS1* AND salesLocation_s:62530 AND shipLocation_s:15642 AND customerAccount_s:AC0197-3668 AND businessUnit_s:Accu-Tech"", ""userName_s"": ""Greg Griffo"", ""refNum_s"": """"",TRUE,
"""35441-702 AND businessUnit_s:Accu-Tech"", ""userName_s"": ""319942"", ""refNum_s"": ""611427""",TRUE,
"""ukj10g* AND businessUnit_s:Accu-Tech AND shipLocation_s:15625 AND advancedPartSearch:Y AND businessUnit_s:Accu-Tech"", ""userName_s"": """", ""refNum_s"": ""100012447""",TRUE,
"""760249998* AND salesLocation_s:62533 AND shipLocation_s:11102 AND customerAccount_s:AC0186-3068 AND businessUnit_s:Accu-Tech"", ""userName_s"": ""Jarred Henderson"", ""refNum_s"": """"",TRUE,
"""1583a* AND salesLocation_s:61997 AND shipLocation_s:12114 AND customerAccount_s:AC0186-3068 AND businessUnit_s:Accu-Tech"", ""userName_s"": ""Melisha Savage"", ""refNum_s"": """"",TRUE,
"""CO166S2-03F005 AND shipLocation_s:13429 AND businessUnit_s:Accu-Tech"", ""userName_s"": ""231024"", ""refNum_s"": ""611448""",TRUE,
"""ac1001 AND businessUnit_s:Accu-Tech"", ""userName_s"": ""308661"", ""refNum_s"": """"",TRUE,
"""77-240 AND businessUnit_s:Accu-Tech"", ""userName_s"": ""236157"", ""refNum_s"": ""611439""",TRUE,
"""760127803 AND shipLocation_s:12908 AND businessUnit_s:Accu-Tech"", ""userName_s"": ""233430"", ""refNum_s"": ""611440""",TRUE,
"""tj600-3 AND shipLocation_s:13417 AND businessUnit_s:Accu-Tech"", ""userName_s"": ""310311"", ""refNum_s"": ""611432""",TRUE,
"""5126* AND salesLocation_s:61171 AND shipLocation_s:12402 AND customerAccount_s:AC0001-5961 AND dcLocation_s:7302 AND businessUnit_s:WESCO"", ""userName_s"": ""Hannah Shook"", ""refNum_s"": """"",FALSE,
"""CCH-CP12-E4 AND businessUnit_s:Accu-Tech"", ""userName_s"": ""319942"", ""refNum_s"": ""611427""",TRUE,
"""PCC6BASH-GN-1M* AND salesLocation_s:62395 AND shipLocation_s:12702 AND customerAccount_s:AC0162-0713 AND businessUnit_s:Accu-Tech"", ""userName_s"": ""Parker Mitchell"", ""refNum_s"": """"",TRUE,
"""DP486X88TGY* AND salesLocation_s:62532 AND shipLocation_s:11726 AND customerAccount_s:AC0158-5850 AND businessUnit_s:Accu-Tech"", ""userName_s"": ""Foster Burch"", ""refNum_s"": """"",TRUE,
"""PNM-C34404RQPZ* AND businessUnit_s:Accu-Tech AND shipLocation_s:11726 AND advancedPartSearch:Y AND businessUnit_s:Accu-Tech"", ""userName_s"": """", ""refNum_s"": ""100012447""",TRUE,
"""760147736* AND businessUnit_s:Accu-Tech AND shipLocation_s:12702 AND advancedPartSearch:Y AND businessUnit_s:Accu-Tech"", ""userName_s"": """", ""refNum_s"": ""100012447""",TRUE,
"""mc6a03-06* AND salesLocation_s:62395 AND shipLocation_s:12702 AND customerAccount_s:AC0158-4571 AND businessUnit_s:Accu-Tech"", ""userName_s"": ""Steve Kurtinitis"", ""refNum_s"": """"",TRUE,
"""cj688tggr* AND businessUnit_s:Accu-Tech AND shipLocation_s:14506 AND advancedPartSearch:Y AND businessUnit_s:Accu-Tech"", ""userName_s"": """", ""refNum_s"": ""100012447""",TRUE,
"""CJ6X88TGWH* AND salesLocation_s:62536 AND shipLocation_s:15609 AND customerAccount_s:AC0158-1585 AND businessUnit_s:Accu-Tech"", ""userName_s"": ""Jason Jarvis"", ""refNum_s"": """"",TRUE,
"""cj6x88tg AND businessUnit_s:Accu-Tech"", ""userName_s"": ""226022"", ""refNum_s"": """"",TRUE,
"""usl10g AND shipLocation_s:14509 AND businessUnit_s:Accu-Tech"", ""userName_s"": ""316066"", ""refNum_s"": ""611418""",TRUE,
"""RVAMJKUBKâ€‘S1 AND shipLocation_s:11726 AND businessUnit_s:Accu-Tech"", ""userName_s"": ""331169"", ""refNum_s"": ""611416""",TRUE,
"""XDR8419-3M62836 AND shipLocation_s:16043 AND businessUnit_s:Accu-Tech"", ""userName_s"": ""227199"", ""refNum_s"": ""609568""",TRUE,
"""cs44p-6w AND shipLocation_s:14509 AND businessUnit_s:Accu-Tech"", ""userName_s"": ""316066"", ""refNum_s"": ""611418""",TRUE,
"""cs AND shipLocation_s:14509 AND businessUnit_s:Accu-Tech"", ""userName_s"": ""316066"", ""refNum_s"": ""611418""",TRUE,
"""FOAS2FSMLCLC-3M AND businessUnit_s:Accu-Tech"", ""userName_s"": ""230714"", ""refNum_s"": ""611413""",TRUE,
"""UTP28SP7* AND salesLocation_s:62532 AND shipLocation_s:11726 AND customerAccount_s:AC0158-2869 AND businessUnit_s:Accu-Tech"", ""userName_s"": ""Foster Burch"", ""refNum_s"": """"",TRUE,
"""16488-701* AND businessUnit_s:Accu-Tech AND shipLocation_s:12702 AND advancedPartSearch:Y AND businessUnit_s:Accu-Tech"", ""userName_s"": """", ""refNum_s"": ""100012447""",TRUE,
"""CCH-01U* AND salesLocation_s:62396 AND shipLocation_s:14802 AND customerAccount_s:AC0158-2390 AND businessUnit_s:Accu-Tech"", ""userName_s"": ""Jacob Lunsford"", ""refNum_s"": """"",TRUE,
"""ps-3a-x* AND salesLocation_s:62530 AND shipLocation_s:15642 AND customerAccount_s:AC0196-9504 AND businessUnit_s:Accu-Tech"", ""userName_s"": ""Billy Caine"", ""refNum_s"": """"",TRUE,
"""7131100* AND salesLocation_s:62681 AND shipLocation_s:14611 AND customerAccount_s:AC0161-1988 AND businessUnit_s:Accu-Tech"", ""userName_s"": ""Joshua Luffman"", ""refNum_s"": """"",TRUE,
"""1583a* AND salesLocation_s:62531 AND shipLocation_s:15625 AND customerAccount_s:AC0159-8575 AND businessUnit_s:Accu-Tech"", ""userName_s"": ""Christian Beaudet"", ""refNum_s"": """"",TRUE,
"""un874 AND shipLocation_s:11726 AND businessUnit_s:Accu-Tech"", ""userName_s"": ""327898"", ""refNum_s"": ""611405""",TRUE,
"""un87 AND shipLocation_s:11726 AND businessUnit_s:Accu-Tech"", ""userName_s"": ""327898"", ""refNum_s"": ""611405""",TRUE,
"""*:* AND businessUnit_s:Accu-Tech AND shipLocation_s:12702 AND taxonomy_level_1_s:(\""B22-Wire and Cable\"") AND advancedPartSearch:Y AND businessUnit_s:Accu-Tech"", ""userName_s"": """", ""refNum_s"": ""100012447""",TRUE,
"""WMPVHC45E AND shipLocation_s:12908 AND businessUnit_s:Accu-Tech"", ""userName_s"": ""321469"", ""refNum_s"": ""611382""",TRUE,
"""6F SM Armored OSP* AND businessUnit_s:Accu-Tech AND shipLocation_s:12702 AND advancedPartSearch:Y AND businessUnit_s:Accu-Tech"", ""userName_s"": """", ""refNum_s"": ""100012447""",TRUE,
"""UN874048904/10* AND salesLocation_s:62532 AND shipLocation_s:11726 AND customerAccount_s:AC0158-2220 AND businessUnit_s:Accu-Tech"", ""userName_s"": ""Thomas Simonson"", ""refNum_s"": """"",TRUE,
"""AX106573-EW AND shipLocation_s:16043 AND businessUnit_s:Accu-Tech"", ""userName_s"": ""227199"", ""refNum_s"": ""609568""",TRUE,
"""31090* AND salesLocation_s:62395 AND shipLocation_s:12702 AND customerAccount_s:AC0158-4571 AND businessUnit_s:Accu-Tech"", ""userName_s"": ""Steve Kurtinitis"", ""refNum_s"": """"",TRUE,
"""1110906* AND salesLocation_s:60001 AND shipLocation_s:12619 AND customerAccount_s:AC0001-4164 AND dcLocation_s:7302 AND businessUnit_s:WESCO"", ""userName_s"": ""John Allgaier"", ""refNum_s"": """"",FALSE,
"""cj688tg AND shipLocation_s:11726 AND businessUnit_s:Accu-Tech"", ""userName_s"": ""302568"", ""refNum_s"": ""611386""",TRUE,
"""CCZ164H2* AND salesLocation_s:60829 AND shipLocation_s:14507 AND customerAccount_s:AC0005-3043 AND dcLocation_s:7303 AND businessUnit_s:WESCO"", ""userName_s"": ""Kelsea Kluttz"", ""refNum_s"": """"",FALSE,
"""423P-U- AND shipLocation_s:14611 AND businessUnit_s:Accu-Tech"", ""userName_s"": ""240568"", ""refNum_s"": ""611381""",TRUE,
"""cc7-750-p* AND businessUnit_s:Accu-Tech AND shipLocation_s:11726 AND advancedPartSearch:Y AND businessUnit_s:Accu-Tech"", ""userName_s"": """", ""refNum_s"": ""100012447""",TRUE,
"""pup AND shipLocation_s:13603 AND businessUnit_s:Accu-Tech"", ""userName_s"": ""227835"", ""refNum_s"": ""595051""",TRUE,
"""am2* AND salesLocation_s:61171 AND shipLocation_s:12402 AND customerAccount_s:AC0061-0418 AND dcLocation_s:7302 AND businessUnit_s:WESCO"", ""userName_s"": ""John Narum"", ""refNum_s"": """"",FALSE,
"""DFY35Z829* AND salesLocation_s:61171 AND shipLocation_s:12402 AND customerAccount_s:AC0061-0418 AND dcLocation_s:7302 AND businessUnit_s:WESCO"", ""userName_s"": ""John Narum"", ""refNum_s"": """"",FALSE,
"""OR-MC6A01-XX AND businessUnit_s:Accu-Tech"", ""userName_s"": ""211741"", ""refNum_s"": ""611371""",TRUE,
"""28-543* AND salesLocation_s:61171 AND shipLocation_s:12402 AND customerAccount_s:AC0061-0418 AND dcLocation_s:7302 AND businessUnit_s:WESCO"", ""userName_s"": ""John Narum"", ""refNum_s"": """"",FALSE,
"""77-240-4B-VP* AND salesLocation_s:62400 AND shipLocation_s:14112 AND customerAccount_s:AC0163-3983 AND businessUnit_s:Accu-Tech"", ""userName_s"": ""Ewan Pessoa"", ""refNum_s"": """"",TRUE,
"""cfpe2iw* AND businessUnit_s:Accu-Tech AND shipLocation_s:13429 AND advancedPartSearch:Y AND businessUnit_s:Accu-Tech"", ""userName_s"": """", ""refNum_s"": ""100012447""",TRUE,
"""2413005* AND salesLocation_s:62397 AND shipLocation_s:14810 AND customerAccount_s:AC0158-2247 AND businessUnit_s:Accu-Tech"", ""userName_s"": ""Camden Lee"", ""refNum_s"": """"",TRUE,
"""77-240-4B* AND businessUnit_s:Accu-Tech AND shipLocation_s:14112 AND transactablePartFilter:Y AND advancedPartSearch:Y AND businessUnit_s:Accu-Tech"", ""userName_s"": """", ""refNum_s"": ""100012447""",TRUE,
"""77-240-4B* AND businessUnit_s:Accu-Tech AND shipLocation_s:14112 AND transactablePartFilter:Y AND advancedPartSearch:Y AND businessUnit_s:Accu-Tech"", ""userName_s"": """", ""refNum_s"": ""100012447""",TRUE,
"""1059131AT* AND salesLocation_s:62395 AND shipLocation_s:12702 AND customerAccount_s:AC0158-2220 AND businessUnit_s:Accu-Tech"", ""userName_s"": ""Donald Lozzi"", ""refNum_s"": """"",TRUE,
"""mcdean-ses* AND businessUnit_s:Accu-Tech AND shipLocation_s:12702 AND advancedPartSearch:Y AND businessUnit_s:Accu-Tech"", ""userName_s"": """", ""refNum_s"": ""100012447""",TRUE,
"""760107276* AND salesLocation_s:62400 AND shipLocation_s:14112 AND customerAccount_s:AC0161-0984 AND businessUnit_s:Accu-Tech"", ""userName_s"": ""Paul Varone"", ""refNum_s"": """"",TRUE,
"""CCH-01U* AND businessUnit_s:Accu-Tech AND shipLocation_s:11726 AND advancedPartSearch:Y AND businessUnit_s:Accu-Tech"", ""userName_s"": """", ""refNum_s"": ""100012447""",TRUE,
"""VPM-50* AND salesLocation_s:61962 AND shipLocation_s:16023 AND customerAccount_s:AC0186-3068 AND businessUnit_s:Accu-Tech"", ""userName_s"": ""Jennie Robinson"", ""refNum_s"": """"",TRUE,
"""IPR125251702* AND salesLocation_s:62532 AND shipLocation_s:11726 AND customerAccount_s:AC0186-3068 AND businessUnit_s:Accu-Tech"", ""userName_s"": ""Christian Anderson"", ""refNum_s"": """"",TRUE,
"""048t8p* AND salesLocation_s:62532 AND shipLocation_s:11726 AND customerAccount_s:AC0186-3068 AND businessUnit_s:Accu-Tech"", ""userName_s"": ""Christian Anderson"", ""refNum_s"": """"",TRUE,
"""*:* AND transPartOrFilter:(transactablePart_s:MT9HRPAPA) AND salesLocation_s:60001 AND shipLocation_s:12619 AND dcLocation_s:7302 AND customerAccount_s:AC0062-8178 AND businessUnit_s:WESCO"", ""userName_s"": ""Al Surdell"", ""refNum_s"": ""QU100030173""",FALSE,
"""RF-ATN-SMF-5W20* AND salesLocation_s:61961 AND shipLocation_s:16011 AND customerAccount_s:IC1039-0000 AND businessUnit_s:Accu-Tech"", ""userName_s"": ""JR Luck"", ""refNum_s"": """"",TRUE,
"""WBTFORM4X24BA* AND salesLocation_s:61962 AND shipLocation_s:16023 AND customerAccount_s:AC0186-3068 AND businessUnit_s:Accu-Tech"", ""userName_s"": ""Jennie Robinson"", ""refNum_s"": """"",TRUE,
"""pup6c04 AND businessUnit_s:Accu-Tech"", ""userName_s"": ""208904"", ""refNum_s"": """"",TRUE,
"""ff AND shipLocation_s:12304 AND businessUnit_s:Accu-Tech"", ""userName_s"": ""208904"", ""refNum_s"": ""611319""",TRUE,
"""fosc AND businessUnit_s:Accu-Tech"", ""userName_s"": ""208904"", ""refNum_s"": """"",TRUE,
"""IO-392B3PWZ-01* AND businessUnit_s:Accu-Tech AND shipLocation_s:13429 AND advancedPartSearch:Y AND businessUnit_s:Accu-Tech"", ""userName_s"": """", ""refNum_s"": ""100012447""",TRUE,
"""j8812* AND salesLocation_s:60001 AND shipLocation_s:12619 AND customerAccount_s:AC0016-0746 AND dcLocation_s:7302 AND businessUnit_s:WESCO"", ""userName_s"": ""Daniel Chase"", ""refNum_s"": """"",FALSE,
"""fac75* AND salesLocation_s:60001 AND shipLocation_s:12619 AND customerAccount_s:AC0016-0746 AND dcLocation_s:7302 AND businessUnit_s:WESCO"", ""userName_s"": ""Daniel Chase"", ""refNum_s"": """"",FALSE,
"""T062909* AND salesLocation_s:61171 AND shipLocation_s:12402 AND customerAccount_s:AC0001-5961 AND dcLocation_s:7302 AND businessUnit_s:WESCO"", ""userName_s"": ""Danny Jenkins"", ""refNum_s"": """"",FALSE,
"""AX2000* AND salesLocation_s:61171 AND shipLocation_s:12402 AND customerAccount_s:AC0001-5961 AND dcLocation_s:7302 AND businessUnit_s:WESCO"", ""userName_s"": ""Danny Jenkins"", ""refNum_s"": """"",FALSE,
"""00 80 01* AND salesLocation_s:61171 AND shipLocation_s:12402 AND customerAccount_s:AC0001-5961 AND dcLocation_s:7302 AND businessUnit_s:WESCO"", ""userName_s"": ""Danny Jenkins"", ""refNum_s"": """"",FALSE,
"""85 01 250* AND salesLocation_s:61171 AND shipLocation_s:12402 AND customerAccount_s:AC0001-5961 AND dcLocation_s:7302 AND businessUnit_s:WESCO"", ""userName_s"": ""Danny Jenkins"", ""refNum_s"": """"",FALSE,
"""MT1A* AND salesLocation_s:61171 AND shipLocation_s:12402 AND customerAccount_s:AC0001-5961 AND dcLocation_s:7302 AND businessUnit_s:WESCO"", ""userName_s"": ""Danny Jenkins"", ""refNum_s"": """"",FALSE,
"""1030594AT* AND salesLocation_s:61962 AND shipLocation_s:16023 AND customerAccount_s:AC0186-3068 AND businessUnit_s:Accu-Tech"", ""userName_s"": ""Jennie Robinson"", ""refNum_s"": """"",TRUE,
"""0385482201* AND salesLocation_s:61171 AND shipLocation_s:12402 AND customerAccount_s:AC0001-5961 AND dcLocation_s:7302 AND businessUnit_s:WESCO"", ""userName_s"": ""Danny Jenkins"", ""refNum_s"": """"",FALSE,
"""725209WH1B* AND salesLocation_s:62743 AND shipLocation_s:11305 AND customerAccount_s:AC0158-8138 AND businessUnit_s:Accu-Tech"", ""userName_s"": ""JR Luck"", ""refNum_s"": """"",TRUE,
"""61110-RL6* AND businessUnit_s:Accu-Tech AND shipLocation_s:13429 AND advancedPartSearch:Y AND businessUnit_s:Accu-Tech"", ""userName_s"": """", ""refNum_s"": ""100012447""",TRUE,
"""14775* AND salesLocation_s:61171 AND shipLocation_s:12402 AND customerAccount_s:AC0001-5961 AND dcLocation_s:7302 AND businessUnit_s:WESCO"", ""userName_s"": ""Danny Jenkins"", ""refNum_s"": """"",FALSE,
"""12126-CHC* AND salesLocation_s:61171 AND shipLocation_s:12402 AND customerAccount_s:AC0018-5130 AND dcLocation_s:7302 AND businessUnit_s:WESCO"", ""userName_s"": ""Danny Jenkins"", ""refNum_s"": """"",FALSE,
"""09264432790* AND salesLocation_s:61171 AND shipLocation_s:12402 AND customerAccount_s:AC0001-5961 AND dcLocation_s:7302 AND businessUnit_s:WESCO"", ""userName_s"": ""Danny Jenkins"", ""refNum_s"": """"",FALSE,
"""649256-rl6* AND salesLocation_s:62746 AND shipLocation_s:15428 AND customerAccount_s:AC0162-1498 AND businessUnit_s:Accu-Tech"", ""userName_s"": ""Nelson Albanesi"", ""refNum_s"": """"",TRUE,
"""6339Q8- AND shipLocation_s:11305 AND businessUnit_s:Accu-Tech"", ""userName_s"": ""313507"", ""refNum_s"": ""608590""",TRUE,
"""760148056* AND salesLocation_s:62532 AND shipLocation_s:11726 AND customerAccount_s:AC0197-1510 AND businessUnit_s:Accu-Tech"", ""userName_s"": ""Christian Anderson"", ""refNum_s"": """"",TRUE,
"""FFWLCLC42-AXF002 AND shipLocation_s:15009 AND businessUnit_s:Accu-Tech"", ""userName_s"": ""334224"", ""refNum_s"": ""608902""",TRUE,
"""66227652350* AND salesLocation_s:60682 AND shipLocation_s:15408 AND customerAccount_s:AC0005-9619 AND dcLocation_s:7305 AND businessUnit_s:WESCO"", ""userName_s"": ""Nicholas Garets"", ""refNum_s"": """"",FALSE,
"""*:* AND transPartOrFilter:(transactablePart_s:DKVUB2A23 OR transactablePart_s:RGTP82A23 OR transactablePart_s:U4J4K2A23 OR transactablePart_s:RN3AS2A23 OR transactablePart_s:BEY367696 OR transactablePart_s:A6JFS2A23 OR transactablePart_s:FBYFM2A23) AND salesLocation_s:60682 AND shipLocation_s:15408 AND dcLocation_s:7305 AND customerAccount_s:AC0005-4358 AND businessUnit_s:WESCO"", ""userName_s"": ""Brian Wortmann"", ""refNum_s"": ""QU100029142""",FALSE,
"""78227417020* AND salesLocation_s:60682 AND shipLocation_s:15408 AND customerAccount_s:AC0050-0698 AND dcLocation_s:7305 AND businessUnit_s:WESCO"", ""userName_s"": ""Nicholas Garets"", ""refNum_s"": """"",FALSE,
"""SRWF4U36 AND shipLocation_s:16043 AND businessUnit_s:Accu-Tech"", ""userName_s"": ""304249"", ""refNum_s"": ""610513""",TRUE,
"""cat6 white* AND businessUnit_s:Accu-Tech AND shipLocation_s:16011 AND advancedPartSearch:Y AND businessUnit_s:Accu-Tech"", ""userName_s"": """", ""refNum_s"": ""100012447""",TRUE,
"""ca21104003* AND salesLocation_s:61960 AND shipLocation_s:16043 AND customerAccount_s:AC0158-1660 AND businessUnit_s:Accu-Tech"", ""userName_s"": ""Alton Balentine"", ""refNum_s"": """"",TRUE,
"""760248521 AND shipLocation_s:16043 AND businessUnit_s:Accu-Tech"", ""userName_s"": ""237291"", ""refNum_s"": ""611285""",TRUE,
"""svc-* AND businessUnit_s:Accu-Tech AND shipLocation_s:14611 AND mfgPartNumberFilter:Y AND advancedPartSearch:Y AND businessUnit_s:Accu-Tech"", ""userName_s"": """", ""refNum_s"": ""100012447""",TRUE,
"""rtc2u-6 AND shipLocation_s:15642 AND businessUnit_s:Accu-Tech"", ""userName_s"": ""208850"", ""refNum_s"": ""611280""",TRUE,
"""rtc1u-3ap AND shipLocation_s:15642 AND businessUnit_s:Accu-Tech"", ""userName_s"": ""208850"", ""refNum_s"": ""611280""",TRUE,
"""rtc1u-3 AND shipLocation_s:15642 AND businessUnit_s:Accu-Tech"", ""userName_s"": ""208850"", ""refNum_s"": ""611280""",TRUE,
"""048 AND businessUnit_s:Accu-Tech"", ""userName_s"": ""328842"", ""refNum_s"": ""611248""",TRUE,
"""DZ024TSLA9YPI8 AND shipLocation_s:15642 AND businessUnit_s:Accu-Tech"", ""userName_s"": ""208850"", ""refNum_s"": ""611280""",TRUE,
"""78227458950* AND salesLocation_s:60682 AND shipLocation_s:15408 AND customerAccount_s:AC0005-9619 AND dcLocation_s:7305 AND businessUnit_s:WESCO"", ""userName_s"": ""Nicholas Garets"", ""refNum_s"": """"",FALSE,
"""760107268 AND shipLocation_s:15414 AND businessUnit_s:Accu-Tech"", ""userName_s"": ""216112"", ""refNum_s"": ""611275""",TRUE,
"""012EB4-14701A20* AND businessUnit_s:Accu-Tech AND shipLocation_s:16041 AND advancedPartSearch:Y AND businessUnit_s:Accu-Tech"", ""userName_s"": """", ""refNum_s"": ""100012447""",TRUE,
"""CCH-BLNK AND businessUnit_s:Accu-Tech"", ""userName_s"": ""328842"", ""refNum_s"": ""611248""",TRUE,
"""*:* AND transPartOrFilter:(transactablePart_s:KD6PP2A23 OR transactablePart_s:URNHG2A23 OR transactablePart_s:R9KVY2A23) AND salesLocation_s:66708 AND shipLocation_s:12008 AND dcLocation_s:7305 AND customerAccount_s:AC0040-8208 AND businessUnit_s:WESCO"", ""userName_s"": ""Doug Lindsay"", ""refNum_s"": ""QU100030128""",FALSE,
"""cch-c AND businessUnit_s:Accu-Tech"", ""userName_s"": ""328842"", ""refNum_s"": ""611248""",TRUE,
"""X-800-00-G3-002-M3-RED.* AND salesLocation_s:62533 AND shipLocation_s:11102 AND customerAccount_s:AC0158-1550 AND businessUnit_s:Accu-Tech"", ""userName_s"": ""Shannon Brown"", ""refNum_s"": """"",TRUE,
"""cch AND shipLocation_s:16011 AND businessUnit_s:Accu-Tech"", ""userName_s"": ""335361"", ""refNum_s"": ""610789""",TRUE,
"""787802GD1AP007M* AND salesLocation_s:60373 AND shipLocation_s:13429 AND customerAccount_s:AC0159-0721 AND businessUnit_s:Accu-Tech"", ""userName_s"": ""Alison Moody"", ""refNum_s"": """"",TRUE,
"""sbp-300wmtw* AND salesLocation_s:62682 AND shipLocation_s:15819 AND customerAccount_s:AC0159-1785 AND businessUnit_s:Accu-Tech"", ""userName_s"": ""Brandon Apple"", ""refNum_s"": """"",TRUE,
"""BE AND shipLocation_s:11305 AND businessUnit_s:Accu-Tech"", ""userName_s"": ""313507"", ""refNum_s"": ""611253""",TRUE,
"""BEL658AFS AND shipLocation_s:11305 AND businessUnit_s:Accu-Tech"", ""userName_s"": ""313507"", ""refNum_s"": ""611253""",TRUE,
"""BEL65 AND shipLocation_s:11305 AND businessUnit_s:Accu-Tech"", ""userName_s"": ""313507"", ""refNum_s"": ""611253""",TRUE,
"""08380900* AND salesLocation_s:62744 AND shipLocation_s:15416 AND customerAccount_s:AC0162-9261 AND businessUnit_s:Accu-Tech"", ""userName_s"": ""Tony Thompson"", ""refNum_s"": """"",TRUE,
"""60180 AND shipLocation_s:16043 AND businessUnit_s:Accu-Tech"", ""userName_s"": ""227199"", ""refNum_s"": ""611212""",TRUE,
"""dc AND shipLocation_s:16023 AND businessUnit_s:Accu-Tech"", ""userName_s"": ""326749"", ""refNum_s"": ""611243""",TRUE,
"""mctp6i-9-1* AND businessUnit_s:Accu-Tech AND shipLocation_s:16043 AND advancedPartSearch:Y AND businessUnit_s:Accu-Tech"", ""userName_s"": """", ""refNum_s"": ""100012447""",TRUE,
"""760258042* AND businessUnit_s:Accu-Tech AND shipLocation_s:11726 AND advancedPartSearch:Y AND businessUnit_s:Accu-Tech"", ""userName_s"": """", ""refNum_s"": ""100012447""",TRUE,
"""100036 AND shipLocation_s:16043 AND businessUnit_s:Accu-Tech"", ""userName_s"": ""237291"", ""refNum_s"": ""611228""",TRUE,
"""*:* AND transPartOrFilter:(transactablePart_s:1026317AT OR transactablePart_s:1007250AT OR transactablePart_s:1003024AT OR transactablePart_s:1028466AT OR transactablePart_s:1003389AT) AND salesLocation_s:61997 AND shipLocation_s:12114 AND customerAccount_s:AC0161-7036 AND businessUnit_s:Accu-Tech"", ""userName_s"": ""Gina Stolzman"", ""refNum_s"": ""100078003""",TRUE,
"""foas2fsmlcsc-7m AND shipLocation_s:15642 AND businessUnit_s:Accu-Tech"", ""userName_s"": ""301951"", ""refNum_s"": ""611223""",TRUE,
"""foas2fsmlcsc-7 AND shipLocation_s:15642 AND businessUnit_s:Accu-Tech"", ""userName_s"": ""301951"", ""refNum_s"": ""611223""",TRUE,
"""foas2fsmlcsc AND shipLocation_s:15642 AND businessUnit_s:Accu-Tech"", ""userName_s"": ""301951"", ""refNum_s"": ""611223""",TRUE,
"""HDJ6A-54 AND shipLocation_s:13417 AND businessUnit_s:Accu-Tech"", ""userName_s"": ""310311"", ""refNum_s"": ""611214""",TRUE,
"""13902-715 AND shipLocation_s:16041 AND businessUnit_s:Accu-Tech"", ""userName_s"": ""331970"", ""refNum_s"": ""611203""",TRUE,
"""1041515AT* AND salesLocation_s:61962 AND shipLocation_s:16023 AND customerAccount_s:AC0186-3068 AND businessUnit_s:Accu-Tech"", ""userName_s"": ""Jennie Robinson"", ""refNum_s"": """"",TRUE,
"""CPP24WBLY AND shipLocation_s:12304 AND businessUnit_s:Accu-Tech"", ""userName_s"": ""327282"", ""refNum_s"": ""611133""",TRUE,
"""hub- AND shipLocation_s:15625 AND businessUnit_s:Accu-Tech"", ""userName_s"": ""307308"", ""refNum_s"": ""611204""",TRUE,
"""*:* AND transPartOrFilter:(transactablePart_s:1027147AT) AND salesLocation_s:62473 AND shipLocation_s:13429 AND customerAccount_s:AC0158-4873 AND businessUnit_s:Accu-Tech"", ""userName_s"": ""Davis Puckey"", ""refNum_s"": ""100077988""",TRUE,
"""RV6MJKUEW-B24 AND shipLocation_s:12114 AND businessUnit_s:Accu-Tech"", ""userName_s"": ""337344"", ""refNum_s"": ""611191""",TRUE,
"""LJSKB* AND salesLocation_s:62679 AND shipLocation_s:12908 AND customerAccount_s:AC0163-4527 AND businessUnit_s:Accu-Tech"", ""userName_s"": ""Josh DuFore"", ""refNum_s"": """"",TRUE,
"""WMCPE AND shipLocation_s:12304 AND businessUnit_s:Accu-Tech"", ""userName_s"": ""327282"", ""refNum_s"": ""611133""",TRUE,
"""CCH-CP12-A9 AND shipLocation_s:15642 AND businessUnit_s:Accu-Tech"", ""userName_s"": ""311815"", ""refNum_s"": ""611194""",TRUE,
"""IP08-24-2AW* AND salesLocation_s:61960 AND shipLocation_s:16043 AND customerAccount_s:AC0161-7232 AND businessUnit_s:Accu-Tech"", ""userName_s"": ""Cruz Hernandez"", ""refNum_s"": """"",TRUE,
"""ca AND shipLocation_s:15416 AND businessUnit_s:Accu-Tech"", ""userName_s"": ""233831"", ""refNum_s"": ""611141""",TRUE,
"""DCF5WH-X* AND salesLocation_s:62530 AND shipLocation_s:15642 AND customerAccount_s:AC0197-3668 AND businessUnit_s:Accu-Tech"", ""userName_s"": ""Greg Griffo"", ""refNum_s"": """"",TRUE,
"""LD5wh* AND salesLocation_s:62530 AND shipLocation_s:15642 AND customerAccount_s:AC0197-3668 AND businessUnit_s:Accu-Tech"", ""userName_s"": ""Greg Griffo"", ""refNum_s"": """"",TRUE,
"""cj6x88tgbu* AND businessUnit_s:Accu-Tech AND shipLocation_s:15428 AND advancedPartSearch:Y AND businessUnit_s:Accu-Tech"", ""userName_s"": """", ""refNum_s"": ""100012447""",TRUE,
"""1037158AT* AND salesLocation_s:62679 AND shipLocation_s:12908 AND customerAccount_s:AC0161-0931 AND businessUnit_s:Accu-Tech"", ""userName_s"": ""Sydnie Thompson"", ""refNum_s"": """"",TRUE,
"""ec AND businessUnit_s:Accu-Tech"", ""userName_s"": ""208904"", ""refNum_s"": """"",TRUE,
"""SOC-LCU-* AND salesLocation_s:62530 AND shipLocation_s:15642 AND customerAccount_s:AC0197-3668 AND businessUnit_s:Accu-Tech"", ""userName_s"": ""Greg Griffo"", ""refNum_s"": """"",TRUE,
"""pup6c04bu- AND shipLocation_s:12304 AND businessUnit_s:Accu-Tech"", ""userName_s"": ""327282"", ""refNum_s"": ""611133""",TRUE,
"""pup6c04bu AND shipLocation_s:12304 AND businessUnit_s:Accu-Tech"", ""userName_s"": ""327282"", ""refNum_s"": ""611133""",TRUE,
"""WP1800P AND shipLocation_s:15642 AND businessUnit_s:Accu-Tech"", ""userName_s"": ""313136"", ""refNum_s"": ""608447""",TRUE,
"""10642-00 AND businessUnit_s:Accu-Tech"", ""userName_s"": ""226022"", ""refNum_s"": """"",TRUE,
"""LAFS617-4200N AND shipLocation_s:12304 AND businessUnit_s:Accu-Tech"", ""userName_s"": ""233642"", ""refNum_s"": ""610894""",TRUE,
"""CG39870 AND shipLocation_s:15625 AND businessUnit_s:Accu-Tech"", ""userName_s"": ""307308"", ""refNum_s"": ""611080""",TRUE,
"""4\"" j hooks* AND businessUnit_s:Accu-Tech AND shipLocation_s:12114 AND advancedPartSearch:Y AND businessUnit_s:Accu-Tech"", ""userName_s"": """", ""refNum_s"": ""100012447""",TRUE,
"""810ll7 AND shipLocation_s:12304 AND businessUnit_s:Accu-Tech"", ""userName_s"": ""327282"", ""refNum_s"": ""611133""",TRUE,
"""31-3 AND shipLocation_s:12114 AND businessUnit_s:Accu-Tech"", ""userName_s"": ""337344"", ""refNum_s"": ""611148""",TRUE,
"""40300 AND shipLocation_s:12908 AND businessUnit_s:Accu-Tech"", ""userName_s"": ""233430"", ""refNum_s"": ""611168""",TRUE,
"""403 AND shipLocation_s:12908 AND businessUnit_s:Accu-Tech"", ""userName_s"": ""233430"", ""refNum_s"": ""611168""",TRUE,
"""5k-0601-5 AND shipLocation_s:12304 AND businessUnit_s:Accu-Tech"", ""userName_s"": ""327282"", ""refNum_s"": ""611133""",TRUE,
"""5k-06 AND shipLocation_s:12304 AND businessUnit_s:Accu-Tech"", ""userName_s"": ""327282"", ""refNum_s"": ""611133""",TRUE,
"""1508- AND shipLocation_s:15625 AND businessUnit_s:Accu-Tech"", ""userName_s"": ""239937"", ""refNum_s"": ""611129""",TRUE,
"""95-200-41* AND salesLocation_s:61997 AND shipLocation_s:12114 AND customerAccount_s:AC0158-0346 AND businessUnit_s:Accu-Tech"", ""userName_s"": ""Ignacio Torres"", ""refNum_s"": """"",TRUE,
"""41086-slw* AND salesLocation_s:61997 AND shipLocation_s:12114 AND customerAccount_s:AC0158-0346 AND businessUnit_s:Accu-Tech"", ""userName_s"": ""Ignacio Torres"", ""refNum_s"": """"",TRUE,
"""6a-272-2 AND shipLocation_s:12908 AND businessUnit_s:Accu-Tech"", ""userName_s"": ""321469"", ""refNum_s"": ""611158""",TRUE,
"""6a-272 AND shipLocation_s:12908 AND businessUnit_s:Accu-Tech"", ""userName_s"": ""321469"", ""refNum_s"": ""611158""",TRUE,
"""hj AND shipLocation_s:12908 AND businessUnit_s:Accu-Tech"", ""userName_s"": ""321469"", ""refNum_s"": ""611158""",TRUE,
"""A12106CH AND businessUnit_s:Accu-Tech"", ""userName_s"": ""226022"", ""refNum_s"": """"",TRUE,
"""7000149350* AND salesLocation_s:60001 AND shipLocation_s:12619 AND customerAccount_s:AC0069-7525 AND dcLocation_s:7302 AND businessUnit_s:WESCO"", ""userName_s"": ""John Allgaier"", ""refNum_s"": """"",FALSE,
"""jp2w-l20 AND businessUnit_s:Accu-Tech"", ""userName_s"": ""328476"", ""refNum_s"": ""611149""",TRUE,
"""cat21hpbcb* AND salesLocation_s:62474 AND shipLocation_s:13417 AND customerAccount_s:AC0158-6321 AND businessUnit_s:Accu-Tech"", ""userName_s"": ""Tyler Ballengee"", ""refNum_s"": """"",TRUE,
"""M21-1250-427 AND shipLocation_s:16011 AND businessUnit_s:Accu-Tech"", ""userName_s"": ""335361"", ""refNum_s"": ""611102""",TRUE,
"""85068* AND salesLocation_s:61171 AND shipLocation_s:12402 AND customerAccount_s:AC0001-5961 AND dcLocation_s:7302 AND businessUnit_s:WESCO"", ""userName_s"": ""Danny Jenkins"", ""refNum_s"": """"",FALSE,
"""es0219-0215* AND salesLocation_s:62530 AND shipLocation_s:15642 AND customerAccount_s:AC0158-5445 AND businessUnit_s:Accu-Tech"", ""userName_s"": ""Matt Duncan"", ""refNum_s"": """"",TRUE,
"""02 01 200* AND salesLocation_s:61171 AND shipLocation_s:12402 AND customerAccount_s:AC0001-5961 AND dcLocation_s:7302 AND businessUnit_s:WESCO"", ""userName_s"": ""Danny Jenkins"", ""refNum_s"": """"",FALSE,
"""LSS18BLK AND shipLocation_s:12304 AND businessUnit_s:Accu-Tech"", ""userName_s"": ""327282"", ""refNum_s"": ""611133""",TRUE,
"""012ku4- AND businessUnit_s:Accu-Tech"", ""userName_s"": ""328947"", ""refNum_s"": ""611132""",TRUE,
"""bc* AND businessUnit_s:Accu-Tech AND shipLocation_s:16043 AND advancedPartSearch:Y AND businessUnit_s:Accu-Tech"", ""userName_s"": """", ""refNum_s"": ""100012447""",TRUE,
"""UN874049914/10 AND businessUnit_s:Accu-Tech"", ""userName_s"": ""208739"", ""refNum_s"": ""610525""",TRUE,
"""ez-600- AND businessUnit_s:Accu-Tech"", ""userName_s"": ""332869"", ""refNum_s"": ""610055""",TRUE,
"""71338* AND salesLocation_s:62533 AND shipLocation_s:11102 AND customerAccount_s:AC0158-9243 AND businessUnit_s:Accu-Tech"", ""userName_s"": ""Steven King"", ""refNum_s"": """"",TRUE,
"""*:* AND transPartOrFilter:(transactablePart_s:1046995AT) AND salesLocation_s:62530 AND shipLocation_s:15642 AND customerAccount_s:AC0197-4500 AND businessUnit_s:Accu-Tech"", ""userName_s"": ""Matt Duncan"", ""refNum_s"": ""QU100030135""",TRUE,
"""NK4FIWY AND shipLocation_s:15642 AND businessUnit_s:Accu-Tech"", ""userName_s"": ""313136"", ""refNum_s"": ""608447""",TRUE,
"""760139899* AND salesLocation_s:62474 AND shipLocation_s:13417 AND customerAccount_s:AC0158-6317 AND businessUnit_s:Accu-Tech"", ""userName_s"": ""Kelly Szymanski"", ""refNum_s"": """"",TRUE,
"""p- AND businessUnit_s:Accu-Tech"", ""userName_s"": ""328947"", ""refNum_s"": ""611114""",TRUE,
"""6353C85H02* AND businessUnit_s:WESCO AND shipLocation_s:14507 AND advancedPartSearch:Y AND businessUnit_s:WESCO"", ""userName_s"": """", ""refNum_s"": ""100012447""",FALSE,
"""FDA222-10M AND businessUnit_s:Accu-Tech"", ""userName_s"": ""208739"", ""refNum_s"": ""610525""",TRUE,
"""12730-712 AND businessUnit_s:Accu-Tech"", ""userName_s"": ""328841"", ""refNum_s"": ""611108""",TRUE,
"""cat32hp AND shipLocation_s:16011 AND businessUnit_s:Accu-Tech"", ""userName_s"": ""335361"", ""refNum_s"": ""611102""",TRUE,
"""BCH32-W AND shipLocation_s:12304 AND businessUnit_s:Accu-Tech"", ""userName_s"": ""233642"", ""refNum_s"": ""611038""",TRUE,
"""77-240-48-VP AND shipLocation_s:16023 AND businessUnit_s:Accu-Tech"", ""userName_s"": ""312371"", ""refNum_s"": ""611103""",TRUE,
"""M512SO-07* AND salesLocation_s:62531 AND shipLocation_s:15625 AND customerAccount_s:AC0158-5094 AND businessUnit_s:Accu-Tech"", ""userName_s"": ""Christian Beaudet"", ""refNum_s"": """"",TRUE,
"""unj10g-bl* AND salesLocation_s:61996 AND shipLocation_s:12304 AND customerAccount_s:AC0158-0867 AND businessUnit_s:Accu-Tech"", ""userName_s"": ""Joel Goering"", ""refNum_s"": """"",TRUE,
"""760127969* AND businessUnit_s:Accu-Tech AND shipLocation_s:11411 AND advancedPartSearch:Y AND businessUnit_s:Accu-Tech"", ""userName_s"": """", ""refNum_s"": ""100012447""",TRUE,
"""*:* AND transPartOrFilter:(transactablePart_s:HND432A23) AND salesLocation_s:60001 AND shipLocation_s:12619 AND dcLocation_s:7302 AND customerAccount_s:AC0065-9441 AND businessUnit_s:WESCO"", ""userName_s"": ""Alisa Gelinas"", ""refNum_s"": ""QU100030055""",FALSE,
"""nk688mrd* AND salesLocation_s:62474 AND shipLocation_s:13417 AND customerAccount_s:AC0158-6321 AND businessUnit_s:Accu-Tech"", ""userName_s"": ""Tyler Ballengee"", ""refNum_s"": """"",TRUE,
"""760127969* AND businessUnit_s:Accu-Tech AND shipLocation_s:11411 AND advancedPartSearch:Y AND businessUnit_s:Accu-Tech"", ""userName_s"": """", ""refNum_s"": ""100012447""",TRUE,
"""p-hdm-m-2 AND shipLocation_s:15625 AND businessUnit_s:Accu-Tech"", ""userName_s"": ""307308"", ""refNum_s"": ""611080""",TRUE,
"""p-hdm-m AND shipLocation_s:15625 AND businessUnit_s:Accu-Tech"", ""userName_s"": ""307308"", ""refNum_s"": ""611080""",TRUE,
"""760258747 AND shipLocation_s:15009 AND businessUnit_s:Accu-Tech"", ""userName_s"": ""218875"", ""refNum_s"": ""611049""",TRUE,
"""392301* AND salesLocation_s:62531 AND shipLocation_s:15625 AND customerAccount_s:AC0158-5094 AND businessUnit_s:Accu-Tech"", ""userName_s"": ""Christian Beaudet"", ""refNum_s"": """"",TRUE,
"""DC-100P AND shipLocation_s:16043 AND businessUnit_s:Accu-Tech"", ""userName_s"": ""304249"", ""refNum_s"": ""609561""",TRUE,
"""sprgs AND shipLocation_s:15625 AND businessUnit_s:Accu-Tech"", ""userName_s"": ""307308"", ""refNum_s"": ""611080""",TRUE,
"""ex AND shipLocation_s:15625 AND businessUnit_s:Accu-Tech"", ""userName_s"": ""307308"", ""refNum_s"": ""611080""",TRUE,
"""b connectors* AND businessUnit_s:Accu-Tech AND shipLocation_s:16043 AND advancedPartSearch:Y AND businessUnit_s:Accu-Tech"", ""userName_s"": """", ""refNum_s"": ""100012447""",TRUE,
"""10610-019* AND businessUnit_s:Accu-Tech AND shipLocation_s:14611 AND advancedPartSearch:Y AND businessUnit_s:Accu-Tech"", ""userName_s"": """", ""refNum_s"": ""100012447""",TRUE,
"""658amj0041000 AND shipLocation_s:12304 AND businessUnit_s:Accu-Tech"", ""userName_s"": ""233642"", ""refNum_s"": ""611038""",TRUE,
"""OLQ25SBKC-003 AND shipLocation_s:15609 AND businessUnit_s:Accu-Tech"", ""userName_s"": ""226022"", ""refNum_s"": ""611065""",TRUE,
"""77-240-2a* AND salesLocation_s:62472 AND shipLocation_s:14506 AND customerAccount_s:AC0161-8436 AND businessUnit_s:Accu-Tech"", ""userName_s"": ""Steve Shannon"", ""refNum_s"": """"",TRUE,
"""80414-2W AND shipLocation_s:11726 AND businessUnit_s:Accu-Tech"", ""userName_s"": ""331169"", ""refNum_s"": ""610938""",TRUE,
"""FOAS2F AND shipLocation_s:14611 AND businessUnit_s:Accu-Tech"", ""userName_s"": ""223249"", ""refNum_s"": ""610902""",TRUE,
"""810-ll2-003* AND salesLocation_s:62681 AND shipLocation_s:14611 AND customerAccount_s:AC0160-4465 AND businessUnit_s:Accu-Tech"", ""userName_s"": ""Joshua Luffman"", ""refNum_s"": """"",TRUE,
"""HJ AND shipLocation_s:15609 AND businessUnit_s:Accu-Tech"", ""userName_s"": ""226022"", ""refNum_s"": ""611065""",TRUE,
"""CSD1X AND shipLocation_s:12304 AND businessUnit_s:Accu-Tech"", ""userName_s"": ""308638"", ""refNum_s"": ""611042""",TRUE,
"""cccc AND shipLocation_s:12304 AND businessUnit_s:Accu-Tech"", ""userName_s"": ""208904"", ""refNum_s"": ""611062""",TRUE,
"""6m110-005* AND salesLocation_s:62681 AND shipLocation_s:14611 AND customerAccount_s:AC0160-4465 AND businessUnit_s:Accu-Tech"", ""userName_s"": ""Joshua Luffman"", ""refNum_s"": """"",TRUE,
"""6300ue* AND businessUnit_s:Accu-Tech AND shipLocation_s:14506 AND advancedPartSearch:Y AND businessUnit_s:Accu-Tech"", ""userName_s"": """", ""refNum_s"": ""100012447""",TRUE,
"""ZC64E2SB- AND shipLocation_s:14611 AND businessUnit_s:Accu-Tech"", ""userName_s"": ""223249"", ""refNum_s"": ""610902""",TRUE,
"""ZC AND shipLocation_s:14611 AND businessUnit_s:Accu-Tech"", ""userName_s"": ""223249"", ""refNum_s"": ""610902""",TRUE,
"""RMEH4BL AND businessUnit_s:Accu-Tech"", ""userName_s"": ""208904"", ""refNum_s"": """"",TRUE,
"""CJ688TGBL AND shipLocation_s:14611 AND businessUnit_s:Accu-Tech"", ""userName_s"": ""223249"", ""refNum_s"": ""610902""",TRUE,
"""006E81* AND salesLocation_s:62746 AND shipLocation_s:15428 AND customerAccount_s:AC0159-1428 AND businessUnit_s:Accu-Tech"", ""userName_s"": ""Robert Bodnar"", ""refNum_s"": """"",TRUE,
"""258 AND shipLocation_s:15819 AND businessUnit_s:Accu-Tech"", ""userName_s"": ""237306"", ""refNum_s"": ""611024""",TRUE,
"""GT50X60C2* AND salesLocation_s:62473 AND shipLocation_s:13429 AND customerAccount_s:AC0158-6194 AND businessUnit_s:Accu-Tech"", ""userName_s"": ""John-Riley Hathcock"", ""refNum_s"": """"",TRUE,
"""rb125100a* AND salesLocation_s:60697 AND shipLocation_s:16014 AND customerAccount_s:AC0000-0821 AND dcLocation_s:5689 AND businessUnit_s:WESCO"", ""userName_s"": ""Jennifer Lee"", ""refNum_s"": """"",FALSE,
"""41641-W AND shipLocation_s:11726 AND businessUnit_s:Accu-Tech"", ""userName_s"": ""331169"", ""refNum_s"": ""610938""",TRUE,
"""AX102262* AND salesLocation_s:62679 AND shipLocation_s:12908 AND customerAccount_s:AC0163-4527 AND businessUnit_s:Accu-Tech"", ""userName_s"": ""Josh DuFore"", ""refNum_s"": """"",TRUE,
"""\""B 907 10\""* AND businessUnit_s:WESCO AND shipLocation_s:14001 AND mfgPartNumberFilter:Y AND advancedPartSearch:Y AND businessUnit_s:WESCO"", ""userName_s"": """", ""refNum_s"": ""100012447""",FALSE,
"""B 907 10* AND businessUnit_s:WESCO AND shipLocation_s:14001 AND advancedPartSearch:Y AND businessUnit_s:WESCO"", ""userName_s"": """", ""refNum_s"": ""100012447""",FALSE,
"""555482-1 AND shipLocation_s:15416 AND businessUnit_s:Accu-Tech"", ""userName_s"": ""332907"", ""refNum_s"": ""610191""",TRUE,
"""012T8P-31190-29 AND shipLocation_s:14611 AND businessUnit_s:Accu-Tech"", ""userName_s"": ""339347"", ""refNum_s"": ""610584""",TRUE,
"""T00027572* AND salesLocation_s:60829 AND shipLocation_s:14507 AND customerAccount_s:AC0156-0164 AND dcLocation_s:7303 AND businessUnit_s:WESCO"", ""userName_s"": ""Kelsea Kluttz"", ""refNum_s"": """"",FALSE,
"""USC-B5-TR22* AND salesLocation_s:60829 AND shipLocation_s:14507 AND customerAccount_s:AC0156-0164 AND dcLocation_s:7303 AND businessUnit_s:WESCO"", ""userName_s"": ""Kelsea Kluttz"", ""refNum_s"": """"",FALSE,
"""CC-SC-4-12 AND businessUnit_s:Accu-Tech"", ""userName_s"": ""328842"", ""refNum_s"": ""609003""",TRUE,
"""42080-4WP AND shipLocation_s:16043 AND businessUnit_s:Accu-Tech"", ""userName_s"": ""304249"", ""refNum_s"": ""610404""",TRUE,
"""11301-001 AND shipLocation_s:16043 AND businessUnit_s:Accu-Tech"", ""userName_s"": ""237291"", ""refNum_s"": ""611012""",TRUE,
"""012E8F-31131-29 AND shipLocation_s:12114 AND businessUnit_s:Accu-Tech"", ""userName_s"": ""337344"", ""refNum_s"": ""611015""",TRUE,
"""*:* AND transPartOrFilter:(transactablePart_s:1056982AT) AND salesLocation_s:62530 AND shipLocation_s:15642 AND customerAccount_s:AC0200-4583 AND businessUnit_s:Accu-Tech"", ""userName_s"": ""Greg Griffo"", ""refNum_s"": ""QU100030076""",TRUE,
"""78075189 AND shipLocation_s:14506 AND businessUnit_s:Accu-Tech"", ""userName_s"": ""209989"", ""refNum_s"": ""611003""",TRUE,
"""7807 AND shipLocation_s:14506 AND businessUnit_s:Accu-Tech"", ""userName_s"": ""209989"", ""refNum_s"": ""611003""",TRUE,
"""5f100-2il AND shipLocation_s:14611 AND businessUnit_s:Accu-Tech"", ""userName_s"": ""303596"", ""refNum_s"": ""611008""",TRUE,
"""205KNF9SA-09* AND salesLocation_s:62473 AND shipLocation_s:13429 AND customerAccount_s:AC0158-6194 AND businessUnit_s:Accu-Tech"", ""userName_s"": ""John-Riley Hathcock"", ""refNum_s"": """"",TRUE,
"""SP6U24* AND salesLocation_s:62473 AND shipLocation_s:13429 AND customerAccount_s:AC0158-6194 AND businessUnit_s:Accu-Tech"", ""userName_s"": ""John-Riley Hathcock"", ""refNum_s"": """"",TRUE,
"""SP6A-S1-02 AND shipLocation_s:16023 AND businessUnit_s:Accu-Tech"", ""userName_s"": ""339483"", ""refNum_s"": ""611001""",TRUE,
"""cg AND shipLocation_s:16043 AND businessUnit_s:Accu-Tech"", ""userName_s"": ""304249"", ""refNum_s"": ""610917""",TRUE,
"""RAF10WH-X* AND salesLocation_s:62680 AND shipLocation_s:14205 AND customerAccount_s:AC0161-5724 AND businessUnit_s:Accu-Tech"", ""userName_s"": ""Sean Stazen"", ""refNum_s"": """"",TRUE,
"""065-1120* AND shipLocation_s:11411 AND customerAccount_s:AC0159-7685 AND businessUnit_s:Accu-Tech AND advancedPartSearch:Y"", ""userName_s"": ""Shane Linden"", ""refNum_s"": ""100077246""",FALSE,
"""048E88-61131-A3 AND shipLocation_s:11411 AND businessUnit_s:Accu-Tech"", ""userName_s"": ""334543"", ""refNum_s"": ""608583""",TRUE,
"""4g2 AND shipLocation_s:11726 AND businessUnit_s:Accu-Tech"", ""userName_s"": ""302568"", ""refNum_s"": ""610989""",TRUE,
"""006T8P* AND businessUnit_s:Accu-Tech AND shipLocation_s:14611 AND advancedPartSearch:Y AND businessUnit_s:Accu-Tech"", ""userName_s"": """", ""refNum_s"": ""100012447""",TRUE,
"""63 AND shipLocation_s:11726 AND businessUnit_s:Accu-Tech"", ""userName_s"": ""302568"", ""refNum_s"": ""610989""",TRUE,
"""6300 AND shipLocation_s:11726 AND businessUnit_s:Accu-Tech"", ""userName_s"": ""302568"", ""refNum_s"": ""610989""",TRUE,
"""AP10010* AND salesLocation_s:62530 AND shipLocation_s:15642 AND customerAccount_s:AC0161-7268 AND businessUnit_s:Accu-Tech"", ""userName_s"": ""Billy Caine"", ""refNum_s"": """"",TRUE,
"""ap10010* AND salesLocation_s:62530 AND shipLocation_s:15642 AND customerAccount_s:AC0161-7268 AND businessUnit_s:Accu-Tech"", ""userName_s"": ""Billy Caine"", ""refNum_s"": """"",TRUE,
"""pcd-070 AND businessUnit_s:Accu-Tech"", ""userName_s"": ""215336"", ""refNum_s"": """"",TRUE,
"""5051043* AND salesLocation_s:60627 AND shipLocation_s:14507 AND customerAccount_s:AC0018-0401 AND dcLocation_s:7303 AND businessUnit_s:WESCO"", ""userName_s"": ""John Van Vactor"", ""refNum_s"": """"",FALSE,
"""PNM-C16083RVQ AND shipLocation_s:12114 AND businessUnit_s:Accu-Tech"", ""userName_s"": ""337344"", ""refNum_s"": ""610970""",TRUE,
"""NKU6PC10BU AND shipLocation_s:11411 AND businessUnit_s:Accu-Tech"", ""userName_s"": ""210666"", ""refNum_s"": ""610925""",TRUE,
"""16302 AND businessUnit_s:Accu-Tech"", ""userName_s"": ""325146"", ""refNum_s"": """"",TRUE,
"""IM771PU AND businessUnit_s:Accu-Tech"", ""userName_s"": ""307091"", ""refNum_s"": ""609267""",TRUE,
"""cp- AND shipLocation_s:16023 AND businessUnit_s:Accu-Tech"", ""userName_s"": ""339483"", ""refNum_s"": ""610850""",TRUE,
"""DWC-V1CNMW AND shipLocation_s:12908 AND businessUnit_s:Accu-Tech"", ""userName_s"": ""321469"", ""refNum_s"": ""610954""",TRUE,
"""88760 AND shipLocation_s:14611 AND businessUnit_s:Accu-Tech"", ""userName_s"": ""303596"", ""refNum_s"": ""610959""",TRUE,
"""1039388AT* AND salesLocation_s:61998 AND shipLocation_s:13002 AND customerAccount_s:AC0161-9278 AND businessUnit_s:Accu-Tech"", ""userName_s"": ""JR Luck"", ""refNum_s"": """"",TRUE,
"""9503009* AND salesLocation_s:61171 AND shipLocation_s:12402 AND customerAccount_s:AC0001-5961 AND dcLocation_s:7302 AND businessUnit_s:WESCO"", ""userName_s"": ""Aiereona Palmer"", ""refNum_s"": """"",FALSE,
"""6a-246- AND shipLocation_s:15416 AND businessUnit_s:Accu-Tech"", ""userName_s"": ""233831"", ""refNum_s"": ""610941""",TRUE,
"""6a- AND shipLocation_s:15416 AND businessUnit_s:Accu-Tech"", ""userName_s"": ""233831"", ""refNum_s"": ""610941""",TRUE,
"""CC-PS-8-396FN AND shipLocation_s:12304 AND businessUnit_s:Accu-Tech"", ""userName_s"": ""233642"", ""refNum_s"": ""610894""",TRUE,
"""5F100-2Qc AND shipLocation_s:16043 AND businessUnit_s:Accu-Tech"", ""userName_s"": ""325146"", ""refNum_s"": ""603042""",TRUE,
"""PUP6C04YL-WLPZ AND shipLocation_s:14506 AND businessUnit_s:Accu-Tech"", ""userName_s"": ""209989"", ""refNum_s"": ""610632""",TRUE,
"""TRD632ASFLAT-B* AND salesLocation_s:62474 AND shipLocation_s:13417 AND customerAccount_s:AC0158-6315 AND businessUnit_s:Accu-Tech"", ""userName_s"": ""Tyler Ballengee"", ""refNum_s"": """"",TRUE,
"""*:* AND transPartOrFilter:(transactablePart_s:1004386AT) AND salesLocation_s:62682 AND shipLocation_s:15819 AND customerAccount_s:AC0158-4571 AND businessUnit_s:Accu-Tech"", ""userName_s"": ""Jeremy Smith"", ""refNum_s"": ""100077688""",TRUE,
"""576-A45-005 AND shipLocation_s:13429 AND businessUnit_s:Accu-Tech"", ""userName_s"": ""322566"", ""refNum_s"": ""605262""",TRUE,
"""nk2bxwh* AND salesLocation_s:62474 AND shipLocation_s:13417 AND customerAccount_s:AC0158-6335 AND businessUnit_s:Accu-Tech"", ""userName_s"": ""Kelly Szymanski"", ""refNum_s"": """"",TRUE,
"""12f_om3_i AND shipLocation_s:11102 AND businessUnit_s:Accu-Tech"", ""userName_s"": ""238320"", ""refNum_s"": ""610908""",TRUE,
"""31090* AND salesLocation_s:61960 AND shipLocation_s:16043 AND customerAccount_s:AC0158-0571 AND businessUnit_s:Accu-Tech"", ""userName_s"": ""Alton Balentine"", ""refNum_s"": """"",TRUE,
"""576-A45-001 AND shipLocation_s:13429 AND businessUnit_s:Accu-Tech"", ""userName_s"": ""322566"", ""refNum_s"": ""605262""",TRUE,
"""IS-50NX-C2-MA AND shipLocation_s:12304 AND businessUnit_s:Accu-Tech"", ""userName_s"": ""233642"", ""refNum_s"": ""610894""",TRUE,
"""nk688mwh* AND salesLocation_s:62474 AND shipLocation_s:13417 AND customerAccount_s:AC0158-6335 AND businessUnit_s:Accu-Tech"", ""userName_s"": ""Kelly Szymanski"", ""refNum_s"": """"",TRUE,
"""nk688mwh* AND salesLocation_s:62474 AND shipLocation_s:13417 AND customerAccount_s:AC0158-6335 AND businessUnit_s:Accu-Tech"", ""userName_s"": ""Kelly Szymanski"", ""refNum_s"": """"",TRUE,
"""42D00612TEBSFWN AND shipLocation_s:13603 AND businessUnit_s:Accu-Tech"", ""userName_s"": ""227835"", ""refNum_s"": ""570294""",TRUE,
"""760148 AND shipLocation_s:15642 AND businessUnit_s:Accu-Tech"", ""userName_s"": ""208850"", ""refNum_s"": ""610892""",TRUE,
"""rj11* AND salesLocation_s:61997 AND shipLocation_s:12114 AND customerAccount_s:AC0158-0346 AND businessUnit_s:Accu-Tech"", ""userName_s"": ""Ignacio Torres"", ""refNum_s"": """"",TRUE,
"""ADXV-R-3378P-U AND shipLocation_s:12304 AND businessUnit_s:Accu-Tech"", ""userName_s"": ""233642"", ""refNum_s"": ""610894""",TRUE,
"""LCF12-50J AND shipLocation_s:12304 AND businessUnit_s:Accu-Tech"", ""userName_s"": ""233642"", ""refNum_s"": ""610894""",TRUE,
"""121 AND shipLocation_s:11102 AND businessUnit_s:Accu-Tech"", ""userName_s"": ""238320"", ""refNum_s"": ""610908""",TRUE,
"""76020727 AND shipLocation_s:15642 AND businessUnit_s:Accu-Tech"", ""userName_s"": ""208850"", ""refNum_s"": ""610892""",TRUE,
"""76024 AND shipLocation_s:15642 AND businessUnit_s:Accu-Tech"", ""userName_s"": ""208850"", ""refNum_s"": ""610892""",TRUE,
"""77-240-2a* AND salesLocation_s:62474 AND shipLocation_s:13417 AND customerAccount_s:AC0158-6335 AND businessUnit_s:Accu-Tech"", ""userName_s"": ""Kelly Szymanski"", ""refNum_s"": """"",TRUE,
"""D6UP-D151000 AND shipLocation_s:15642 AND businessUnit_s:Accu-Tech"", ""userName_s"": ""313136"", ""refNum_s"": ""610893""",TRUE,
"""cch-cp06-a9* AND salesLocation_s:61999 AND shipLocation_s:13603 AND customerAccount_s:AC0162-3324 AND businessUnit_s:Accu-Tech"", ""userName_s"": ""John Hug"", ""refNum_s"": """"",TRUE,
"""KS6A AND shipLocation_s:11411 AND businessUnit_s:Accu-Tech"", ""userName_s"": ""302766"", ""refNum_s"": ""610890""",TRUE,
"""012E8F-31131-29* AND businessUnit_s:Accu-Tech AND shipLocation_s:12114 AND advancedPartSearch:Y AND businessUnit_s:Accu-Tech"", ""userName_s"": """", ""refNum_s"": ""100012447""",TRUE,
"""Cmbbl-x AND shipLocation_s:15416 AND businessUnit_s:Accu-Tech"", ""userName_s"": ""328811"", ""refNum_s"": ""610888""",TRUE,
"""L4024KK1Q AND shipLocation_s:16011 AND businessUnit_s:Accu-Tech"", ""userName_s"": ""322620"", ""refNum_s"": ""610880""",TRUE,
"""2315191* AND salesLocation_s:60682 AND shipLocation_s:15408 AND customerAccount_s:AC0067-2995 AND dcLocation_s:7305 AND businessUnit_s:WESCO"", ""userName_s"": ""Brian Wortmann"", ""refNum_s"": """"",FALSE,
"""A8R86* AND salesLocation_s:60682 AND shipLocation_s:15408 AND customerAccount_s:AC0010-6411 AND dcLocation_s:7305 AND businessUnit_s:WESCO"", ""userName_s"": ""Nicholas Garets"", ""refNum_s"": """"",FALSE,
"""L4048K401 AND shipLocation_s:16011 AND businessUnit_s:Accu-Tech"", ""userName_s"": ""322620"", ""refNum_s"": ""610880""",TRUE,
"""SRW12U AND shipLocation_s:16011 AND businessUnit_s:Accu-Tech"", ""userName_s"": ""335361"", ""refNum_s"": ""610789""",TRUE,
"""C12C12* AND salesLocation_s:60682 AND shipLocation_s:15408 AND customerAccount_s:AC0010-6411 AND dcLocation_s:7305 AND businessUnit_s:WESCO"", ""userName_s"": ""Nicholas Garets"", ""refNum_s"": """"",FALSE,
"""*:* AND transPartOrFilter:(transactablePart_s:BE3Z97898 OR transactablePart_s:BE3Z8YZ93 OR transactablePart_s:BE3Z8Y622) AND salesLocation_s:61171 AND shipLocation_s:12402 AND dcLocation_s:7302 AND customerAccount_s:AC0001-5961 AND businessUnit_s:WESCO"", ""userName_s"": ""Aiereona Palmer"", ""refNum_s"": ""QU100030122""",FALSE,
"""10250-718* AND salesLocation_s:61962 AND shipLocation_s:16023 AND customerAccount_s:AC0158-0388 AND businessUnit_s:Accu-Tech"", ""userName_s"": ""Calvin Armstrong"", ""refNum_s"": """"",TRUE,
"""713 AND shipLocation_s:15642 AND businessUnit_s:Accu-Tech"", ""userName_s"": ""313136"", ""refNum_s"": ""610859""",TRUE,
"""040402G5120001M AND shipLocation_s:16011 AND businessUnit_s:Accu-Tech"", ""userName_s"": ""335361"", ""refNum_s"": ""610789""",TRUE,
"""95-050-99-x* AND salesLocation_s:62531 AND shipLocation_s:15625 AND customerAccount_s:AC0158-5016 AND businessUnit_s:Accu-Tech"", ""userName_s"": ""Christian Beaudet"", ""refNum_s"": """"",TRUE,
"""SB-17-* AND salesLocation_s:61997 AND shipLocation_s:12114 AND customerAccount_s:AC0196-2785 AND businessUnit_s:Accu-Tech"", ""userName_s"": ""Melisha Savage"", ""refNum_s"": """"",TRUE,
"""808077 AND shipLocation_s:14509 AND businessUnit_s:Accu-Tech"", ""userName_s"": ""316066"", ""refNum_s"": ""610852""",TRUE,
"""8006671-PLP AND shipLocation_s:14509 AND businessUnit_s:Accu-Tech"", ""userName_s"": ""316066"", ""refNum_s"": ""610852""",TRUE,
"""760105429 AND businessUnit_s:Accu-Tech"", ""userName_s"": ""233601"", ""refNum_s"": """"",TRUE,
"""2806031-01 AND shipLocation_s:14509 AND businessUnit_s:Accu-Tech"", ""userName_s"": ""316066"", ""refNum_s"": ""610852""",TRUE,
"""884045804/10 AND shipLocation_s:15609 AND businessUnit_s:Accu-Tech"", ""userName_s"": ""337705"", ""refNum_s"": ""610152""",TRUE,
"""EQ02U-CHC AND shipLocation_s:13429 AND businessUnit_s:Accu-Tech"", ""userName_s"": ""307614"", ""refNum_s"": ""610848""",TRUE,
"""LYNX3-LCUPC-SM-250900 AND shipLocation_s:12908 AND businessUnit_s:Accu-Tech"", ""userName_s"": ""233430"", ""refNum_s"": ""610847""",TRUE,
"""2413010* AND businessUnit_s:Accu-Tech AND shipLocation_s:11726 AND advancedPartSearch:Y AND businessUnit_s:Accu-Tech"", ""userName_s"": """", ""refNum_s"": ""100012447""",TRUE,
"""foas2fsmlcsc-1m* AND salesLocation_s:62530 AND shipLocation_s:15642 AND customerAccount_s:AC0158-1151 AND businessUnit_s:Accu-Tech"", ""userName_s"": ""Matt Duncan"", ""refNum_s"": """"",TRUE,
"""UNDERMIN25* AND salesLocation_s:62679 AND shipLocation_s:12908 AND customerAccount_s:AC0158-4229 AND businessUnit_s:Accu-Tech"", ""userName_s"": ""JR Luck"", ""refNum_s"": """"",TRUE,
"""077-2089/1WH AND shipLocation_s:14611 AND businessUnit_s:Accu-Tech"", ""userName_s"": ""226411"", ""refNum_s"": ""610615""",TRUE,
"""*:* AND transPartOrFilter:(transactablePart_s:1039194AT) AND salesLocation_s:62530 AND shipLocation_s:15642 AND customerAccount_s:AC0160-7718 AND businessUnit_s:Accu-Tech"", ""userName_s"": ""Matt Duncan"", ""refNum_s"": ""QU100030113""",TRUE,
"""077-2102/25GR AND shipLocation_s:14611 AND businessUnit_s:Accu-Tech"", ""userName_s"": ""226411"", ""refNum_s"": ""610615""",TRUE,
"""077-2075/10GR AND shipLocation_s:14611 AND businessUnit_s:Accu-Tech"", ""userName_s"": ""226411"", ""refNum_s"": ""610615""",TRUE,
"""CCH-CP24-E4 AND shipLocation_s:14611 AND businessUnit_s:Accu-Tech"", ""userName_s"": ""339347"", ""refNum_s"": ""609999""",TRUE,
"""040402G5120003M* AND salesLocation_s:62532 AND shipLocation_s:11726 AND customerAccount_s:AC0158-0704 AND businessUnit_s:Accu-Tech"", ""userName_s"": ""Foster Burch"", ""refNum_s"": """"",TRUE,
"""TEG- AND shipLocation_s:16011 AND businessUnit_s:Accu-Tech"", ""userName_s"": ""322620"", ""refNum_s"": ""610702""",TRUE,
"""sph-01p* AND salesLocation_s:62474 AND shipLocation_s:13417 AND customerAccount_s:AC0158-6321 AND businessUnit_s:Accu-Tech"", ""userName_s"": ""Tyler Ballengee"", ""refNum_s"": """"",TRUE,
"""35571-703* AND salesLocation_s:62532 AND shipLocation_s:11726 AND customerAccount_s:AC0158-0704 AND businessUnit_s:Accu-Tech"", ""userName_s"": ""Foster Burch"", ""refNum_s"": """"",TRUE,
"""024T8P-31190-29 AND shipLocation_s:14611 AND businessUnit_s:Accu-Tech"", ""userName_s"": ""339347"", ""refNum_s"": ""609999""",TRUE,
"""3396-708 AND shipLocation_s:11411 AND businessUnit_s:Accu-Tech"", ""userName_s"": ""302766"", ""refNum_s"": ""610799""",TRUE,
"""SRT192RMBP AND shipLocation_s:11411 AND businessUnit_s:Accu-Tech"", ""userName_s"": ""302766"", ""refNum_s"": ""610799""",TRUE,
"""cogll1dap-05 AND shipLocation_s:14611 AND businessUnit_s:Accu-Tech"", ""userName_s"": ""240568"", ""refNum_s"": ""610546""",TRUE,
"""cat AND shipLocation_s:12908 AND businessUnit_s:Accu-Tech"", ""userName_s"": ""210252"", ""refNum_s"": ""610835""",TRUE,
"""10642-001 AND shipLocation_s:11411 AND businessUnit_s:Accu-Tech"", ""userName_s"": ""302766"", ""refNum_s"": ""610799""",TRUE,
"""LBP-LCLC5B AND shipLocation_s:14611 AND businessUnit_s:Accu-Tech"", ""userName_s"": ""223249"", ""refNum_s"": ""610746""",TRUE,
"""MJSPVPFF-003M-B AND shipLocation_s:14611 AND businessUnit_s:Accu-Tech"", ""userName_s"": ""223249"", ""refNum_s"": ""610746""",TRUE,
"""L4012KW01 AND shipLocation_s:16011 AND businessUnit_s:Accu-Tech"", ""userName_s"": ""335361"", ""refNum_s"": ""610789""",TRUE,
"""5R4UM-F12 AND shipLocation_s:15625 AND businessUnit_s:Accu-Tech"", ""userName_s"": ""329187"", ""refNum_s"": ""610237""",TRUE,
"""51-499-48 AND shipLocation_s:15625 AND businessUnit_s:Accu-Tech"", ""userName_s"": ""329187"", ""refNum_s"": ""610237""",TRUE,
"""6200ue AND shipLocation_s:15642 AND businessUnit_s:Accu-Tech"", ""userName_s"": ""311815"", ""refNum_s"": ""610645""",TRUE,
"""5200UE AND shipLocation_s:15642 AND businessUnit_s:Accu-Tech"", ""userName_s"": ""311815"", ""refNum_s"": ""610645""",TRUE,
"""CEX6AP8F1B-CGY005F AND shipLocation_s:11411 AND businessUnit_s:Accu-Tech"", ""userName_s"": ""302766"", ""refNum_s"": ""610799""",TRUE,
"""7131100* AND salesLocation_s:62474 AND shipLocation_s:13417 AND customerAccount_s:AC0158-6321 AND businessUnit_s:Accu-Tech"", ""userName_s"": ""Tyler Ballengee"", ""refNum_s"": """"",TRUE,
"""EWMW362430* AND salesLocation_s:62473 AND shipLocation_s:13429 AND customerAccount_s:AC0158-6194 AND businessUnit_s:Accu-Tech"", ""userName_s"": ""John-Riley Hathcock"", ""refNum_s"": """"",TRUE,
"""ic6-8a-15-01 AND shipLocation_s:14611 AND businessUnit_s:Accu-Tech"", ""userName_s"": ""226411"", ""refNum_s"": ""610615""",TRUE,
"""Femaleâ€‘toâ€‘Male 25â€‘Pair Telco Cable AND shipLocation_s:16011 AND businessUnit_s:Accu-Tech"", ""userName_s"": ""322620"", ""refNum_s"": ""610775""",TRUE,
"""CBC1923-4310* AND salesLocation_s:62745 AND shipLocation_s:15009 AND customerAccount_s:AC0159-4667 AND businessUnit_s:Accu-Tech"", ""userName_s"": ""Theresa Agoo"", ""refNum_s"": """"",TRUE,
"""41086-Mg AND shipLocation_s:11305 AND businessUnit_s:Accu-Tech"", ""userName_s"": ""337844"", ""refNum_s"": ""610815""",TRUE,
"""M58292B* AND businessUnit_s:Accu-Tech AND shipLocation_s:12114 AND advancedPartSearch:Y AND businessUnit_s:Accu-Tech"", ""userName_s"": """", ""refNum_s"": ""100012447""",TRUE,
"""MX-FP-S-02-02 AND shipLocation_s:14611 AND businessUnit_s:Accu-Tech"", ""userName_s"": ""226411"", ""refNum_s"": ""610615""",TRUE,
"""u6a-k02 AND shipLocation_s:14611 AND businessUnit_s:Accu-Tech"", ""userName_s"": ""226411"", ""refNum_s"": ""610615""",TRUE,
"""CJ688TGYL-2 AND shipLocation_s:15414 AND businessUnit_s:Accu-Tech"", ""userName_s"": ""216112"", ""refNum_s"": ""610739""",TRUE,
"""LBP-LCLC5V-18AQ AND shipLocation_s:14611 AND businessUnit_s:Accu-Tech"", ""userName_s"": ""223249"", ""refNum_s"": ""610746""",TRUE,
"""LBP-LCLC5V-16AQ AND shipLocation_s:14611 AND businessUnit_s:Accu-Tech"", ""userName_s"": ""223249"", ""refNum_s"": ""610746""",TRUE,
"""Foas2f10Glcsc- AND shipLocation_s:12304 AND businessUnit_s:Accu-Tech"", ""userName_s"": ""308638"", ""refNum_s"": ""610792""",TRUE,
"""Foas2fL AND shipLocation_s:12304 AND businessUnit_s:Accu-Tech"", ""userName_s"": ""308638"", ""refNum_s"": ""610792""",TRUE,
"""Foas2fLCSC- AND shipLocation_s:12304 AND businessUnit_s:Accu-Tech"", ""userName_s"": ""308638"", ""refNum_s"": ""610792""",TRUE,
"""KT2J6A-43* AND salesLocation_s:62532 AND shipLocation_s:11726 AND customerAccount_s:AC0158-5743 AND businessUnit_s:Accu-Tech"", ""userName_s"": ""Foster Burch"", ""refNum_s"": """"",TRUE,
"""FT6TRBE12* AND salesLocation_s:61999 AND shipLocation_s:13603 AND customerAccount_s:AC0159-9201 AND businessUnit_s:Accu-Tech"", ""userName_s"": ""Zachary Boyd"", ""refNum_s"": """"",TRUE,
"""fp-lbl AND shipLocation_s:11411 AND businessUnit_s:Accu-Tech"", ""userName_s"": ""302766"", ""refNum_s"": ""610799""",TRUE,
"""WP185-1000 AND shipLocation_s:16043 AND businessUnit_s:Accu-Tech"", ""userName_s"": ""227199"", ""refNum_s"": ""610647""",TRUE,
"""CJ688TGY AND shipLocation_s:15414 AND businessUnit_s:Accu-Tech"", ""userName_s"": ""216112"", ""refNum_s"": ""610739""",TRUE,
"""6088 AND businessUnit_s:Accu-Tech"", ""userName_s"": ""332907"", ""refNum_s"": """"",TRUE,
"""12f lc* AND businessUnit_s:Accu-Tech AND shipLocation_s:16041 AND advancedPartSearch:Y AND businessUnit_s:Accu-Tech"", ""userName_s"": """", ""refNum_s"": ""100012447""",TRUE,
"""lynx3-LCUPC AND businessUnit_s:Accu-Tech"", ""userName_s"": ""310311"", ""refNum_s"": """"",TRUE,
"""lynx3-LC AND businessUnit_s:Accu-Tech"", ""userName_s"": ""310311"", ""refNum_s"": """"",TRUE,
"""048 AND shipLocation_s:11411 AND businessUnit_s:Accu-Tech"", ""userName_s"": ""228294"", ""refNum_s"": ""605998""",TRUE,
"""NIT-CLD90-532 AND shipLocation_s:16011 AND businessUnit_s:Accu-Tech"", ""userName_s"": ""335361"", ""refNum_s"": ""610789""",TRUE,
"""JMjh AND shipLocation_s:16023 AND businessUnit_s:Accu-Tech"", ""userName_s"": ""326749"", ""refNum_s"": ""610748""",TRUE,
"""JMJH4 AND shipLocation_s:16023 AND businessUnit_s:Accu-Tech"", ""userName_s"": ""326749"", ""refNum_s"": ""610748""",TRUE,
"""cs37r-6w* AND businessUnit_s:Accu-Tech AND shipLocation_s:14506 AND advancedPartSearch:Y AND businessUnit_s:Accu-Tech"", ""userName_s"": """", ""refNum_s"": ""100012447""",TRUE,
"""cs34r-6w* AND businessUnit_s:Accu-Tech AND shipLocation_s:14506 AND advancedPartSearch:Y AND businessUnit_s:Accu-Tech"", ""userName_s"": """", ""refNum_s"": ""100012447""",TRUE,
"""760092452* AND salesLocation_s:62473 AND shipLocation_s:13429 AND customerAccount_s:AC0158-6073 AND businessUnit_s:Accu-Tech"", ""userName_s"": ""Davis Puckey"", ""refNum_s"": """"",TRUE,
"""#6_s AND shipLocation_s:15642 AND businessUnit_s:Accu-Tech"", ""userName_s"": ""223895"", ""refNum_s"": ""610686""",TRUE,
"""CG39710 AND shipLocation_s:12908 AND businessUnit_s:Accu-Tech"", ""userName_s"": ""233430"", ""refNum_s"": ""610784""",TRUE,
"""LYNX3LCPCOM3250900 AND shipLocation_s:13603 AND businessUnit_s:Accu-Tech"", ""userName_s"": ""236163"", ""refNum_s"": ""610783""",TRUE,
"""7602447 AND shipLocation_s:16023 AND businessUnit_s:Accu-Tech"", ""userName_s"": ""208907"", ""refNum_s"": ""610757""",TRUE,
"""BE3979855* AND salesLocation_s:61138 AND shipLocation_s:11204 AND customerAccount_s:AC0059-8008 AND dcLocation_s:7302 AND businessUnit_s:WESCO"", ""userName_s"": ""zPranitha Gilla"", ""refNum_s"": """"",FALSE,
"""1212005 AND shipLocation_s:16011 AND businessUnit_s:Accu-Tech"", ""userName_s"": ""329137"", ""refNum_s"": ""610722""",TRUE,
"""30139-719* AND salesLocation_s:62530 AND shipLocation_s:15642 AND customerAccount_s:AC0197-3668 AND businessUnit_s:Accu-Tech"", ""userName_s"": ""Greg Griffo"", ""refNum_s"": """"",TRUE,
"""unc6-bl- AND shipLocation_s:16023 AND businessUnit_s:Accu-Tech"", ""userName_s"": ""208907"", ""refNum_s"": ""610757""",TRUE,
"""CS34P AND shipLocation_s:16023 AND businessUnit_s:Accu-Tech"", ""userName_s"": ""208907"", ""refNum_s"": ""610757""",TRUE,
"""CAD1106005* AND salesLocation_s:62530 AND shipLocation_s:15642 AND customerAccount_s:AC0197-3668 AND businessUnit_s:Accu-Tech"", ""userName_s"": ""Greg Griffo"", ""refNum_s"": """"",TRUE,
"""95-050-99-X* AND salesLocation_s:62471 AND shipLocation_s:14509 AND customerAccount_s:AC0161-8183 AND businessUnit_s:Accu-Tech"", ""userName_s"": ""Patrick Allen"", ""refNum_s"": """"",TRUE,
"""AX102655* AND salesLocation_s:62530 AND shipLocation_s:15642 AND customerAccount_s:AC0197-3668 AND businessUnit_s:Accu-Tech"", ""userName_s"": ""Greg Griffo"", ""refNum_s"": """"",TRUE,
"""RV6MJKuBK-S1 AND shipLocation_s:16011 AND businessUnit_s:Accu-Tech"", ""userName_s"": ""329137"", ""refNum_s"": ""610722""",TRUE,
"""RV6MJKBk-S1 AND shipLocation_s:16011 AND businessUnit_s:Accu-Tech"", ""userName_s"": ""329137"", ""refNum_s"": ""610722""",TRUE,
"""OR-60400538 AND shipLocation_s:13429 AND businessUnit_s:Accu-Tech"", ""userName_s"": ""324609"", ""refNum_s"": ""610718""",TRUE,
"""5300UE AND shipLocation_s:16011 AND businessUnit_s:Accu-Tech"", ""userName_s"": ""329137"", ""refNum_s"": ""610722""",TRUE,
"""FDSD006P9 AND shipLocation_s:11411 AND businessUnit_s:Accu-Tech"", ""userName_s"": ""302766"", ""refNum_s"": ""610653""",TRUE,
"""FRME1U* AND salesLocation_s:62530 AND shipLocation_s:15642 AND customerAccount_s:AC0197-3668 AND businessUnit_s:Accu-Tech"", ""userName_s"": ""Greg Griffo"", ""refNum_s"": """"",TRUE,
"""al600* AND businessUnit_s:Accu-Tech AND shipLocation_s:12114 AND advancedPartSearch:Y AND businessUnit_s:Accu-Tech"", ""userName_s"": """", ""refNum_s"": ""100012447""",TRUE,
"""700191588 AND businessUnit_s:Accu-Tech"", ""userName_s"": ""234589"", ""refNum_s"": """"",TRUE,
"""EZDP44S2 AND shipLocation_s:13603 AND businessUnit_s:Accu-Tech"", ""userName_s"": ""236163"", ""refNum_s"": ""610743""",TRUE,
"""kwpk6 AND businessUnit_s:Accu-Tech"", ""userName_s"": ""228294"", ""refNum_s"": """"",TRUE,
"""UDO18KITWH AND shipLocation_s:15642 AND businessUnit_s:Accu-Tech"", ""userName_s"": ""223895"", ""refNum_s"": ""610686""",TRUE,
"""foas2fsmlclc-3m* AND salesLocation_s:62472 AND shipLocation_s:14506 AND customerAccount_s:AC0158-6798 AND businessUnit_s:Accu-Tech"", ""userName_s"": ""Steve Shannon"", ""refNum_s"": """"",TRUE,
"""CAT32HP AND businessUnit_s:Accu-Tech"", ""userName_s"": ""228294"", ""refNum_s"": """"",TRUE,
"""P-006-DZ-5K-FSUBK AND shipLocation_s:16043 AND businessUnit_s:Accu-Tech"", ""userName_s"": ""227199"", ""refNum_s"": ""610647""",TRUE,
"""cj64h* AND salesLocation_s:62472 AND shipLocation_s:14506 AND customerAccount_s:AC0158-6798 AND businessUnit_s:Accu-Tech"", ""userName_s"": ""Steve Shannon"", ""refNum_s"": """"",TRUE,
"""CFPe2why AND shipLocation_s:15609 AND businessUnit_s:Accu-Tech"", ""userName_s"": ""226022"", ""refNum_s"": ""610674""",TRUE,
"""VCM-45U-0612FO-B AND businessUnit_s:Accu-Tech"", ""userName_s"": ""208850"", ""refNum_s"": """"",TRUE,
"""cfpe2eiy-pa AND shipLocation_s:15609 AND businessUnit_s:Accu-Tech"", ""userName_s"": ""226022"", ""refNum_s"": ""610674""",TRUE,
"""4437* AND businessUnit_s:Accu-Tech AND shipLocation_s:12114 AND advancedPartSearch:Y AND businessUnit_s:Accu-Tech"", ""userName_s"": """", ""refNum_s"": ""100012447""",TRUE,
"""5r1uh* AND salesLocation_s:62530 AND shipLocation_s:15642 AND customerAccount_s:AC0158-2202 AND businessUnit_s:Accu-Tech"", ""userName_s"": ""Matt Duncan"", ""refNum_s"": """"",TRUE,
"""2500 lb* AND businessUnit_s:Accu-Tech AND shipLocation_s:12114 AND advancedPartSearch:Y AND businessUnit_s:Accu-Tech"", ""userName_s"": """", ""refNum_s"": ""100012447""",TRUE,
"""Cfpe AND shipLocation_s:15609 AND businessUnit_s:Accu-Tech"", ""userName_s"": ""226022"", ""refNum_s"": ""610674""",TRUE,
"""GL-CR-WTK18 AND shipLocation_s:12908 AND businessUnit_s:Accu-Tech"", ""userName_s"": ""233430"", ""refNum_s"": ""610708""",TRUE,
"""GXT5-72VBAT AND shipLocation_s:14611 AND businessUnit_s:Accu-Tech"", ""userName_s"": ""303596"", ""refNum_s"": ""610706""",TRUE,
"""760258206 AND businessUnit_s:Accu-Tech"", ""userName_s"": ""235882"", ""refNum_s"": """"",TRUE,
"""40153-012* AND businessUnit_s:Accu-Tech AND shipLocation_s:11726 AND advancedPartSearch:Y AND businessUnit_s:Accu-Tech"", ""userName_s"": """", ""refNum_s"": ""100012447""",TRUE,
"""jhk-32-bc* AND salesLocation_s:61997 AND shipLocation_s:12114 AND customerAccount_s:AC0158-0361 AND businessUnit_s:Accu-Tech"", ""userName_s"": ""Melisha Savage"", ""refNum_s"": """"",TRUE,
"""jhk-32-bc* AND salesLocation_s:61997 AND shipLocation_s:12114 AND customerAccount_s:AC0158-0361 AND businessUnit_s:Accu-Tech"", ""userName_s"": ""Melisha Savage"", ""refNum_s"": """"",TRUE,
"""MCC-PO AND shipLocation_s:14205 AND businessUnit_s:Accu-Tech"", ""userName_s"": ""317857"", ""refNum_s"": ""610685""",TRUE,
"""6m110-007* AND salesLocation_s:62474 AND shipLocation_s:13417 AND customerAccount_s:AC0158-6317 AND businessUnit_s:Accu-Tech"", ""userName_s"": ""Kelly Szymanski"", ""refNum_s"": """"",TRUE,
"""b30-r600* AND businessUnit_s:WESCO AND shipLocation_s:12402 AND advancedPartSearch:Y AND businessUnit_s:WESCO"", ""userName_s"": """", ""refNum_s"": ""100012447""",FALSE,
"""006T88-31190-A3 AND shipLocation_s:11411 AND businessUnit_s:Accu-Tech"", ""userName_s"": ""337835"", ""refNum_s"": ""610694""",TRUE,
"""30233* AND businessUnit_s:Accu-Tech AND shipLocation_s:13603 AND advancedPartSearch:Y AND businessUnit_s:Accu-Tech"", ""userName_s"": """", ""refNum_s"": ""100012447""",TRUE,
"""UTP6AX3BU AND shipLocation_s:12304 AND businessUnit_s:Accu-Tech"", ""userName_s"": ""327282"", ""refNum_s"": ""609936""",TRUE,
"""pc6au-b-0304* AND salesLocation_s:62530 AND shipLocation_s:15642 AND customerAccount_s:AC0161-4993 AND businessUnit_s:Accu-Tech"", ""userName_s"": ""Matt Duncan"", ""refNum_s"": """"",TRUE,
"""2058KH3-BK AND shipLocation_s:13002 AND businessUnit_s:Accu-Tech"", ""userName_s"": ""201242"", ""refNum_s"": ""610677""",TRUE,
"""HMRBBK* AND salesLocation_s:62533 AND shipLocation_s:11102 AND customerAccount_s:AC0163-4656 AND businessUnit_s:Accu-Tech"", ""userName_s"": ""Steven King"", ""refNum_s"": """"",TRUE,
"""VAR2-POE-w4-1 AND businessUnit_s:Accu-Tech"", ""userName_s"": ""332869"", ""refNum_s"": ""610614""",TRUE,
"""10822-718 AND businessUnit_s:Accu-Tech"", ""userName_s"": ""227835"", ""refNum_s"": """"",TRUE,
"""CEX489AP AND businessUnit_s:Accu-Tech"", ""userName_s"": ""208739"", ""refNum_s"": ""603876""",TRUE,
"""648 AND shipLocation_s:12908 AND businessUnit_s:Accu-Tech"", ""userName_s"": ""233430"", ""refNum_s"": ""610660""",TRUE,
"""4G2404 AND shipLocation_s:15609 AND businessUnit_s:Accu-Tech"", ""userName_s"": ""226022"", ""refNum_s"": ""610674""",TRUE,
"""l30126401* AND businessUnit_s:Accu-Tech AND shipLocation_s:12908 AND mfgPartNumberFilter:Y AND advancedPartSearch:Y AND businessUnit_s:Accu-Tech"", ""userName_s"": """", ""refNum_s"": ""100012447""",TRUE,
"""95-200-99 AND shipLocation_s:15625 AND businessUnit_s:Accu-Tech"", ""userName_s"": ""329187"", ""refNum_s"": ""610670""",TRUE,
"""CFG4WH* AND businessUnit_s:Accu-Tech AND shipLocation_s:12114 AND advancedPartSearch:Y AND businessUnit_s:Accu-Tech"", ""userName_s"": """", ""refNum_s"": ""100012447""",TRUE,
"""nk6x88mwh AND shipLocation_s:13417 AND businessUnit_s:Accu-Tech"", ""userName_s"": ""308716"", ""refNum_s"": ""610650""",TRUE,
"""nk6x88mb AND shipLocation_s:13417 AND businessUnit_s:Accu-Tech"", ""userName_s"": ""308716"", ""refNum_s"": ""610650""",TRUE,
"""31090 AND shipLocation_s:12908 AND businessUnit_s:Accu-Tech"", ""userName_s"": ""233430"", ""refNum_s"": ""610660""",TRUE,
"""3RH2911-1DA11* AND salesLocation_s:60627 AND shipLocation_s:14507 AND customerAccount_s:AC0000-3244 AND dcLocation_s:7303 AND businessUnit_s:WESCO"", ""userName_s"": ""Meaghan Reidy"", ""refNum_s"": """"",FALSE,
"""tape* AND salesLocation_s:62473 AND shipLocation_s:13429 AND customerAccount_s:AC0193-8272 AND businessUnit_s:Accu-Tech"", ""userName_s"": ""Scott Sweeny"", ""refNum_s"": """"",TRUE,
"""10506-706 AND shipLocation_s:11411 AND businessUnit_s:Accu-Tech"", ""userName_s"": ""302766"", ""refNum_s"": ""610653""",TRUE,
"""11421-712 AND shipLocation_s:11411 AND businessUnit_s:Accu-Tech"", ""userName_s"": ""302766"", ""refNum_s"": ""610653""",TRUE,
"""3RT2015-1BB41* AND salesLocation_s:60627 AND shipLocation_s:14507 AND customerAccount_s:AC0000-3244 AND dcLocation_s:7303 AND businessUnit_s:WESCO"", ""userName_s"": ""Meaghan Reidy"", ""refNum_s"": """"",FALSE,
"""PRO-CPP-BLANK-1U-24* AND salesLocation_s:61138 AND shipLocation_s:11204 AND customerAccount_s:AC0001-6614 AND dcLocation_s:7302 AND businessUnit_s:WESCO"", ""userName_s"": ""Karen Perrier"", ""refNum_s"": """"",FALSE,
"""5k- AND shipLocation_s:12908 AND businessUnit_s:Accu-Tech"", ""userName_s"": ""321469"", ""refNum_s"": ""610637""",TRUE,
"""G1MDA318ATB* AND salesLocation_s:60001 AND shipLocation_s:12619 AND customerAccount_s:AC0043-9016 AND dcLocation_s:7302 AND businessUnit_s:WESCO"", ""userName_s"": ""Sam Alford"", ""refNum_s"": """"",FALSE,
"""120483D01* AND businessUnit_s:Accu-Tech AND shipLocation_s:15625 AND advancedPartSearch:Y AND businessUnit_s:Accu-Tech"", ""userName_s"": """", ""refNum_s"": ""100012447""",TRUE,
"""AX102249 AND shipLocation_s:11411 AND businessUnit_s:Accu-Tech"", ""userName_s"": ""302766"", ""refNum_s"": ""610653""",TRUE,
"""95-000 AND shipLocation_s:15642 AND businessUnit_s:Accu-Tech"", ""userName_s"": ""311815"", ""refNum_s"": ""610645""",TRUE,
"""RVAMJKUBL-S1 AND shipLocation_s:11411 AND businessUnit_s:Accu-Tech"", ""userName_s"": ""302766"", ""refNum_s"": ""610653""",TRUE,
"""MCTP6I-6-5 AND shipLocation_s:12908 AND businessUnit_s:Accu-Tech"", ""userName_s"": ""321469"", ""refNum_s"": ""610637""",TRUE,
"""kj458mt* AND salesLocation_s:62472 AND shipLocation_s:14506 AND customerAccount_s:AC0158-6910 AND businessUnit_s:Accu-Tech"", ""userName_s"": ""Brian Hughes"", ""refNum_s"": """"",TRUE,
"""MCTP6I-6-3 AND shipLocation_s:12908 AND businessUnit_s:Accu-Tech"", ""userName_s"": ""321469"", ""refNum_s"": ""610637""",TRUE,
"""cch-01u AND shipLocation_s:15642 AND businessUnit_s:Accu-Tech"", ""userName_s"": ""311815"", ""refNum_s"": ""610645""",TRUE,
"""0203002 AND shipLocation_s:12908 AND businessUnit_s:Accu-Tech"", ""userName_s"": ""321469"", ""refNum_s"": ""610637""",TRUE,
"""epx AND businessUnit_s:Accu-Tech"", ""userName_s"": ""208907"", ""refNum_s"": """"",TRUE,
"""49910-SE2 AND shipLocation_s:14205 AND businessUnit_s:Accu-Tech"", ""userName_s"": ""230516"", ""refNum_s"": ""610648""",TRUE,
"""49910- AND shipLocation_s:14205 AND businessUnit_s:Accu-Tech"", ""userName_s"": ""230516"", ""refNum_s"": ""610648""",TRUE,
"""UN884019904/10 AND shipLocation_s:15609 AND businessUnit_s:Accu-Tech"", ""userName_s"": ""337705"", ""refNum_s"": ""610579""",TRUE,
"""41 AND shipLocation_s:14506 AND businessUnit_s:Accu-Tech"", ""userName_s"": ""209989"", ""refNum_s"": ""610632""",TRUE,
"""006T8F-31191-29 AND businessUnit_s:Accu-Tech"", ""userName_s"": ""337167"", ""refNum_s"": """"",TRUE,
"""012E8P-31131-A3 AND businessUnit_s:Accu-Tech"", ""userName_s"": ""337167"", ""refNum_s"": """"",TRUE,
"""11142753* AND businessUnit_s:Accu-Tech AND shipLocation_s:12908 AND advancedPartSearch:Y AND businessUnit_s:Accu-Tech"", ""userName_s"": """", ""refNum_s"": ""100012447""",TRUE,
"""682-920- AND shipLocation_s:15642 AND businessUnit_s:Accu-Tech"", ""userName_s"": ""223895"", ""refNum_s"": ""610589""",TRUE,
"""s66m1-50 AND shipLocation_s:15642 AND businessUnit_s:Accu-Tech"", ""userName_s"": ""208850"", ""refNum_s"": ""610577""",TRUE,
"""PDU1215* AND salesLocation_s:62471 AND shipLocation_s:14509 AND customerAccount_s:AC0159-8425 AND businessUnit_s:Accu-Tech"", ""userName_s"": ""Nate Tymec"", ""refNum_s"": """"",TRUE,
"""006T8-31190-29 AND shipLocation_s:14611 AND businessUnit_s:Accu-Tech"", ""userName_s"": ""339347"", ""refNum_s"": ""610584""",TRUE,
"""flcsscbuy* AND businessUnit_s:Accu-Tech AND shipLocation_s:16011 AND advancedPartSearch:Y AND businessUnit_s:Accu-Tech"", ""userName_s"": """", ""refNum_s"": ""100012447""",TRUE,
"""FSNS1P6QS-25* AND salesLocation_s:62472 AND shipLocation_s:14506 AND customerAccount_s:AC0158-6901 AND businessUnit_s:Accu-Tech"", ""userName_s"": ""Brian Hughes"", ""refNum_s"": """"",TRUE,
"""CBX1WH-A AND shipLocation_s:14205 AND businessUnit_s:Accu-Tech"", ""userName_s"": ""317857"", ""refNum_s"": ""610570""",TRUE,
"""7131787 AND shipLocation_s:14205 AND businessUnit_s:Accu-Tech"", ""userName_s"": ""317857"", ""refNum_s"": ""610570""",TRUE,
"""mctp6i-6-10 AND shipLocation_s:12908 AND businessUnit_s:Accu-Tech"", ""userName_s"": ""233430"", ""refNum_s"": ""610598""",TRUE,
"""49255-H24 AND shipLocation_s:12908 AND businessUnit_s:Accu-Tech"", ""userName_s"": ""233430"", ""refNum_s"": ""610598""",TRUE,
"""SI-IES-521D-LRT AND shipLocation_s:15642 AND businessUnit_s:Accu-Tech"", ""userName_s"": ""311815"", ""refNum_s"": ""609417""",TRUE,
"""SI-IES-121D-LRT AND shipLocation_s:15642 AND businessUnit_s:Accu-Tech"", ""userName_s"": ""311815"", ""refNum_s"": ""609417""",TRUE,
"""2413d15 AND shipLocation_s:16023 AND businessUnit_s:Accu-Tech"", ""userName_s"": ""208907"", ""refNum_s"": ""610582""",TRUE,
"""CFPE2WHY AND shipLocation_s:14205 AND businessUnit_s:Accu-Tech"", ""userName_s"": ""317857"", ""refNum_s"": ""610570""",TRUE,
"""1064 AND shipLocation_s:15642 AND businessUnit_s:Accu-Tech"", ""userName_s"": ""208850"", ""refNum_s"": ""610577""",TRUE,
"""spksu AND shipLocation_s:14611 AND businessUnit_s:Accu-Tech"", ""userName_s"": ""223249"", ""refNum_s"": ""577719""",TRUE,
"""6910g- AND shipLocation_s:15642 AND businessUnit_s:Accu-Tech"", ""userName_s"": ""208850"", ""refNum_s"": ""610577""",TRUE,
"""Z6-PF-24 AND businessUnit_s:Accu-Tech"", ""userName_s"": ""327898"", ""refNum_s"": """"",TRUE,
"""760207282 AND shipLocation_s:15609 AND businessUnit_s:Accu-Tech"", ""userName_s"": ""337705"", ""refNum_s"": ""610579""",TRUE,
"""30139-719 AND shipLocation_s:15642 AND businessUnit_s:Accu-Tech"", ""userName_s"": ""208850"", ""refNum_s"": ""610577""",TRUE,
"""5053-103 AND shipLocation_s:15642 AND businessUnit_s:Accu-Tech"", ""userName_s"": ""208850"", ""refNum_s"": ""610577""",TRUE,
"""CJ6X88TGBL AND shipLocation_s:14205 AND businessUnit_s:Accu-Tech"", ""userName_s"": ""317857"", ""refNum_s"": ""610570""",TRUE,
"""CJ6X88TGB AND shipLocation_s:14205 AND businessUnit_s:Accu-Tech"", ""userName_s"": ""317857"", ""refNum_s"": ""610570""",TRUE,
"""32D1-1-30BL AND shipLocation_s:13429 AND businessUnit_s:Accu-Tech"", ""userName_s"": ""334120"", ""refNum_s"": ""610557""",TRUE,
"""innerduct* AND businessUnit_s:Accu-Tech AND shipLocation_s:13429 AND advancedPartSearch:Y AND businessUnit_s:Accu-Tech"", ""userName_s"": """", ""refNum_s"": ""100012447""",TRUE,
"""884041004/10 AND shipLocation_s:15609 AND businessUnit_s:Accu-Tech"", ""userName_s"": ""337705"", ""refNum_s"": ""610554""",TRUE,
"""DPS-M-BK AND shipLocation_s:12908 AND businessUnit_s:Accu-Tech"", ""userName_s"": ""233430"", ""refNum_s"": ""610561""",TRUE,
"""clt AND shipLocation_s:14205 AND businessUnit_s:Accu-Tech"", ""userName_s"": ""317857"", ""refNum_s"": ""610555""",TRUE,
"""32D1-1-04BL AND shipLocation_s:13429 AND businessUnit_s:Accu-Tech"", ""userName_s"": ""334120"", ""refNum_s"": ""610557""",TRUE,
"""AFC501 AND shipLocation_s:11102 AND businessUnit_s:Accu-Tech"", ""userName_s"": ""224559"", ""refNum_s"": ""610553""",TRUE,
"""PUL6X04 AND shipLocation_s:15609 AND businessUnit_s:Accu-Tech"", ""userName_s"": ""337705"", ""refNum_s"": ""610554""",TRUE,
"""6200ue AND shipLocation_s:15819 AND businessUnit_s:Accu-Tech"", ""userName_s"": ""223220"", ""refNum_s"": ""610542""",TRUE,
"""unj AND shipLocation_s:12908 AND businessUnit_s:Accu-Tech"", ""userName_s"": ""233430"", ""refNum_s"": ""609698""",TRUE,
"""SRTL50RMBP1U-LI* AND salesLocation_s:62746 AND shipLocation_s:15428 AND customerAccount_s:AC0162-1498 AND businessUnit_s:Accu-Tech"", ""userName_s"": ""Nelson Albanesi"", ""refNum_s"": """"",TRUE,
"""re76* AND salesLocation_s:60608 AND shipLocation_s:12008 AND customerAccount_s:AC0155-5833 AND dcLocation_s:7305 AND businessUnit_s:WESCO"", ""userName_s"": ""matt trautman"", ""refNum_s"": """"",FALSE,
"""7151820* AND businessUnit_s:Accu-Tech AND shipLocation_s:11726 AND advancedPartSearch:Y AND businessUnit_s:Accu-Tech"", ""userName_s"": """", ""refNum_s"": ""100012447""",TRUE,
"""UTP28SP3* AND salesLocation_s:62532 AND shipLocation_s:11726 AND customerAccount_s:AC0197-4517 AND businessUnit_s:Accu-Tech"", ""userName_s"": ""Christian Anderson"", ""refNum_s"": """"",TRUE,
"""ds160* AND salesLocation_s:62532 AND shipLocation_s:11726 AND customerAccount_s:AC0163-5285 AND businessUnit_s:Accu-Tech"", ""userName_s"": ""Christian Anderson"", ""refNum_s"": """"",TRUE,
"""*:* AND transPartOrFilter:(transactablePart_s:1020704AT) AND salesLocation_s:62743 AND shipLocation_s:11305 AND customerAccount_s:AC0158-7205 AND businessUnit_s:Accu-Tech"", ""userName_s"": ""Bob Frederikson"", ""refNum_s"": ""100067175""",TRUE,
"""6090-001* AND salesLocation_s:62532 AND shipLocation_s:11726 AND customerAccount_s:AC0162-5485 AND businessUnit_s:Accu-Tech"", ""userName_s"": ""Christian Anderson"", ""refNum_s"": """"",TRUE,
"""NM-NM_10FT AND shipLocation_s:11305 AND businessUnit_s:Accu-Tech"", ""userName_s"": ""337844"", ""refNum_s"": ""610523""",TRUE,
"""xhhw-12-w* AND salesLocation_s:60608 AND shipLocation_s:12008 AND customerAccount_s:AC0044-6503 AND dcLocation_s:7305 AND businessUnit_s:WESCO"", ""userName_s"": ""matt trautman"", ""refNum_s"": """"",FALSE,
"""pdpk024a AND shipLocation_s:15414 AND businessUnit_s:Accu-Tech"", ""userName_s"": ""206565"", ""refNum_s"": ""610316""",TRUE,
"""ENC766SH AND shipLocation_s:11305 AND businessUnit_s:Accu-Tech"", ""userName_s"": ""313507"", ""refNum_s"": ""610512""",TRUE,
"""ECD-15* AND salesLocation_s:60682 AND shipLocation_s:15408 AND customerAccount_s:AC0191-1721 AND dcLocation_s:7305 AND businessUnit_s:WESCO"", ""userName_s"": ""Brian Wortmann"", ""refNum_s"": """"",FALSE,
"""760257323 AND shipLocation_s:13002 AND businessUnit_s:Accu-Tech"", ""userName_s"": ""201242"", ""refNum_s"": ""610510""",TRUE,
"""fenws38114* AND salesLocation_s:60682 AND shipLocation_s:15408 AND customerAccount_s:AC0191-1721 AND dcLocation_s:7305 AND businessUnit_s:WESCO"", ""userName_s"": ""Brian Wortmann"", ""refNum_s"": """"",FALSE,
"""7100201470* AND salesLocation_s:60682 AND shipLocation_s:15408 AND customerAccount_s:AC0191-1721 AND dcLocation_s:7305 AND businessUnit_s:WESCO"", ""userName_s"": ""Brian Wortmann"", ""refNum_s"": """"",FALSE,
"""33+* AND salesLocation_s:60682 AND shipLocation_s:15408 AND customerAccount_s:AC0191-1721 AND dcLocation_s:7305 AND businessUnit_s:WESCO"", ""userName_s"": ""Brian Wortmann"", ""refNum_s"": """"",FALSE,
"""43081-1L4* AND salesLocation_s:61960 AND shipLocation_s:16043 AND customerAccount_s:AC0159-2475 AND businessUnit_s:Accu-Tech"", ""userName_s"": ""Alton Balentine"", ""refNum_s"": """"",TRUE,
"""CH-CS12-A8-P00je AND shipLocation_s:11305 AND businessUnit_s:Accu-Tech"", ""userName_s"": ""337844"", ""refNum_s"": ""610507""",TRUE,
"""re53* AND salesLocation_s:60682 AND shipLocation_s:15408 AND customerAccount_s:AC0191-1721 AND dcLocation_s:7305 AND businessUnit_s:WESCO"", ""userName_s"": ""Brian Wortmann"", ""refNum_s"": """"",FALSE,
"""T27* AND salesLocation_s:60682 AND shipLocation_s:15408 AND customerAccount_s:AC0191-1721 AND dcLocation_s:7305 AND businessUnit_s:WESCO"", ""userName_s"": ""Brian Wortmann"", ""refNum_s"": """"",FALSE,
"""T27* AND salesLocation_s:60682 AND shipLocation_s:15408 AND customerAccount_s:AC0191-1721 AND dcLocation_s:7305 AND businessUnit_s:WESCO"", ""userName_s"": ""Brian Wortmann"", ""refNum_s"": """"",FALSE,
"""FEXLCLC42-MXM005 AND shipLocation_s:13002 AND businessUnit_s:Accu-Tech"", ""userName_s"": ""201242"", ""refNum_s"": ""610504""",TRUE,
"""CS44PSD- AND shipLocation_s:13002 AND businessUnit_s:Accu-Tech"", ""userName_s"": ""201242"", ""refNum_s"": ""610504""",TRUE,
"""22-8C AND shipLocation_s:13002 AND businessUnit_s:Accu-Tech"", ""userName_s"": ""201242"", ""refNum_s"": ""610504""",TRUE,
"""a66m1-50 AND shipLocation_s:15428 AND businessUnit_s:Accu-Tech"", ""userName_s"": ""239908"", ""refNum_s"": ""610501""",TRUE,
"""t4 AND shipLocation_s:11305 AND businessUnit_s:Accu-Tech"", ""userName_s"": ""337844"", ""refNum_s"": ""610499""",TRUE,
"""5lpsc AND shipLocation_s:11305 AND businessUnit_s:Accu-Tech"", ""userName_s"": ""337844"", ""refNum_s"": ""610499""",TRUE,
"""j-128* AND salesLocation_s:60682 AND shipLocation_s:15408 AND customerAccount_s:AC0191-1721 AND dcLocation_s:7305 AND businessUnit_s:WESCO"", ""userName_s"": ""Brian Wortmann"", ""refNum_s"": """"",FALSE,
"""5342GR* AND salesLocation_s:60682 AND shipLocation_s:15408 AND customerAccount_s:AC0191-1721 AND dcLocation_s:7305 AND businessUnit_s:WESCO"", ""userName_s"": ""Brian Wortmann"", ""refNum_s"": """"",FALSE,
"""760 AND shipLocation_s:15009 AND businessUnit_s:Accu-Tech"", ""userName_s"": ""218875"", ""refNum_s"": ""610494""",TRUE,
"""PN05L08V* AND businessUnit_s:Accu-Tech AND shipLocation_s:13429 AND advancedPartSearch:Y AND businessUnit_s:Accu-Tech"", ""userName_s"": """", ""refNum_s"": ""100012447""",TRUE,
"""PLG2* AND salesLocation_s:60682 AND shipLocation_s:15408 AND customerAccount_s:AC0191-1721 AND dcLocation_s:7305 AND businessUnit_s:WESCO"", ""userName_s"": ""Brian Wortmann"", ""refNum_s"": """"",FALSE,
"""LL27* AND salesLocation_s:60682 AND shipLocation_s:15408 AND customerAccount_s:AC0191-1721 AND dcLocation_s:7305 AND businessUnit_s:WESCO"", ""userName_s"": ""Brian Wortmann"", ""refNum_s"": """"",FALSE,
"""49255-h24* AND salesLocation_s:61960 AND shipLocation_s:16043 AND customerAccount_s:AC0158-0571 AND businessUnit_s:Accu-Tech"", ""userName_s"": ""Alton Balentine"", ""refNum_s"": """"",TRUE,
"""FR6X4lYl6 AND businessUnit_s:Accu-Tech"", ""userName_s"": ""228294"", ""refNum_s"": """"",TRUE,
"""ax102655* AND businessUnit_s:Accu-Tech AND shipLocation_s:12114 AND advancedPartSearch:Y AND businessUnit_s:Accu-Tech"", ""userName_s"": """", ""refNum_s"": ""100012447""",TRUE,
"""CLT75F-C20-PAN* AND businessUnit_s:Accu-Tech AND shipLocation_s:12114 AND advancedPartSearch:Y AND businessUnit_s:Accu-Tech"", ""userName_s"": """", ""refNum_s"": ""100012447""",TRUE,
"""76025729 AND shipLocation_s:11411 AND businessUnit_s:Accu-Tech"", ""userName_s"": ""228294"", ""refNum_s"": ""610479""",TRUE,
"""1002224AT AND businessUnit_s:Accu-Tech"", ""userName_s"": """", ""refNum_s"": """"",TRUE,
"""MP1* AND businessUnit_s:Accu-Tech AND shipLocation_s:12114 AND advancedPartSearch:Y AND businessUnit_s:Accu-Tech"", ""userName_s"": """", ""refNum_s"": ""100012447""",TRUE,
"""DSTR-5* AND businessUnit_s:Accu-Tech AND shipLocation_s:12114 AND advancedPartSearch:Y AND businessUnit_s:Accu-Tech"", ""userName_s"": """", ""refNum_s"": ""100012447""",TRUE,
"""77-240-4a* AND salesLocation_s:61960 AND shipLocation_s:16043 AND customerAccount_s:AC0158-0571 AND businessUnit_s:Accu-Tech"", ""userName_s"": ""Alton Balentine"", ""refNum_s"": """"",TRUE,
"""CAT21HP58SM* AND businessUnit_s:Accu-Tech AND shipLocation_s:12114 AND advancedPartSearch:Y AND businessUnit_s:Accu-Tech"", ""userName_s"": """", ""refNum_s"": ""100012447""",TRUE,
"""RH08V3-B2700P0- AND shipLocation_s:16041 AND businessUnit_s:Accu-Tech"", ""userName_s"": ""318654"", ""refNum_s"": ""608558""",TRUE,
"""BC1* AND businessUnit_s:Accu-Tech AND shipLocation_s:12114 AND advancedPartSearch:Y AND businessUnit_s:Accu-Tech"", ""userName_s"": """", ""refNum_s"": ""100012447""",TRUE,
"""6AM180-007 AND shipLocation_s:16043 AND businessUnit_s:Accu-Tech"", ""userName_s"": ""227199"", ""refNum_s"": ""610453""",TRUE,
"""41380034138003 AND shipLocation_s:16043 AND businessUnit_s:Accu-Tech"", ""userName_s"": ""227199"", ""refNum_s"": ""610453""",TRUE,
"""cg AND shipLocation_s:16043 AND businessUnit_s:Accu-Tech"", ""userName_s"": ""304249"", ""refNum_s"": ""555677""",TRUE,
"""11421-712* AND businessUnit_s:Accu-Tech AND shipLocation_s:11411 AND advancedPartSearch:Y AND businessUnit_s:Accu-Tech"", ""userName_s"": """", ""refNum_s"": ""100012447""",TRUE,
"""1055614AT* AND salesLocation_s:66083 AND shipLocation_s:11411 AND customerAccount_s:AC0161-2953 AND businessUnit_s:Accu-Tech"", ""userName_s"": ""Tony Goff"", ""refNum_s"": """"",TRUE,
"""pnm-c44 AND shipLocation_s:11726 AND businessUnit_s:Accu-Tech"", ""userName_s"": ""331169"", ""refNum_s"": ""610456""",TRUE,
"""pnm-c4404 AND shipLocation_s:11726 AND businessUnit_s:Accu-Tech"", ""userName_s"": ""331169"", ""refNum_s"": ""610456""",TRUE,
"""35441-704 AND shipLocation_s:12304 AND businessUnit_s:Accu-Tech"", ""userName_s"": ""327282"", ""refNum_s"": ""609936""",TRUE,
"""30993 AND shipLocation_s:14205 AND businessUnit_s:Accu-Tech"", ""userName_s"": ""230516"", ""refNum_s"": ""610444""",TRUE,
"""kssmb2- AND businessUnit_s:Accu-Tech"", ""userName_s"": ""235565"", ""refNum_s"": """"",TRUE,
"""852- AND shipLocation_s:14611 AND businessUnit_s:Accu-Tech"", ""userName_s"": ""339347"", ""refNum_s"": ""610119""",TRUE,
"""HSB2W AND shipLocation_s:12114 AND businessUnit_s:Accu-Tech"", ""userName_s"": ""320729"", ""refNum_s"": ""610204""",TRUE,
"""760117960 AND shipLocation_s:16023 AND businessUnit_s:Accu-Tech"", ""userName_s"": ""326749"", ""refNum_s"": ""610440""",TRUE,
"""403005 AND shipLocation_s:11305 AND businessUnit_s:Accu-Tech"", ""userName_s"": ""337844"", ""refNum_s"": ""610435""",TRUE,
"""77- AND shipLocation_s:11411 AND businessUnit_s:Accu-Tech"", ""userName_s"": ""302766"", ""refNum_s"": ""610433""",TRUE,
"""unc6-bl-5f AND shipLocation_s:16043 AND businessUnit_s:Accu-Tech"", ""userName_s"": ""227199"", ""refNum_s"": ""610425""",TRUE,
"""024t AND shipLocation_s:12304 AND businessUnit_s:Accu-Tech"", ""userName_s"": ""208904"", ""refNum_s"": ""610428""",TRUE,
"""cat21 AND shipLocation_s:15819 AND businessUnit_s:Accu-Tech"", ""userName_s"": ""237306"", ""refNum_s"": ""610333""",TRUE,
"""QT-MTP-IT-121X12-OM4230MMA2P AND businessUnit_s:Accu-Tech"", ""userName_s"": ""307091"", ""refNum_s"": ""607086""",TRUE,
"""006k88* AND businessUnit_s:Accu-Tech AND shipLocation_s:13429 AND advancedPartSearch:Y AND businessUnit_s:Accu-Tech"", ""userName_s"": """", ""refNum_s"": ""100012447""",TRUE,
"""71518 AND shipLocation_s:11102 AND businessUnit_s:Accu-Tech"", ""userName_s"": ""224559"", ""refNum_s"": ""610416""",TRUE,
"""108ZUC AND shipLocation_s:12304 AND businessUnit_s:Accu-Tech"", ""userName_s"": ""308638"", ""refNum_s"": ""610412""",TRUE,
"""YCB65A* AND salesLocation_s:61171 AND shipLocation_s:12402 AND customerAccount_s:AC0001-4430 AND dcLocation_s:7302 AND businessUnit_s:WESCO"", ""userName_s"": ""Victoria Bozoian"", ""refNum_s"": """"",FALSE,
"""7131 AND shipLocation_s:15819 AND businessUnit_s:Accu-Tech"", ""userName_s"": ""223220"", ""refNum_s"": ""610405""",TRUE,
"""713 AND shipLocation_s:15819 AND businessUnit_s:Accu-Tech"", ""userName_s"": ""223220"", ""refNum_s"": ""610405""",TRUE,
"""cs AND shipLocation_s:16043 AND businessUnit_s:Accu-Tech"", ""userName_s"": ""304249"", ""refNum_s"": ""610404""",TRUE,
"""PN1B-4X4NH2/2TB AND shipLocation_s:15642 AND businessUnit_s:Accu-Tech"", ""userName_s"": ""311815"", ""refNum_s"": ""610401""",TRUE,
"""6b-272- AND businessUnit_s:Accu-Tech"", ""userName_s"": ""208850"", ""refNum_s"": """"",TRUE,
"""IPR100251702* AND salesLocation_s:61960 AND shipLocation_s:16043 AND customerAccount_s:AC0159-8332 AND businessUnit_s:Accu-Tech"", ""userName_s"": ""Adam Cervera"", ""refNum_s"": """"",TRUE,
"""CCU250* AND salesLocation_s:61997 AND shipLocation_s:12114 AND customerAccount_s:AC0158-0346 AND businessUnit_s:Accu-Tech"", ""userName_s"": ""Ignacio Torres"", ""refNum_s"": """"",TRUE,
"""18443 AND shipLocation_s:15642 AND businessUnit_s:Accu-Tech"", ""userName_s"": ""208850"", ""refNum_s"": ""610380""",TRUE,
"""EDSC218* AND salesLocation_s:60697 AND shipLocation_s:16014 AND customerAccount_s:AC0066-6056 AND dcLocation_s:5689 AND businessUnit_s:WESCO"", ""userName_s"": ""Mark Dyer"", ""refNum_s"": """"",FALSE,
"""CCH-CS12-e4-p00QE AND businessUnit_s:Accu-Tech"", ""userName_s"": ""313507"", ""refNum_s"": """"",TRUE,
"""6300ue* AND salesLocation_s:62474 AND shipLocation_s:13417 AND customerAccount_s:AC0158-6142 AND businessUnit_s:Accu-Tech"", ""userName_s"": ""Tyler Ballengee"", ""refNum_s"": """"",TRUE,
"""N318â€‘03M AND shipLocation_s:16023 AND businessUnit_s:Accu-Tech"", ""userName_s"": ""339483"", ""refNum_s"": ""608560""",TRUE,
"""AC-A12-68* AND salesLocation_s:62747 AND shipLocation_s:11411 AND customerAccount_s:AC0158-1371 AND businessUnit_s:Accu-Tech"", ""userName_s"": ""Thomas Cousins"", ""refNum_s"": """"",TRUE,
"""nk6fwhy AND shipLocation_s:15819 AND businessUnit_s:Accu-Tech"", ""userName_s"": ""223220"", ""refNum_s"": ""610375""",TRUE,
"""BCH32 * AND businessUnit_s:Accu-Tech AND shipLocation_s:16043 AND advancedPartSearch:Y AND businessUnit_s:Accu-Tech"", ""userName_s"": """", ""refNum_s"": ""100012447""",TRUE,
"""BCH12-E-5-8 * AND businessUnit_s:Accu-Tech AND shipLocation_s:16043 AND advancedPartSearch:Y AND businessUnit_s:Accu-Tech"", ""userName_s"": """", ""refNum_s"": ""100012447""",TRUE,
"""DSTR-3 AND shipLocation_s:12908 AND businessUnit_s:Accu-Tech"", ""userName_s"": ""321602"", ""refNum_s"": ""610335""",TRUE,
"""7131 AND shipLocation_s:15819 AND businessUnit_s:Accu-Tech"", ""userName_s"": ""223220"", ""refNum_s"": ""610375""",TRUE,
"""dc6ppf2u48bk AND shipLocation_s:11102 AND businessUnit_s:Accu-Tech"", ""userName_s"": ""224559"", ""refNum_s"": ""610364""",TRUE,
"""713 AND shipLocation_s:15819 AND businessUnit_s:Accu-Tech"", ""userName_s"": ""223220"", ""refNum_s"": ""610375""",TRUE,
"""dc6ppf2 AND shipLocation_s:11102 AND businessUnit_s:Accu-Tech"", ""userName_s"": ""224559"", ""refNum_s"": ""610364""",TRUE,
"""UPDLC-S01 AND shipLocation_s:15625 AND businessUnit_s:Accu-Tech"", ""userName_s"": ""329187"", ""refNum_s"": ""610237""",TRUE,
"""hsb10w* AND salesLocation_s:61996 AND shipLocation_s:12304 AND customerAccount_s:AC0160-0026 AND businessUnit_s:Accu-Tech"", ""userName_s"": ""Nathan Ward"", ""refNum_s"": """"",TRUE,
"""RSQ1-07-S AND shipLocation_s:11726 AND businessUnit_s:Accu-Tech"", ""userName_s"": ""331169"", ""refNum_s"": ""608123""",TRUE,
"""006T8P-31180-29* AND salesLocation_s:62533 AND shipLocation_s:11102 AND customerAccount_s:AC0158-7086 AND businessUnit_s:Accu-Tech"", ""userName_s"": ""Jarred Henderson"", ""refNum_s"": """"",TRUE,
"""61110-RG6 AND shipLocation_s:12908 AND businessUnit_s:Accu-Tech"", ""userName_s"": ""321602"", ""refNum_s"": ""610335""",TRUE,
"""UL AND shipLocation_s:11305 AND businessUnit_s:Accu-Tech"", ""userName_s"": ""313507"", ""refNum_s"": ""610363""",TRUE,
"""43080-1S4 AND shipLocation_s:12908 AND businessUnit_s:Accu-Tech"", ""userName_s"": ""321602"", ""refNum_s"": ""610335""",TRUE,
"""pdu41001 AND shipLocation_s:11726 AND businessUnit_s:Accu-Tech"", ""userName_s"": ""331169"", ""refNum_s"": ""608123""",TRUE,
"""43080-1S1 AND shipLocation_s:12908 AND businessUnit_s:Accu-Tech"", ""userName_s"": ""321602"", ""refNum_s"": ""610335""",TRUE,
"""MX-PNL-48 AND shipLocation_s:11726 AND businessUnit_s:Accu-Tech"", ""userName_s"": ""331169"", ""refNum_s"": ""608123""",TRUE,
"""V12* AND salesLocation_s:61996 AND shipLocation_s:12304 AND customerAccount_s:AC0161-5526 AND businessUnit_s:Accu-Tech"", ""userName_s"": ""Matt Daly"", ""refNum_s"": """"",TRUE,
"""srw18uhd AND shipLocation_s:11102 AND businessUnit_s:Accu-Tech"", ""userName_s"": ""226317"", ""refNum_s"": ""610346""",TRUE,
"""725102WH1B AND shipLocation_s:11726 AND businessUnit_s:Accu-Tech"", ""userName_s"": ""331169"", ""refNum_s"": ""608123""",TRUE,
"""BE8YZ6598* AND salesLocation_s:61082 AND shipLocation_s:16009 AND customerAccount_s:AC0011-2699 AND dcLocation_s:5689 AND businessUnit_s:WESCO"", ""userName_s"": ""James Janak"", ""refNum_s"": """"",FALSE,
"""41080-1wp* AND salesLocation_s:61960 AND shipLocation_s:16043 AND customerAccount_s:AC0161-9087 AND businessUnit_s:Accu-Tech"", ""userName_s"": ""Alec Ramirez"", ""refNum_s"": """"",TRUE,
"""hdj6* AND businessUnit_s:Accu-Tech AND shipLocation_s:12304 AND advancedPartSearch:Y AND businessUnit_s:Accu-Tech"", ""userName_s"": """", ""refNum_s"": ""100012447""",TRUE,
"""cj6x88tgbu* AND salesLocation_s:62530 AND shipLocation_s:15642 AND customerAccount_s:AC0158-2220 AND businessUnit_s:Accu-Tech"", ""userName_s"": ""Billy Caine"", ""refNum_s"": """"",TRUE,
"""6110G-RW6 AND shipLocation_s:15625 AND businessUnit_s:Accu-Tech"", ""userName_s"": ""329187"", ""refNum_s"": ""610237""",TRUE,
"""10014913 AND shipLocation_s:15642 AND businessUnit_s:Accu-Tech"", ""userName_s"": ""311815"", ""refNum_s"": ""610325""",TRUE,
"""760226762* AND salesLocation_s:62532 AND shipLocation_s:11726 AND customerAccount_s:AC0197-1510 AND businessUnit_s:Accu-Tech"", ""userName_s"": ""Christian Anderson"", ""refNum_s"": """"",TRUE,
"""hdj6 AND shipLocation_s:12304 AND businessUnit_s:Accu-Tech"", ""userName_s"": ""308638"", ""refNum_s"": ""610318""",TRUE,
"""11301-701 AND shipLocation_s:13603 AND businessUnit_s:Accu-Tech"", ""userName_s"": ""236163"", ""refNum_s"": ""610292""",TRUE,
"""12100-712 AND shipLocation_s:13603 AND businessUnit_s:Accu-Tech"", ""userName_s"": ""236163"", ""refNum_s"": ""610292""",TRUE,
"""1024681AT* AND salesLocation_s:61961 AND shipLocation_s:16011 AND customerAccount_s:AC0188-8452 AND businessUnit_s:Accu-Tech"", ""userName_s"": ""Austin Thielges"", ""refNum_s"": """"",TRUE,
"""fap6wa AND shipLocation_s:13603 AND businessUnit_s:Accu-Tech"", ""userName_s"": ""332229"", ""refNum_s"": ""610304""",TRUE,
"""T32WQ2A23* AND salesLocation_s:61082 AND shipLocation_s:16009 AND customerAccount_s:AC0200-4351 AND dcLocation_s:5689 AND businessUnit_s:WESCO"", ""userName_s"": ""James Janak"", ""refNum_s"": """"",FALSE,
"""duct* AND businessUnit_s:Accu-Tech AND shipLocation_s:13429 AND advancedPartSearch:Y AND businessUnit_s:Accu-Tech"", ""userName_s"": """", ""refNum_s"": ""100012447""",TRUE,
"""ltdf* AND businessUnit_s:Accu-Tech AND shipLocation_s:13429 AND advancedPartSearch:Y AND businessUnit_s:Accu-Tech"", ""userName_s"": """", ""refNum_s"": ""100012447""",TRUE,
"""FWSHBF04LXW AND shipLocation_s:11305 AND businessUnit_s:Accu-Tech"", ""userName_s"": ""337844"", ""refNum_s"": ""610301""",TRUE,
"""ps5366* AND salesLocation_s:60608 AND shipLocation_s:12008 AND customerAccount_s:AC0016-2584 AND dcLocation_s:7305 AND businessUnit_s:WESCO"", ""userName_s"": ""matt trautman"", ""refNum_s"": """"",FALSE,
"""PDP012FB3010/F5-I/O-C4AQU AND shipLocation_s:16041 AND businessUnit_s:Accu-Tech"", ""userName_s"": ""331970"", ""refNum_s"": ""610299""",TRUE,
"""024E88-33131-A3 AND shipLocation_s:11305 AND businessUnit_s:Accu-Tech"", ""userName_s"": ""337844"", ""refNum_s"": ""610301""",TRUE,
"""frm-mat* AND businessUnit_s:Accu-Tech AND shipLocation_s:13429 AND advancedPartSearch:Y AND businessUnit_s:Accu-Tech"", ""userName_s"": """", ""refNum_s"": ""100012447""",TRUE,
"""T32WQ2A23* AND salesLocation_s:61082 AND shipLocation_s:16009 AND customerAccount_s:AC0011-2699 AND dcLocation_s:5689 AND businessUnit_s:WESCO"", ""userName_s"": ""James Janak"", ""refNum_s"": """"",FALSE,
"""ssp100* AND salesLocation_s:61996 AND shipLocation_s:12304 AND customerAccount_s:AC0158-1124 AND businessUnit_s:Accu-Tech"", ""userName_s"": ""Nathan Ward"", ""refNum_s"": """"",TRUE,
"""RKWT4-265/10M* AND salesLocation_s:66708 AND shipLocation_s:12008 AND customerAccount_s:AC0010-8039 AND dcLocation_s:7305 AND businessUnit_s:WESCO"", ""userName_s"": ""Doug Lindsay"", ""refNum_s"": """"",FALSE,
"""18-2c-p-blk-bx* AND salesLocation_s:61997 AND shipLocation_s:12114 AND customerAccount_s:AC0158-0361 AND businessUnit_s:Accu-Tech"", ""userName_s"": ""Melisha Savage"", ""refNum_s"": """"",TRUE,
"""Fan-bt25-12* AND salesLocation_s:62536 AND shipLocation_s:15609 AND customerAccount_s:AC0162-1722 AND businessUnit_s:Accu-Tech"", ""userName_s"": ""Jason Jarvis"", ""refNum_s"": """"",TRUE,
"""c712 AND shipLocation_s:16023 AND businessUnit_s:Accu-Tech"", ""userName_s"": ""312371"", ""refNum_s"": ""610293""",TRUE,
"""10032455* AND salesLocation_s:60181 AND shipLocation_s:12004 AND customerAccount_s:AC0082-6805 AND businessUnit_s:WESCO"", ""userName_s"": ""Angela Stewart"", ""refNum_s"": """"",FALSE,
"""bch32-w2* AND salesLocation_s:62744 AND shipLocation_s:15416 AND customerAccount_s:AC0158-8937 AND businessUnit_s:Accu-Tech"", ""userName_s"": ""Chanel Cannon"", ""refNum_s"": """"",TRUE,
"""315685h01* AND businessUnit_s:WESCO AND shipLocation_s:14507 AND advancedPartSearch:Y AND businessUnit_s:WESCO"", ""userName_s"": """", ""refNum_s"": ""100012447""",FALSE,
"""cat6 patch cords* AND businessUnit_s:Accu-Tech AND shipLocation_s:16043 AND taxonomy_level_1_s:(\""B22-Wire and Cable\"") AND advancedPartSearch:Y AND businessUnit_s:Accu-Tech"", ""userName_s"": """", ""refNum_s"": ""100012447""",TRUE,
"""DFY349359* AND businessUnit_s:WESCO AND shipLocation_s:14507 AND advancedPartSearch:Y AND businessUnit_s:WESCO"", ""userName_s"": """", ""refNum_s"": ""100012447""",FALSE,
"""PLT6H-C0* AND salesLocation_s:60608 AND shipLocation_s:12008 AND customerAccount_s:AC0016-2584 AND dcLocation_s:7305 AND businessUnit_s:WESCO"", ""userName_s"": ""matt trautman"", ""refNum_s"": """"",FALSE,
"""UTP28X3 AND shipLocation_s:15414 AND businessUnit_s:Accu-Tech"", ""userName_s"": ""216112"", ""refNum_s"": ""609425""",TRUE,
"""ATR_1/4X120_ZN AND shipLocation_s:16023 AND businessUnit_s:Accu-Tech"", ""userName_s"": ""326749"", ""refNum_s"": ""610241""",TRUE,
"""srb19d7bl* AND salesLocation_s:61961 AND shipLocation_s:16011 AND customerAccount_s:AC0158-1180 AND businessUnit_s:Accu-Tech"", ""userName_s"": ""Andrew Lane"", ""refNum_s"": """"",TRUE,
"""*:* AND transPartOrFilter:(transactablePart_s:1002921AT OR transactablePart_s:1002710AT) AND salesLocation_s:62530 AND shipLocation_s:15642 AND customerAccount_s:AC0158-2992 AND businessUnit_s:Accu-Tech"", ""userName_s"": ""Greg Griffo"", ""refNum_s"": ""QU100030022""",TRUE,
"""MCTP6I-6- AND shipLocation_s:16043 AND businessUnit_s:Accu-Tech"", ""userName_s"": ""304249"", ""refNum_s"": ""610267""",TRUE,
"""mpls* AND salesLocation_s:61960 AND shipLocation_s:16043 AND customerAccount_s:AC0158-0571 AND businessUnit_s:Accu-Tech"", ""userName_s"": ""Alton Balentine"", ""refNum_s"": """"",TRUE,
"""mctp6bi-6-10* AND salesLocation_s:62532 AND shipLocation_s:11726 AND customerAccount_s:AC0158-5850 AND businessUnit_s:Accu-Tech"", ""userName_s"": ""Foster Burch"", ""refNum_s"": """"",TRUE,
"""HXJ6B* AND salesLocation_s:61960 AND shipLocation_s:16043 AND customerAccount_s:AC0158-0571 AND businessUnit_s:Accu-Tech"", ""userName_s"": ""Alton Balentine"", ""refNum_s"": """"",TRUE,
"""41AB6-1F4 AND shipLocation_s:15609 AND businessUnit_s:Accu-Tech"", ""userName_s"": ""337705"", ""refNum_s"": ""608653""",TRUE,
"""TF6-OS2-PL AND shipLocation_s:16041 AND businessUnit_s:Accu-Tech"", ""userName_s"": ""313089"", ""refNum_s"": ""610244""",TRUE,
"""hbl2721* AND salesLocation_s:60608 AND shipLocation_s:12008 AND customerAccount_s:AC0016-2584 AND dcLocation_s:7305 AND businessUnit_s:WESCO"", ""userName_s"": ""matt trautman"", ""refNum_s"": """"",FALSE,
"""TRED-ELEC AND shipLocation_s:16023 AND businessUnit_s:Accu-Tech"", ""userName_s"": ""326749"", ""refNum_s"": ""610241""",TRUE,
"""49255* AND salesLocation_s:62530 AND shipLocation_s:15642 AND customerAccount_s:AC0158-1585 AND businessUnit_s:Accu-Tech"", ""userName_s"": ""Simon Ruppert"", ""refNum_s"": """"",TRUE,
"""fis AND shipLocation_s:14205 AND businessUnit_s:Accu-Tech"", ""userName_s"": ""317857"", ""refNum_s"": ""610259""",TRUE,
"""41D6A-1F4 AND shipLocation_s:15625 AND businessUnit_s:Accu-Tech"", ""userName_s"": ""307308"", ""refNum_s"": ""610137""",TRUE,
"""FXNS12ALCB-3M AND shipLocation_s:11726 AND businessUnit_s:Accu-Tech"", ""userName_s"": ""302568"", ""refNum_s"": ""610252""",TRUE,
"""IX-DV* AND salesLocation_s:62530 AND shipLocation_s:15642 AND customerAccount_s:AC0158-2076 AND businessUnit_s:Accu-Tech"", ""userName_s"": ""Greg Griffo"", ""refNum_s"": """"",TRUE,
"""35700-701 AND shipLocation_s:13002 AND businessUnit_s:Accu-Tech"", ""userName_s"": ""316046"", ""refNum_s"": ""610228""",TRUE,
"""ISB1W AND businessUnit_s:Accu-Tech"", ""userName_s"": ""328842"", ""refNum_s"": ""610179""",TRUE,
"""SE-5154* AND businessUnit_s:WESCO AND shipLocation_s:12402 AND advancedPartSearch:Y AND businessUnit_s:WESCO"", ""userName_s"": """", ""refNum_s"": ""100012447""",FALSE,
"""*:* AND transPartOrFilter:(transactablePart_s:BD8452729) AND salesLocation_s:60682 AND shipLocation_s:15408 AND dcLocation_s:7305 AND customerAccount_s:AC0185-9257 AND businessUnit_s:WESCO"", ""userName_s"": ""Nicholas Garets"", ""refNum_s"": ""QU100029707""",FALSE,
"""1025 AND shipLocation_s:15819 AND businessUnit_s:Accu-Tech"", ""userName_s"": ""223220"", ""refNum_s"": ""609970""",TRUE,
"""45982h06* AND businessUnit_s:WESCO AND shipLocation_s:14507 AND advancedPartSearch:Y AND businessUnit_s:WESCO"", ""userName_s"": """", ""refNum_s"": ""100012447""",FALSE,
"""q40-0xnu AND shipLocation_s:16011 AND businessUnit_s:Accu-Tech"", ""userName_s"": ""322620"", ""refNum_s"": ""610199""",TRUE,
"""rv6m AND shipLocation_s:14506 AND businessUnit_s:Accu-Tech"", ""userName_s"": ""209989"", ""refNum_s"": ""609610""",TRUE,
"""rv AND shipLocation_s:14506 AND businessUnit_s:Accu-Tech"", ""userName_s"": ""209989"", ""refNum_s"": ""609610""",TRUE,
"""UNP-U-610-2U-48* AND businessUnit_s:Accu-Tech AND shipLocation_s:12114 AND advancedPartSearch:Y AND businessUnit_s:Accu-Tech"", ""userName_s"": """", ""refNum_s"": ""100012447""",TRUE,
"""MGS600* AND businessUnit_s:Accu-Tech AND shipLocation_s:12114 AND advancedPartSearch:Y AND businessUnit_s:Accu-Tech"", ""userName_s"": """", ""refNum_s"": ""100012447""",TRUE,
"""4F2425/5E-8-SX* AND businessUnit_s:Accu-Tech AND shipLocation_s:12114 AND advancedPartSearch:Y AND businessUnit_s:Accu-Tech"", ""userName_s"": """", ""refNum_s"": ""100012447""",TRUE,
"""vp-6 AND shipLocation_s:16041 AND businessUnit_s:Accu-Tech"", ""userName_s"": ""313089"", ""refNum_s"": ""610171""",TRUE,
"""KWP6 AND shipLocation_s:13603 AND businessUnit_s:Accu-Tech"", ""userName_s"": ""227835"", ""refNum_s"": ""610175""",TRUE,
"""UN874049914/10 AND shipLocation_s:15625 AND businessUnit_s:Accu-Tech"", ""userName_s"": ""329187"", ""refNum_s"": ""610190""",TRUE,
"""pnm-c16013r AND shipLocation_s:14611 AND businessUnit_s:Accu-Tech"", ""userName_s"": ""303596"", ""refNum_s"": ""610192""",TRUE,
"""CS44R* AND businessUnit_s:Accu-Tech AND shipLocation_s:12114 AND advancedPartSearch:Y AND businessUnit_s:Accu-Tech"", ""userName_s"": """", ""refNum_s"": ""100012447""",TRUE,
"""CS37P* AND businessUnit_s:Accu-Tech AND shipLocation_s:12114 AND advancedPartSearch:Y AND businessUnit_s:Accu-Tech"", ""userName_s"": """", ""refNum_s"": ""100012447""",TRUE,
"""cat6a green cmp* AND businessUnit_s:Accu-Tech AND shipLocation_s:13002 AND advancedPartSearch:Y AND businessUnit_s:Accu-Tech"", ""userName_s"": """", ""refNum_s"": ""100012447""",TRUE,
"""berk-tek om4* AND salesLocation_s:61963 AND shipLocation_s:16041 AND customerAccount_s:AC0186-3068 AND businessUnit_s:Accu-Tech"", ""userName_s"": ""Von Small"", ""refNum_s"": """"",TRUE,
"""40161-072 AND shipLocation_s:15609 AND businessUnit_s:Accu-Tech"", ""userName_s"": ""234627"", ""refNum_s"": ""609863""",TRUE,
"""6111G-RY6 AND shipLocation_s:15625 AND businessUnit_s:Accu-Tech"", ""userName_s"": ""307308"", ""refNum_s"": ""610137""",TRUE,
"""CS34R* AND businessUnit_s:Accu-Tech AND shipLocation_s:12114 AND advancedPartSearch:Y AND businessUnit_s:Accu-Tech"", ""userName_s"": """", ""refNum_s"": ""100012447""",TRUE,
"""108168469 AND businessUnit_s:Accu-Tech"", ""userName_s"": ""228294"", ""refNum_s"": """"",TRUE,
"""FS-101483 AND shipLocation_s:15414 AND businessUnit_s:Accu-Tech"", ""userName_s"": ""307091"", ""refNum_s"": ""604841""",TRUE,
"""658amj* AND salesLocation_s:61960 AND shipLocation_s:16043 AND customerAccount_s:AC0158-3872 AND businessUnit_s:Accu-Tech"", ""userName_s"": ""Marcos Botello"", ""refNum_s"": """"",TRUE,
"""ax AND shipLocation_s:11411 AND businessUnit_s:Accu-Tech"", ""userName_s"": ""228294"", ""refNum_s"": ""610169""",TRUE,
"""10250- AND shipLocation_s:12114 AND businessUnit_s:Accu-Tech"", ""userName_s"": ""235882"", ""refNum_s"": ""610173""",TRUE,
"""V-1030C* AND salesLocation_s:62473 AND shipLocation_s:13429 AND customerAccount_s:AC0158-6104 AND businessUnit_s:Accu-Tech"", ""userName_s"": ""Davis Puckey"", ""refNum_s"": """"",TRUE,
"""12831-7 AND shipLocation_s:15819 AND businessUnit_s:Accu-Tech"", ""userName_s"": ""237306"", ""refNum_s"": ""610124""",TRUE,
"""49255-H48 AND shipLocation_s:11726 AND businessUnit_s:Accu-Tech"", ""userName_s"": ""233415"", ""refNum_s"": ""609926""",TRUE,
"""CD-930H-250 AND businessUnit_s:Accu-Tech"", ""userName_s"": ""327282"", ""refNum_s"": """"",TRUE,
"""VERSIV-BACKPK-STRP AND shipLocation_s:15642 AND businessUnit_s:Accu-Tech"", ""userName_s"": ""233931"", ""refNum_s"": ""610158""",TRUE,
"""78205144030* AND salesLocation_s:60608 AND shipLocation_s:12008 AND customerAccount_s:AC0155-5833 AND dcLocation_s:7305 AND businessUnit_s:WESCO"", ""userName_s"": ""Noah Gelman"", ""refNum_s"": """"",FALSE,
"""SRYLFXBPRM4 AND shipLocation_s:16023 AND businessUnit_s:Accu-Tech"", ""userName_s"": ""208907"", ""refNum_s"": ""610141""",TRUE,
"""V-2971 AND shipLocation_s:11726 AND businessUnit_s:Accu-Tech"", ""userName_s"": ""329125"", ""refNum_s"": ""609111""",TRUE,
"""iem AND shipLocation_s:16023 AND businessUnit_s:Accu-Tech"", ""userName_s"": ""339483"", ""refNum_s"": ""608560""",TRUE,
"""7100290221* AND salesLocation_s:60001 AND shipLocation_s:12619 AND customerAccount_s:AC0154-7361 AND dcLocation_s:7302 AND businessUnit_s:WESCO"", ""userName_s"": ""Sam Alford"", ""refNum_s"": """"",FALSE,
"""SRWF6U36 AND shipLocation_s:16023 AND businessUnit_s:Accu-Tech"", ""userName_s"": ""312371"", ""refNum_s"": ""610084""",TRUE,
"""CF54/50EZ* AND salesLocation_s:61996 AND shipLocation_s:12304 AND customerAccount_s:AC0160-0026 AND businessUnit_s:Accu-Tech"", ""userName_s"": ""Nathan Ward"", ""refNum_s"": """"",TRUE,
"""pwr- AND shipLocation_s:16023 AND businessUnit_s:Accu-Tech"", ""userName_s"": ""339483"", ""refNum_s"": ""608560""",TRUE,
"""pwr AND shipLocation_s:16023 AND businessUnit_s:Accu-Tech"", ""userName_s"": ""339483"", ""refNum_s"": ""608560""",TRUE,
"""1025705AT* AND businessUnit_s:Accu-Tech AND shipLocation_s:13429 AND advancedPartSearch:Y AND businessUnit_s:Accu-Tech"", ""userName_s"": """", ""refNum_s"": ""100012447""",TRUE,
"""cch-cp12-b AND shipLocation_s:16023 AND businessUnit_s:Accu-Tech"", ""userName_s"": ""339483"", ""refNum_s"": ""608560""",TRUE,
"""PE30HDH00AN4* AND salesLocation_s:62531 AND shipLocation_s:15625 AND customerAccount_s:AC0158-3337 AND businessUnit_s:Accu-Tech"", ""userName_s"": ""Jessica Mallard"", ""refNum_s"": """"",TRUE,
"""s22hd AND shipLocation_s:12304 AND businessUnit_s:Accu-Tech"", ""userName_s"": ""208904"", ""refNum_s"": ""610135""",TRUE,
"""L3-0101B2EAD1002M AND shipLocation_s:16043 AND businessUnit_s:Accu-Tech"", ""userName_s"": ""325146"", ""refNum_s"": ""609491""",TRUE,
"""50hn AND businessUnit_s:Accu-Tech"", ""userName_s"": ""332869"", ""refNum_s"": ""610055""",TRUE,
"""FRM-200* AND salesLocation_s:61998 AND shipLocation_s:13002 AND customerAccount_s:AC0158-7641 AND businessUnit_s:Accu-Tech"", ""userName_s"": ""Ian Berryman"", ""refNum_s"": """"",TRUE,
"""CS34P AND shipLocation_s:12114 AND businessUnit_s:Accu-Tech"", ""userName_s"": ""337344"", ""refNum_s"": ""610143""",TRUE,
"""2227v AND shipLocation_s:14205 AND businessUnit_s:Accu-Tech"", ""userName_s"": ""317857"", ""refNum_s"": ""609703""",TRUE,
"""*:* AND transPartOrFilter:(transactablePart_s:1008370AT) AND salesLocation_s:62473 AND shipLocation_s:13429 AND customerAccount_s:AC0200-3266 AND businessUnit_s:Accu-Tech"", ""userName_s"": ""Davis Puckey"", ""refNum_s"": ""100076758""",TRUE,
"""sdhju24 AND shipLocation_s:12304 AND businessUnit_s:Accu-Tech"", ""userName_s"": ""208904"", ""refNum_s"": ""610135""",TRUE,
"""61110- AND shipLocation_s:15609 AND businessUnit_s:Accu-Tech"", ""userName_s"": ""226022"", ""refNum_s"": ""610142""",TRUE,
"""*:* AND transPartOrFilter:(transactablePart_s:EA65542Z4) AND salesLocation_s:61171 AND shipLocation_s:12402 AND dcLocation_s:7302 AND customerAccount_s:AC0001-5961 AND businessUnit_s:WESCO"", ""userName_s"": ""Mike Albright"", ""refNum_s"": ""QU100029998""",FALSE,
"""TJ6A-27* AND businessUnit_s:WESCO AND shipLocation_s:12004 AND advancedPartSearch:Y AND businessUnit_s:WESCO"", ""userName_s"": """", ""refNum_s"": ""100012447""",FALSE,
"""ftlf8536p AND shipLocation_s:12114 AND businessUnit_s:Accu-Tech"", ""userName_s"": ""235882"", ""refNum_s"": ""610130""",TRUE,
"""nk2f AND shipLocation_s:11726 AND businessUnit_s:Accu-Tech"", ""userName_s"": ""302568"", ""refNum_s"": ""610046""",TRUE,
"""rciaP01 AND shipLocation_s:12908 AND businessUnit_s:Accu-Tech"", ""userName_s"": ""321469"", ""refNum_s"": ""610129""",TRUE,
"""pe8 AND shipLocation_s:16023 AND businessUnit_s:Accu-Tech"", ""userName_s"": ""208907"", ""refNum_s"": ""610118""",TRUE,
"""mctp6 AND shipLocation_s:14506 AND businessUnit_s:Accu-Tech"", ""userName_s"": ""209989"", ""refNum_s"": ""609610""",TRUE,
"""pe89-245 AND shipLocation_s:16023 AND businessUnit_s:Accu-Tech"", ""userName_s"": ""208907"", ""refNum_s"": ""610118""",TRUE,
"""per AND shipLocation_s:16023 AND businessUnit_s:Accu-Tech"", ""userName_s"": ""208907"", ""refNum_s"": ""610118""",TRUE,
"""810-LL7-003 AND shipLocation_s:16023 AND businessUnit_s:Accu-Tech"", ""userName_s"": ""326749"", ""refNum_s"": ""610112""",TRUE,
"""UN874049914/10 AND businessUnit_s:Accu-Tech"", ""userName_s"": ""306666"", ""refNum_s"": ""610110""",TRUE,
"""43007799990* AND salesLocation_s:61138 AND shipLocation_s:11204 AND customerAccount_s:AC0059-8008 AND dcLocation_s:7302 AND businessUnit_s:WESCO"", ""userName_s"": ""Jarod Hart"", ""refNum_s"": """"",FALSE,
"""ZPDS-208V60A-HW-6L21-20R AND shipLocation_s:15819 AND businessUnit_s:Accu-Tech"", ""userName_s"": ""237306"", ""refNum_s"": ""610111""",TRUE,
"""002E8F AND shipLocation_s:11411 AND businessUnit_s:Accu-Tech"", ""userName_s"": ""334543"", ""refNum_s"": ""609930""",TRUE,
"""002E AND shipLocation_s:11411 AND businessUnit_s:Accu-Tech"", ""userName_s"": ""334543"", ""refNum_s"": ""609930""",TRUE,
"""UTP6a AND shipLocation_s:16043 AND businessUnit_s:Accu-Tech"", ""userName_s"": ""227199"", ""refNum_s"": ""608912""",TRUE,
"""UTP6axSP3BU AND shipLocation_s:16043 AND businessUnit_s:Accu-Tech"", ""userName_s"": ""227199"", ""refNum_s"": ""608912""",TRUE,
"""smb-1p-2 AND shipLocation_s:14506 AND businessUnit_s:Accu-Tech"", ""userName_s"": ""209989"", ""refNum_s"": ""610079""",TRUE,
"""smb-1p AND shipLocation_s:14506 AND businessUnit_s:Accu-Tech"", ""userName_s"": ""209989"", ""refNum_s"": ""610079""",TRUE,
"""KSSMB1- AND businessUnit_s:Accu-Tech"", ""userName_s"": ""328841"", ""refNum_s"": ""610063""",TRUE,
"""6A-246-2B AND shipLocation_s:15428 AND businessUnit_s:Accu-Tech"", ""userName_s"": ""239908"", ""refNum_s"": ""610037""",TRUE,
"""378GOBKLS* AND salesLocation_s:61171 AND shipLocation_s:12402 AND customerAccount_s:AC0001-5961 AND dcLocation_s:7302 AND businessUnit_s:WESCO"", ""userName_s"": ""Aiereona Palmer"", ""refNum_s"": """"",FALSE,
"""Si AND shipLocation_s:16023 AND businessUnit_s:Accu-Tech"", ""userName_s"": ""312371"", ""refNum_s"": ""607688""",TRUE,
"""2413 D15U1000 AND businessUnit_s:Accu-Tech"", ""userName_s"": ""313507"", ""refNum_s"": """"",TRUE,
"""11301-701* AND salesLocation_s:62533 AND shipLocation_s:11102 AND customerAccount_s:AC0158-1550 AND businessUnit_s:Accu-Tech"", ""userName_s"": ""Shannon Brown"", ""refNum_s"": """"",TRUE,
"""C6ASPDSB AND businessUnit_s:Accu-Tech"", ""userName_s"": ""233601"", ""refNum_s"": """"",TRUE,
"""NSC6AB05 AND businessUnit_s:Accu-Tech"", ""userName_s"": ""233601"", ""refNum_s"": """"",TRUE,
"""trt3 AND businessUnit_s:Accu-Tech"", ""userName_s"": ""332869"", ""refNum_s"": ""610055""",TRUE,
"""Berk-Tek_place_holder AND shipLocation_s:13429 AND businessUnit_s:Accu-Tech"", ""userName_s"": ""231024"", ""refNum_s"": ""610072""",TRUE,
"""95-050-99- AND shipLocation_s:15625 AND businessUnit_s:Accu-Tech"", ""userName_s"": ""329187"", ""refNum_s"": ""610061""",TRUE,
"""700000 AND businessUnit_s:Accu-Tech"", ""userName_s"": ""332869"", ""refNum_s"": ""610055""",TRUE,
"""cfpl6why AND businessUnit_s:Accu-Tech"", ""userName_s"": ""233642"", ""refNum_s"": """"",TRUE,
"""95-050-99-X AND businessUnit_s:Accu-Tech"", ""userName_s"": ""339483"", ""refNum_s"": """"",TRUE,
"""1611-20* AND salesLocation_s:60001 AND shipLocation_s:12619 AND customerAccount_s:AC0000-5694 AND dcLocation_s:7302 AND businessUnit_s:WESCO"", ""userName_s"": ""Josephine Trupiano"", ""refNum_s"": """"",FALSE,
"""250-712 AND businessUnit_s:Accu-Tech"", ""userName_s"": ""328501"", ""refNum_s"": ""608939""",TRUE,
"""DE52Z97Y8* AND salesLocation_s:61171 AND shipLocation_s:12402 AND customerAccount_s:AC0061-0418 AND dcLocation_s:7302 AND businessUnit_s:WESCO"", ""userName_s"": ""John Narum"", ""refNum_s"": """"",FALSE,
"""11421-712* AND salesLocation_s:61961 AND shipLocation_s:16011 AND customerAccount_s:AC0158-1180 AND businessUnit_s:Accu-Tech"", ""userName_s"": ""Andrew Lane"", ""refNum_s"": """"",TRUE,
"""95-200-4 AND shipLocation_s:16023 AND businessUnit_s:Accu-Tech"", ""userName_s"": ""339483"", ""refNum_s"": ""610053""",TRUE,
"""C601106010 AND shipLocation_s:11102 AND businessUnit_s:Accu-Tech"", ""userName_s"": ""238320"", ""refNum_s"": ""609260""",TRUE,
"""BD9922ZZ6* AND salesLocation_s:61171 AND shipLocation_s:12402 AND customerAccount_s:AC0061-0418 AND dcLocation_s:7302 AND businessUnit_s:WESCO"", ""userName_s"": ""John Narum"", ""refNum_s"": """"",FALSE,
"""W97FU2A23* AND salesLocation_s:61171 AND shipLocation_s:12402 AND customerAccount_s:AC0061-0418 AND dcLocation_s:7302 AND businessUnit_s:WESCO"", ""userName_s"": ""John Narum"", ""refNum_s"": """"",FALSE,
"""CCH-CS12-A9-P00RE AND shipLocation_s:11102 AND businessUnit_s:Accu-Tech"", ""userName_s"": ""238320"", ""refNum_s"": ""609260""",TRUE,
"""760257229 AND shipLocation_s:12304 AND businessUnit_s:Accu-Tech"", ""userName_s"": ""233642"", ""refNum_s"": ""610044""",TRUE,
"""AZ101326 AND shipLocation_s:11102 AND businessUnit_s:Accu-Tech"", ""userName_s"": ""238320"", ""refNum_s"": ""609260""",TRUE,
"""7633228-02* AND businessUnit_s:Accu-Tech AND shipLocation_s:15428 AND advancedPartSearch:Y AND businessUnit_s:Accu-Tech"", ""userName_s"": """", ""refNum_s"": ""100012447""",TRUE,
"""66-145-003 AND businessUnit_s:Accu-Tech"", ""userName_s"": ""328501"", ""refNum_s"": ""608939""",TRUE,
"""19-84-t4sda2132 AND shipLocation_s:14611 AND businessUnit_s:Accu-Tech"", ""userName_s"": ""303596"", ""refNum_s"": ""610042""",TRUE,
"""19-84- AND shipLocation_s:14611 AND businessUnit_s:Accu-Tech"", ""userName_s"": ""303596"", ""refNum_s"": ""610042""",TRUE,
"""6a-272* AND businessUnit_s:Accu-Tech AND shipLocation_s:13429 AND advancedPartSearch:Y AND businessUnit_s:Accu-Tech"", ""userName_s"": """", ""refNum_s"": ""100012447""",TRUE,
"""SRB19D7BL* AND businessUnit_s:Accu-Tech AND shipLocation_s:13429 AND advancedPartSearch:Y AND businessUnit_s:Accu-Tech"", ""userName_s"": """", ""refNum_s"": ""100012447""",TRUE,
"""dps- AND shipLocation_s:16011 AND businessUnit_s:Accu-Tech"", ""userName_s"": ""333371"", ""refNum_s"": ""610034""",TRUE,
"""ICA12-50JP AND shipLocation_s:11411 AND businessUnit_s:Accu-Tech"", ""userName_s"": ""334543"", ""refNum_s"": ""610031""",TRUE,
"""20nks AND shipLocation_s:16011 AND businessUnit_s:Accu-Tech"", ""userName_s"": ""333371"", ""refNum_s"": ""610034""",TRUE,
"""30237-8* AND shipLocation_s:11411 AND businessUnit_s:Accu-Tech"", ""userName_s"": ""337835"", ""refNum_s"": ""610015""",TRUE,
"""CAT16HP8Z34 AND businessUnit_s:Accu-Tech"", ""userName_s"": ""233601"", ""refNum_s"": """"",TRUE,
"""NSC6AB05 AND businessUnit_s:Accu-Tech"", ""userName_s"": ""233601"", ""refNum_s"": """"",TRUE,
"""UPP AND shipLocation_s:15609 AND businessUnit_s:Accu-Tech"", ""userName_s"": ""337705"", ""refNum_s"": ""609214""",TRUE,
"""13602-718 AND shipLocation_s:16011 AND businessUnit_s:Accu-Tech"", ""userName_s"": ""329137"", ""refNum_s"": ""609218""",TRUE,
"""566-110-010 AND businessUnit_s:Accu-Tech"", ""userName_s"": ""328501"", ""refNum_s"": ""608939""",TRUE,
"""31100* AND salesLocation_s:61171 AND shipLocation_s:12402 AND customerAccount_s:AC0001-5961 AND dcLocation_s:7302 AND businessUnit_s:WESCO"", ""userName_s"": ""Danny Jenkins"", ""refNum_s"": """"",FALSE,
"""037-327WH AND shipLocation_s:14205 AND businessUnit_s:Accu-Tech"", ""userName_s"": ""317857"", ""refNum_s"": ""607568""",TRUE,
"""tze221 AND shipLocation_s:16041 AND businessUnit_s:Accu-Tech"", ""userName_s"": ""313089"", ""refNum_s"": ""609948""",TRUE,
"""3023 AND shipLocation_s:11411 AND businessUnit_s:Accu-Tech"", ""userName_s"": ""337835"", ""refNum_s"": ""610001""",TRUE,
"""40300548* AND salesLocation_s:61960 AND shipLocation_s:16043 AND customerAccount_s:AC0161-7232 AND businessUnit_s:Accu-Tech"", ""userName_s"": ""Cruz Hernandez"", ""refNum_s"": """"",TRUE,
"""UNC6-GR-7F* AND salesLocation_s:62680 AND shipLocation_s:14205 AND customerAccount_s:AC0159-3928 AND businessUnit_s:Accu-Tech"", ""userName_s"": ""Sean Stazen"", ""refNum_s"": """"",TRUE,
"""3RA2315-8XB30-1BB4* AND salesLocation_s:60627 AND shipLocation_s:14507 AND customerAccount_s:AC0000-3244 AND dcLocation_s:7303 AND businessUnit_s:WESCO"", ""userName_s"": ""Meaghan Reidy"", ""refNum_s"": """"",FALSE,
"""NK6X88MIG AND shipLocation_s:12114 AND businessUnit_s:Accu-Tech"", ""userName_s"": ""337344"", ""refNum_s"": ""601293""",TRUE,
"""cat21hp4z34* AND salesLocation_s:62474 AND shipLocation_s:13417 AND customerAccount_s:AC0158-6317 AND businessUnit_s:Accu-Tech"", ""userName_s"": ""Kelly Szymanski"", ""refNum_s"": """"",TRUE,
"""7012818428* AND salesLocation_s:60664 AND shipLocation_s:14001 AND customerAccount_s:AC0001-4341 AND dcLocation_s:7305 AND businessUnit_s:WESCO"", ""userName_s"": ""Garrett Rucker"", ""refNum_s"": """"",FALSE,
"""DW-BJP1U4 AND shipLocation_s:11102 AND businessUnit_s:Accu-Tech"", ""userName_s"": ""238320"", ""refNum_s"": ""608047""",TRUE,
"""CA21106010 AND shipLocation_s:15819 AND businessUnit_s:Accu-Tech"", ""userName_s"": ""237306"", ""refNum_s"": ""609234""",TRUE,
"""1046889AT* AND salesLocation_s:61962 AND shipLocation_s:16023 AND customerAccount_s:AC0186-3068 AND businessUnit_s:Accu-Tech"", ""userName_s"": ""Jennie Robinson"", ""refNum_s"": """"",TRUE,
"""AX102652 AND shipLocation_s:15819 AND businessUnit_s:Accu-Tech"", ""userName_s"": ""237306"", ""refNum_s"": ""609234""",TRUE,
"""11294-719 AND businessUnit_s:Accu-Tech"", ""userName_s"": ""313507"", ""refNum_s"": """"",TRUE,
"""KRJS45FT-C6C AND businessUnit_s:Accu-Tech"", ""userName_s"": ""337835"", ""refNum_s"": """"",TRUE,
"""UPL-NM-12T* AND salesLocation_s:62680 AND shipLocation_s:14205 AND customerAccount_s:AC0160-8716 AND businessUnit_s:Accu-Tech"", ""userName_s"": ""Sean Stazen"", ""refNum_s"": """"",TRUE,
"""55053-703 AND businessUnit_s:Accu-Tech"", ""userName_s"": ""313507"", ""refNum_s"": """"",TRUE,
"""RM12 AND shipLocation_s:14611 AND businessUnit_s:Accu-Tech"", ""userName_s"": ""339347"", ""refNum_s"": ""609126""",TRUE,
"""z006ds8w AND shipLocation_s:15009 AND businessUnit_s:Accu-Tech"", ""userName_s"": ""218875"", ""refNum_s"": ""609902""",TRUE,
"""z006ds AND shipLocation_s:15009 AND businessUnit_s:Accu-Tech"", ""userName_s"": ""218875"", ""refNum_s"": ""609902""",TRUE,
"""JP4DW-X20* AND salesLocation_s:61962 AND shipLocation_s:16023 AND customerAccount_s:AC0159-2344 AND businessUnit_s:Accu-Tech"", ""userName_s"": ""JR Luck"", ""refNum_s"": """"",TRUE,
"""760248525 AND shipLocation_s:14509 AND businessUnit_s:Accu-Tech"", ""userName_s"": ""316066"", ""refNum_s"": ""609797""",TRUE,
"""ssp AND shipLocation_s:12304 AND businessUnit_s:Accu-Tech"", ""userName_s"": ""327282"", ""refNum_s"": ""609936""",TRUE,
"""*:* AND transPartOrFilter:(transactablePart_s:1017348AT) AND salesLocation_s:61960 AND shipLocation_s:16043 AND customerAccount_s:AC0161-5610 AND businessUnit_s:Accu-Tech"", ""userName_s"": ""Alton Balentine"", ""refNum_s"": ""100076536""",TRUE,
"""*:* AND transPartOrFilter:(transactablePart_s:1055186AT OR transactablePart_s:1054624AT OR transactablePart_s:1055398AT OR transactablePart_s:1011381AT OR transactablePart_s:1011216AT) AND salesLocation_s:61996 AND shipLocation_s:12304 AND customerAccount_s:AC0158-0776 AND businessUnit_s:Accu-Tech"", ""userName_s"": ""Nathan Ward"", ""refNum_s"": ""100076600""",TRUE,
"""076490722371* AND salesLocation_s:61171 AND shipLocation_s:12402 AND customerAccount_s:AC0018-5130 AND dcLocation_s:7302 AND businessUnit_s:WESCO"", ""userName_s"": ""Danny Jenkins"", ""refNum_s"": """"",FALSE,
"""700210024 AND shipLocation_s:14509 AND businessUnit_s:Accu-Tech"", ""userName_s"": ""316066"", ""refNum_s"": ""609797""",TRUE,
"""460409* AND salesLocation_s:60664 AND shipLocation_s:14001 AND customerAccount_s:AC0001-4341 AND dcLocation_s:7305 AND businessUnit_s:WESCO"", ""userName_s"": ""Garrett Rucker"", ""refNum_s"": """"",FALSE,
"""1880ECA1-50 AND shipLocation_s:14509 AND businessUnit_s:Accu-Tech"", ""userName_s"": ""316066"", ""refNum_s"": ""609797""",TRUE,
"""UN874041614/10 AND shipLocation_s:12908 AND businessUnit_s:Accu-Tech"", ""userName_s"": ""321602"", ""refNum_s"": ""609940""",TRUE,
"""cch- AND shipLocation_s:11102 AND businessUnit_s:Accu-Tech"", ""userName_s"": ""224559"", ""refNum_s"": ""609939""",TRUE,
"""J744Z* AND salesLocation_s:60001 AND shipLocation_s:12619 AND customerAccount_s:AC0013-3242 AND dcLocation_s:7302 AND businessUnit_s:WESCO"", ""userName_s"": ""Josephine Trupiano"", ""refNum_s"": """"",FALSE,
"""C2060283* AND salesLocation_s:60001 AND shipLocation_s:12619 AND customerAccount_s:AC0013-3242 AND dcLocation_s:7302 AND businessUnit_s:WESCO"", ""userName_s"": ""Josephine Trupiano"", ""refNum_s"": """"",FALSE,
"""CBX2WH-AY AND shipLocation_s:15819 AND businessUnit_s:Accu-Tech"", ""userName_s"": ""223220"", ""refNum_s"": ""606753""",TRUE,
"""MCTP6I-6-1 AND shipLocation_s:16041 AND businessUnit_s:Accu-Tech"", ""userName_s"": ""313089"", ""refNum_s"": ""609931""",TRUE,
"""ip01-24 AND businessUnit_s:Accu-Tech"", ""userName_s"": ""312371"", ""refNum_s"": """"",TRUE,
"""12100-718 AND shipLocation_s:11726 AND businessUnit_s:Accu-Tech"", ""userName_s"": ""233415"", ""refNum_s"": ""609926""",TRUE,
"""CCHCS12E4P00TE* AND salesLocation_s:61963 AND shipLocation_s:16041 AND customerAccount_s:AC0186-3068 AND businessUnit_s:Accu-Tech"", ""userName_s"": ""Von Small"", ""refNum_s"": """"",TRUE,
"""AX104194 AND shipLocation_s:11726 AND businessUnit_s:Accu-Tech"", ""userName_s"": ""331169"", ""refNum_s"": ""609924""",TRUE,
"""852-LL2-050* AND salesLocation_s:62473 AND shipLocation_s:13429 AND customerAccount_s:AC0158-6108 AND businessUnit_s:Accu-Tech"", ""userName_s"": ""Ben Leonard"", ""refNum_s"": """"",TRUE,
"""jp2w-l20* AND businessUnit_s:Accu-Tech AND shipLocation_s:16011 AND advancedPartSearch:Y AND businessUnit_s:Accu-Tech"", ""userName_s"": """", ""refNum_s"": ""100012447""",TRUE,
"""852-LL2-050* AND salesLocation_s:62473 AND shipLocation_s:13429 AND customerAccount_s:AC0158-6108 AND businessUnit_s:Accu-Tech"", ""userName_s"": ""Ben Leonard"", ""refNum_s"": """"",TRUE,
"""cutout* AND businessUnit_s:WESCO AND shipLocation_s:12619 AND taxonomy_level_1_s:(\""B13-Electrical Supplies\"") AND advancedPartSearch:Y AND businessUnit_s:WESCO"", ""userName_s"": """", ""refNum_s"": ""100012447""",FALSE,
"""6AM150-003 AND shipLocation_s:12304 AND businessUnit_s:Accu-Tech"", ""userName_s"": ""208904"", ""refNum_s"": ""609757""",TRUE,
"""cch-cs12-59-poo AND shipLocation_s:15819 AND businessUnit_s:Accu-Tech"", ""userName_s"": ""237306"", ""refNum_s"": ""609910""",TRUE,
"""5501UE* AND salesLocation_s:62530 AND shipLocation_s:15642 AND customerAccount_s:AC0160-8959 AND businessUnit_s:Accu-Tech"", ""userName_s"": ""Greg Griffo"", ""refNum_s"": """"",TRUE,
"""576-140-010 AND shipLocation_s:13429 AND businessUnit_s:Accu-Tech"", ""userName_s"": ""322566"", ""refNum_s"": ""609843""",TRUE,
"""JBX3510WH-A AND businessUnit_s:Accu-Tech"", ""userName_s"": ""313507"", ""refNum_s"": """"",TRUE,
"""028-10F-000-LX* AND salesLocation_s:62474 AND shipLocation_s:13417 AND customerAccount_s:AC0186-3068 AND businessUnit_s:Accu-Tech"", ""userName_s"": ""Liz Miller"", ""refNum_s"": """"",TRUE,
"""004-euc-t AND businessUnit_s:Accu-Tech"", ""userName_s"": ""328500"", ""refNum_s"": ""609773""",TRUE,
"""wmpfe AND shipLocation_s:11726 AND businessUnit_s:Accu-Tech"", ""userName_s"": ""331169"", ""refNum_s"": ""609620""",TRUE,
"""CH448F524A9-UF001B* AND salesLocation_s:62747 AND shipLocation_s:11411 AND customerAccount_s:AC0158-5463 AND businessUnit_s:Accu-Tech"", ""userName_s"": ""Thomas Cousins"", ""refNum_s"": """"",TRUE,
"""576-115-015* AND salesLocation_s:62530 AND shipLocation_s:15642 AND customerAccount_s:AC0158-5327 AND businessUnit_s:Accu-Tech"", ""userName_s"": ""Greg Griffo"", ""refNum_s"": """"",TRUE,
"""CPCSSx2p AND shipLocation_s:16011 AND businessUnit_s:Accu-Tech"", ""userName_s"": ""235565"", ""refNum_s"": ""590228""",TRUE,
"""ksfp2 AND shipLocation_s:15009 AND businessUnit_s:Accu-Tech"", ""userName_s"": ""303273"", ""refNum_s"": ""609498""",TRUE,
"""CFPL2WHY AND shipLocation_s:15009 AND businessUnit_s:Accu-Tech"", ""userName_s"": ""303273"", ""refNum_s"": ""609498""",TRUE,
"""70-7Y* AND salesLocation_s:60001 AND shipLocation_s:12619 AND customerAccount_s:AC0155-5833 AND dcLocation_s:7302 AND businessUnit_s:WESCO"", ""userName_s"": ""Josephine Trupiano"", ""refNum_s"": """"",FALSE,
"""PUP6004WH* AND salesLocation_s:61960 AND shipLocation_s:16043 AND customerAccount_s:AC0161-7232 AND businessUnit_s:Accu-Tech"", ""userName_s"": ""Cruz Hernandez"", ""refNum_s"": """"",TRUE,
"""ICA12-50JPLLR* AND salesLocation_s:62745 AND shipLocation_s:15009 AND customerAccount_s:AC0158-6135 AND businessUnit_s:Accu-Tech"", ""userName_s"": ""Kyle Celli"", ""refNum_s"": """"",TRUE,
"""J206Z* AND salesLocation_s:60001 AND shipLocation_s:12619 AND customerAccount_s:AC0155-5833 AND dcLocation_s:7302 AND businessUnit_s:WESCO"", ""userName_s"": ""Josephine Trupiano"", ""refNum_s"": """"",FALSE,
"""6110G-CL6_* AND shipLocation_s:14611 AND businessUnit_s:Accu-Tech"", ""userName_s"": ""339347"", ""refNum_s"": ""609126""",TRUE,
"""SURT15KRMXLT AND shipLocation_s:15819 AND businessUnit_s:Accu-Tech"", ""userName_s"": ""237306"", ""refNum_s"": ""609870""",TRUE,
"""DA3000096E23192* AND salesLocation_s:60001 AND shipLocation_s:12619 AND customerAccount_s:AC0155-5833 AND dcLocation_s:7302 AND businessUnit_s:WESCO"", ""userName_s"": ""Josephine Trupiano"", ""refNum_s"": """"",FALSE,
"""RHW-2* AND salesLocation_s:60001 AND shipLocation_s:12619 AND customerAccount_s:AC0154-0885 AND dcLocation_s:7302 AND businessUnit_s:WESCO"", ""userName_s"": ""Matthew Quigley"", ""refNum_s"": """"",FALSE,
"""44295H24* AND salesLocation_s:60829 AND shipLocation_s:14507 AND customerAccount_s:AC0043-2426 AND dcLocation_s:7303 AND businessUnit_s:WESCO"", ""userName_s"": ""Sibby Canipe"", ""refNum_s"": """"",FALSE,
"""2105032-3 AND shipLocation_s:13417 AND businessUnit_s:Accu-Tech"", ""userName_s"": ""323948"", ""refNum_s"": ""609785""",TRUE,
"""XNF-9010RV AND shipLocation_s:12304 AND businessUnit_s:Accu-Tech"", ""userName_s"": ""233642"", ""refNum_s"": ""609804""",TRUE,
"""6m110- AND shipLocation_s:12304 AND businessUnit_s:Accu-Tech"", ""userName_s"": ""208904"", ""refNum_s"": ""609757""",TRUE,
"""108685025 AND shipLocation_s:11726 AND businessUnit_s:Accu-Tech"", ""userName_s"": ""337167"", ""refNum_s"": ""609842""",TRUE,
"""*:* AND transPartOrFilter:(transactablePart_s:1007827AT) AND salesLocation_s:62530 AND shipLocation_s:15642 AND customerAccount_s:AC0158-2202 AND businessUnit_s:Accu-Tech"", ""userName_s"": ""Matt Duncan"", ""refNum_s"": ""100074959""",TRUE,
"""M58280B* AND businessUnit_s:Accu-Tech AND shipLocation_s:11726 AND advancedPartSearch:Y AND businessUnit_s:Accu-Tech"", ""userName_s"": """", ""refNum_s"": ""100012447""",TRUE,
"""144EUF-T4101D20* AND salesLocation_s:62743 AND shipLocation_s:11305 AND customerAccount_s:AC0158-5463 AND businessUnit_s:Accu-Tech"", ""userName_s"": ""Jamiya Minor"", ""refNum_s"": """"",TRUE,
"""sd72w* AND businessUnit_s:Accu-Tech AND shipLocation_s:13429 AND advancedPartSearch:Y AND businessUnit_s:Accu-Tech"", ""userName_s"": """", ""refNum_s"": ""100012447""",TRUE,
"""006e88-31131-a3* AND businessUnit_s:Accu-Tech AND shipLocation_s:11411 AND advancedPartSearch:Y AND businessUnit_s:Accu-Tech"", ""userName_s"": """", ""refNum_s"": ""100012447""",TRUE,
"""sbp-250 AND shipLocation_s:11726 AND businessUnit_s:Accu-Tech"", ""userName_s"": ""331169"", ""refNum_s"": ""609822""",TRUE,
"""fp4bk* AND businessUnit_s:Accu-Tech AND shipLocation_s:12114 AND advancedPartSearch:Y AND businessUnit_s:Accu-Tech"", ""userName_s"": """", ""refNum_s"": ""100012447""",TRUE,
"""idp AND shipLocation_s:16043 AND businessUnit_s:Accu-Tech"", ""userName_s"": ""227199"", ""refNum_s"": ""609566""",TRUE,
"""77-240-2B AND shipLocation_s:13429 AND businessUnit_s:Accu-Tech"", ""userName_s"": ""322566"", ""refNum_s"": ""609816""",TRUE,
"""43171 AND shipLocation_s:13417 AND businessUnit_s:Accu-Tech"", ""userName_s"": ""234589"", ""refNum_s"": ""609809""",TRUE,
"""PV10-6R-L AND shipLocation_s:13429 AND businessUnit_s:Accu-Tech"", ""userName_s"": ""324609"", ""refNum_s"": ""609805""",TRUE,
"""012E88-33131-A3* AND salesLocation_s:62531 AND shipLocation_s:15625 AND customerAccount_s:AC0158-5174 AND businessUnit_s:Accu-Tech"", ""userName_s"": ""Christian Beaudet"", ""refNum_s"": """"",TRUE,
"""11900-736 AND shipLocation_s:16043 AND businessUnit_s:Accu-Tech"", ""userName_s"": ""227199"", ""refNum_s"": ""609566""",TRUE,
"""zLock-zC14-14-aC15-3mRD AND shipLocation_s:16041 AND businessUnit_s:Accu-Tech"", ""userName_s"": ""212564"", ""refNum_s"": ""609799""",TRUE,
"""cfpe10wh AND businessUnit_s:Accu-Tech"", ""userName_s"": ""226022"", ""refNum_s"": """"",TRUE,
"""77-240-5B-VP AND shipLocation_s:16011 AND businessUnit_s:Accu-Tech"", ""userName_s"": ""322620"", ""refNum_s"": ""609796""",TRUE,
"""JBP1IWH AND businessUnit_s:Accu-Tech"", ""userName_s"": ""329125"", ""refNum_s"": """"",TRUE,
"""L20-213* AND salesLocation_s:61961 AND shipLocation_s:16011 AND customerAccount_s:AC0162-4802 AND businessUnit_s:Accu-Tech"", ""userName_s"": ""Andrew Lane"", ""refNum_s"": """"",TRUE,
"""cch-cp AND shipLocation_s:15819 AND businessUnit_s:Accu-Tech"", ""userName_s"": ""223220"", ""refNum_s"": ""609771""",TRUE,
"""49910s AND shipLocation_s:12304 AND businessUnit_s:Accu-Tech"", ""userName_s"": ""208904"", ""refNum_s"": ""609757""",TRUE,
"""nk2f AND shipLocation_s:12304 AND businessUnit_s:Accu-Tech"", ""userName_s"": ""208904"", ""refNum_s"": ""609757""",TRUE,
"""mctp6i-6-5 AND shipLocation_s:12908 AND businessUnit_s:Accu-Tech"", ""userName_s"": ""233430"", ""refNum_s"": ""609747""",TRUE,
"""WL-ZN-CTR-2CH-INF* AND salesLocation_s:61961 AND shipLocation_s:16011 AND customerAccount_s:AC0162-4802 AND businessUnit_s:Accu-Tech"", ""userName_s"": ""Andrew Lane"", ""refNum_s"": """"",TRUE,
"""M106FR2-262 AND shipLocation_s:12114 AND businessUnit_s:Accu-Tech"", ""userName_s"": ""228102"", ""refNum_s"": ""607219""",TRUE,
"""hflw037* AND salesLocation_s:61138 AND shipLocation_s:11204 AND customerAccount_s:AC0009-8650 AND dcLocation_s:7302 AND businessUnit_s:WESCO"", ""userName_s"": ""Jarod Hart"", ""refNum_s"": """"",FALSE,
"""189218* AND salesLocation_s:60697 AND shipLocation_s:16014 AND customerAccount_s:AC0056-6352 AND dcLocation_s:5689 AND businessUnit_s:WESCO"", ""userName_s"": ""Jennifer Lee"", ""refNum_s"": """"",FALSE,
"""LACE-44-OWP AND shipLocation_s:15819 AND businessUnit_s:Accu-Tech"", ""userName_s"": ""237306"", ""refNum_s"": ""609748""",TRUE,
"""CJS6X88TGBUY AND shipLocation_s:16043 AND businessUnit_s:Accu-Tech"", ""userName_s"": ""227199"", ""refNum_s"": ""608912""",TRUE,
"""267889* AND salesLocation_s:60697 AND shipLocation_s:16014 AND customerAccount_s:AC0056-6352 AND dcLocation_s:5689 AND businessUnit_s:WESCO"", ""userName_s"": ""Jennifer Lee"", ""refNum_s"": """"",FALSE,
"""165 AND businessUnit_s:Accu-Tech"", ""userName_s"": ""332869"", ""refNum_s"": ""609059""",TRUE,
"""smb-1p-262 AND shipLocation_s:12114 AND businessUnit_s:Accu-Tech"", ""userName_s"": ""228102"", ""refNum_s"": ""607219""",TRUE,
"""smb-1p AND shipLocation_s:12114 AND businessUnit_s:Accu-Tech"", ""userName_s"": ""228102"", ""refNum_s"": ""607219""",TRUE,
"""M101SMB-B-262 AND shipLocation_s:12114 AND businessUnit_s:Accu-Tech"", ""userName_s"": ""228102"", ""refNum_s"": ""607219""",TRUE,
"""DAUP_D151000 AND shipLocation_s:15609 AND businessUnit_s:Accu-Tech"", ""userName_s"": ""234627"", ""refNum_s"": ""609163""",TRUE,
"""LVFD-44 AND shipLocation_s:15819 AND businessUnit_s:Accu-Tech"", ""userName_s"": ""237306"", ""refNum_s"": ""609748""",TRUE,
"""mctpb6i-sd-7-25* AND businessUnit_s:Accu-Tech AND shipLocation_s:13603 AND advancedPartSearch:Y AND businessUnit_s:Accu-Tech"", ""userName_s"": """", ""refNum_s"": ""100012447""",TRUE,
"""11421-712 AND shipLocation_s:13603 AND businessUnit_s:Accu-Tech"", ""userName_s"": ""236163"", ""refNum_s"": ""609245""",TRUE,
"""mctp6i-6-7 AND shipLocation_s:12114 AND businessUnit_s:Accu-Tech"", ""userName_s"": ""228102"", ""refNum_s"": ""607219""",TRUE,
"""43080-2l4* AND salesLocation_s:62532 AND shipLocation_s:11726 AND customerAccount_s:AC0161-7908 AND businessUnit_s:Accu-Tech"", ""userName_s"": ""Austin Collins"", ""refNum_s"": """"",TRUE,
"""mctp6bi-sd* AND businessUnit_s:Accu-Tech AND shipLocation_s:13603 AND advancedPartSearch:Y AND businessUnit_s:Accu-Tech"", ""userName_s"": """", ""refNum_s"": ""100012447""",TRUE,
"""UNJ600T AND shipLocation_s:12114 AND businessUnit_s:Accu-Tech"", ""userName_s"": ""228102"", ""refNum_s"": ""607219""",TRUE,
"""C6ASPDSBK AND shipLocation_s:15819 AND businessUnit_s:Accu-Tech"", ""userName_s"": ""237306"", ""refNum_s"": ""609748""",TRUE,
"""MGS600 AND shipLocation_s:12114 AND businessUnit_s:Accu-Tech"", ""userName_s"": ""228102"", ""refNum_s"": ""607219""",TRUE,
"""DFHPCLCLCF3MM AND shipLocation_s:15819 AND businessUnit_s:Accu-Tech"", ""userName_s"": ""237306"", ""refNum_s"": ""609748""",TRUE,
"""*:* AND transPartOrFilter:(transactablePart_s:BEYY6249Y) AND salesLocation_s:61171 AND shipLocation_s:12402 AND dcLocation_s:7302 AND customerAccount_s:AC0001-5961 AND businessUnit_s:WESCO"", ""userName_s"": ""Aiereona Palmer"", ""refNum_s"": ""QU100029937""",FALSE,
"""pr2vd08* AND salesLocation_s:62474 AND shipLocation_s:13417 AND customerAccount_s:AC0158-6304 AND businessUnit_s:Accu-Tech"", ""userName_s"": ""Kelly Szymanski"", ""refNum_s"": """"",TRUE,
"""09_14_004_4512 AND shipLocation_s:16041 AND businessUnit_s:Accu-Tech"", ""userName_s"": ""337765"", ""refNum_s"": ""609749""",TRUE,
"""CS44P AND shipLocation_s:12114 AND businessUnit_s:Accu-Tech"", ""userName_s"": ""228102"", ""refNum_s"": ""607219""",TRUE,
"""JBX3510WH-A AND shipLocation_s:15414 AND businessUnit_s:Accu-Tech"", ""userName_s"": ""216112"", ""refNum_s"": ""609738""",TRUE,
"""mctp6ai-6-10 AND shipLocation_s:12304 AND businessUnit_s:Accu-Tech"", ""userName_s"": ""308638"", ""refNum_s"": ""609494""",TRUE,
"""pr2vd08* AND salesLocation_s:62474 AND shipLocation_s:13417 AND customerAccount_s:AC0158-6317 AND businessUnit_s:Accu-Tech"", ""userName_s"": ""Kelly Szymanski"", ""refNum_s"": """"",TRUE,
"""wmpse* AND salesLocation_s:62472 AND shipLocation_s:14506 AND customerAccount_s:AC0158-6901 AND businessUnit_s:Accu-Tech"", ""userName_s"": ""Brian Hughes"", ""refNum_s"": """"",TRUE,
"""MCTP6BI-SD-6-3 AND shipLocation_s:16023 AND businessUnit_s:Accu-Tech"", ""userName_s"": ""312371"", ""refNum_s"": ""609709""",TRUE,
"""TN-GLC-LX-SM-RGD AND shipLocation_s:15642 AND businessUnit_s:Accu-Tech"", ""userName_s"": ""311815"", ""refNum_s"": ""609417""",TRUE,
"""*:* AND transPartOrFilter:(transactablePart_s:XEHYD2A23 OR transactablePart_s:ED4597882 OR transactablePart_s:PJVBG2A23 OR transactablePart_s:EC9863YY7 OR transactablePart_s:CACPE2A23 OR transactablePart_s:BE64Y635Y) AND salesLocation_s:60608 AND shipLocation_s:12008 AND dcLocation_s:7305 AND customerAccount_s:AC0016-2584 AND businessUnit_s:WESCO"", ""userName_s"": ""Noah Gelman"", ""refNum_s"": ""QU100029880""",FALSE,
"""kssmb1* AND salesLocation_s:62473 AND shipLocation_s:13429 AND customerAccount_s:AC0158-6194 AND businessUnit_s:Accu-Tech"", ""userName_s"": ""Sean Robinson"", ""refNum_s"": """"",TRUE,
"""SW-DB-1 AND shipLocation_s:14611 AND businessUnit_s:Accu-Tech"", ""userName_s"": ""223249"", ""refNum_s"": ""609731""",TRUE,
"""mctp6i AND shipLocation_s:16023 AND businessUnit_s:Accu-Tech"", ""userName_s"": ""312371"", ""refNum_s"": ""609709""",TRUE,
"""under min* AND salesLocation_s:62530 AND shipLocation_s:15642 AND customerAccount_s:AC0158-5452 AND businessUnit_s:Accu-Tech"", ""userName_s"": ""Greg Griffo"", ""refNum_s"": """"",TRUE,
"""6110G-RL6 AND shipLocation_s:16041 AND businessUnit_s:Accu-Tech"", ""userName_s"": ""331970"", ""refNum_s"": ""609690""",TRUE,
"""yellow leviton jack cat6a* AND salesLocation_s:61963 AND shipLocation_s:16041 AND customerAccount_s:AC0186-3068 AND businessUnit_s:Accu-Tech"", ""userName_s"": ""Von Small"", ""refNum_s"": """"",TRUE,
"""cbx4ei AND shipLocation_s:13603 AND businessUnit_s:Accu-Tech"", ""userName_s"": ""236163"", ""refNum_s"": ""609245""",TRUE,
"""41089-2w AND shipLocation_s:16023 AND businessUnit_s:Accu-Tech"", ""userName_s"": ""312371"", ""refNum_s"": ""609709""",TRUE,
"""79014GT* AND salesLocation_s:61138 AND shipLocation_s:11204 AND customerAccount_s:AC0001-4025 AND dcLocation_s:7302 AND businessUnit_s:WESCO"", ""userName_s"": ""Karen Perrier"", ""refNum_s"": """"",FALSE,
"""700208101 AND shipLocation_s:12908 AND businessUnit_s:Accu-Tech"", ""userName_s"": ""321602"", ""refNum_s"": ""609721""",TRUE,
"""STL8* AND salesLocation_s:60682 AND shipLocation_s:15408 AND customerAccount_s:AC0015-4621 AND dcLocation_s:7305 AND businessUnit_s:WESCO"", ""userName_s"": ""Nicholas Garets"", ""refNum_s"": """"",FALSE,
"""7000006093* AND salesLocation_s:60697 AND shipLocation_s:16014 AND customerAccount_s:AC0000-0821 AND dcLocation_s:5689 AND businessUnit_s:WESCO"", ""userName_s"": ""Jennifer Lee"", ""refNum_s"": """"",FALSE,
"""mctp6b AND shipLocation_s:15642 AND businessUnit_s:Accu-Tech"", ""userName_s"": ""311815"", ""refNum_s"": ""609417""",TRUE,
"""760072207* AND businessUnit_s:Accu-Tech AND shipLocation_s:13603 AND advancedPartSearch:Y AND businessUnit_s:Accu-Tech"", ""userName_s"": """", ""refNum_s"": ""100012447""",TRUE,
"""DCAMJKUBL-S1 AND shipLocation_s:11726 AND businessUnit_s:Accu-Tech"", ""userName_s"": ""327898"", ""refNum_s"": ""608872""",TRUE,
"""CCH-01U* AND salesLocation_s:62530 AND shipLocation_s:15642 AND customerAccount_s:AC0158-5139 AND businessUnit_s:Accu-Tech"", ""userName_s"": ""Simon Ruppert"", ""refNum_s"": """"",TRUE,
"""SHN54RLZD* AND salesLocation_s:60001 AND shipLocation_s:12619 AND customerAccount_s:AC0029-8945 AND dcLocation_s:7302 AND businessUnit_s:WESCO"", ""userName_s"": ""Alisa Gelinas"", ""refNum_s"": """"",FALSE,
"""5px AND businessUnit_s:Accu-Tech"", ""userName_s"": ""235882"", ""refNum_s"": """"",TRUE,
"""AB1412NP* AND salesLocation_s:62471 AND shipLocation_s:14509 AND customerAccount_s:AC0161-8183 AND businessUnit_s:Accu-Tech"", ""userName_s"": ""Patrick Allen"", ""refNum_s"": """"",TRUE,
"""AB1412NP* AND salesLocation_s:62471 AND shipLocation_s:14509 AND customerAccount_s:AC0161-8183 AND businessUnit_s:Accu-Tech"", ""userName_s"": ""Patrick Allen"", ""refNum_s"": """"",TRUE,
"""NSP14WUSF2 AND shipLocation_s:15642 AND businessUnit_s:Accu-Tech"", ""userName_s"": ""301951"", ""refNum_s"": ""609657""",TRUE,
"""NSP14WUSF AND shipLocation_s:15642 AND businessUnit_s:Accu-Tech"", ""userName_s"": ""301951"", ""refNum_s"": ""609657""",TRUE,
"""31090 AND shipLocation_s:13429 AND businessUnit_s:Accu-Tech"", ""userName_s"": ""324609"", ""refNum_s"": ""609625""",TRUE,
"""plywood AND shipLocation_s:16041 AND businessUnit_s:Accu-Tech"", ""userName_s"": ""318654"", ""refNum_s"": ""609677""",TRUE,
"""f2x2 AND businessUnit_s:Accu-Tech"", ""userName_s"": ""327282"", ""refNum_s"": """"",TRUE,
"""JP2DW-L20 AND shipLocation_s:13429 AND businessUnit_s:Accu-Tech"", ""userName_s"": ""324609"", ""refNum_s"": ""609625""",TRUE,
"""YA6CL2TC14 AND shipLocation_s:16023 AND businessUnit_s:Accu-Tech"", ""userName_s"": ""326749"", ""refNum_s"": ""609162""",TRUE,
"""CCH-CS12-A9-P00RE AND shipLocation_s:11411 AND businessUnit_s:Accu-Tech"", ""userName_s"": ""228294"", ""refNum_s"": ""609665""",TRUE,
"""5p AND shipLocation_s:11726 AND businessUnit_s:Accu-Tech"", ""userName_s"": ""327898"", ""refNum_s"": ""608872""",TRUE,
"""MCTP6abI-6-3 AND shipLocation_s:14506 AND businessUnit_s:Accu-Tech"", ""userName_s"": ""209989"", ""refNum_s"": ""609610""",TRUE,
"""tze221 AND shipLocation_s:12908 AND businessUnit_s:Accu-Tech"", ""userName_s"": ""321602"", ""refNum_s"": ""609664""",TRUE,
"""mctp6i- AND shipLocation_s:14506 AND businessUnit_s:Accu-Tech"", ""userName_s"": ""209989"", ""refNum_s"": ""609610""",TRUE,
"""h6a10-07l AND shipLocation_s:11411 AND businessUnit_s:Accu-Tech"", ""userName_s"": ""228294"", ""refNum_s"": ""609665""",TRUE,
"""jp4w-x20 AND businessUnit_s:Accu-Tech"", ""userName_s"": ""339483"", ""refNum_s"": """"",TRUE,
"""95-200-41 AND businessUnit_s:Accu-Tech"", ""userName_s"": ""226022"", ""refNum_s"": """"",TRUE,
"""7151822 AND shipLocation_s:15642 AND businessUnit_s:Accu-Tech"", ""userName_s"": ""301951"", ""refNum_s"": ""609657""",TRUE,
"""6h460-07 AND shipLocation_s:11411 AND businessUnit_s:Accu-Tech"", ""userName_s"": ""228294"", ""refNum_s"": ""609665""",TRUE,
"""bhh192 AND shipLocation_s:14506 AND businessUnit_s:Accu-Tech"", ""userName_s"": ""209989"", ""refNum_s"": ""609610""",TRUE,
"""WMP1E AND shipLocation_s:13429 AND businessUnit_s:Accu-Tech"", ""userName_s"": ""324609"", ""refNum_s"": ""609625""",TRUE,
"""PRV6 AND shipLocation_s:13429 AND businessUnit_s:Accu-Tech"", ""userName_s"": ""324609"", ""refNum_s"": ""609625""",TRUE,
"""1017500AT* AND businessUnit_s:Accu-Tech AND shipLocation_s:13429 AND advancedPartSearch:Y AND businessUnit_s:Accu-Tech"", ""userName_s"": """", ""refNum_s"": ""100012447""",TRUE,
"""cm AND shipLocation_s:15642 AND businessUnit_s:Accu-Tech"", ""userName_s"": ""208850"", ""refNum_s"": ""608616""",TRUE,
"""pup6xhd04gr-g* AND salesLocation_s:61999 AND shipLocation_s:13603 AND customerAccount_s:AC0162-4954 AND businessUnit_s:Accu-Tech"", ""userName_s"": ""Nick Carney"", ""refNum_s"": """"",TRUE,
"""CCH-CP1-19T AND shipLocation_s:15625 AND businessUnit_s:Accu-Tech"", ""userName_s"": ""307308"", ""refNum_s"": ""609635""",TRUE,
"""akblk02 AND shipLocation_s:15642 AND businessUnit_s:Accu-Tech"", ""userName_s"": ""208850"", ""refNum_s"": ""608616""",TRUE,
"""43080-2L4 AND shipLocation_s:11726 AND businessUnit_s:Accu-Tech"", ""userName_s"": ""236339"", ""refNum_s"": ""609650""",TRUE,
"""C601104003 AND shipLocation_s:15642 AND businessUnit_s:Accu-Tech"", ""userName_s"": ""301951"", ""refNum_s"": ""609129""",TRUE,
"""49910-SE2 AND shipLocation_s:14611 AND businessUnit_s:Accu-Tech"", ""userName_s"": ""339347"", ""refNum_s"": ""609648""",TRUE,
"""WBTFORM4X24BA* AND salesLocation_s:61962 AND shipLocation_s:16023 AND customerAccount_s:AC0186-3068 AND businessUnit_s:Accu-Tech"", ""userName_s"": ""Jennie Robinson"", ""refNum_s"": """"",TRUE,
"""smb AND businessUnit_s:Accu-Tech"", ""userName_s"": ""208907"", ""refNum_s"": """"",TRUE,
"""d6upd15u10 AND shipLocation_s:12114 AND businessUnit_s:Accu-Tech"", ""userName_s"": ""235882"", ""refNum_s"": ""609636""",TRUE,
"""d6upd15 AND shipLocation_s:12114 AND businessUnit_s:Accu-Tech"", ""userName_s"": ""235882"", ""refNum_s"": ""609636""",TRUE,
"""78404111093* AND salesLocation_s:60697 AND shipLocation_s:16014 AND customerAccount_s:AC0000-0821 AND dcLocation_s:5689 AND businessUnit_s:WESCO"", ""userName_s"": ""Jennifer Lee"", ""refNum_s"": """"",FALSE,
"""CCH-CP06-B3 AND shipLocation_s:11726 AND businessUnit_s:Accu-Tech"", ""userName_s"": ""337167"", ""refNum_s"": ""609628""",TRUE,
"""FPSLDLD010 AND shipLocation_s:15642 AND businessUnit_s:Accu-Tech"", ""userName_s"": ""301951"", ""refNum_s"": ""609129""",TRUE,
"""25895 AND shipLocation_s:14506 AND businessUnit_s:Accu-Tech"", ""userName_s"": ""209989"", ""refNum_s"": ""609610""",TRUE,
"""LVA12-LCU-BC-A AND shipLocation_s:14205 AND businessUnit_s:Accu-Tech"", ""userName_s"": ""317857"", ""refNum_s"": ""609619""",TRUE,
"""66125* AND salesLocation_s:62473 AND shipLocation_s:13429 AND customerAccount_s:AC0160-6516 AND businessUnit_s:Accu-Tech"", ""userName_s"": ""Jeremy Prevette"", ""refNum_s"": """"",TRUE,
"""KSSMB1* AND businessUnit_s:Accu-Tech AND shipLocation_s:13429 AND advancedPartSearch:Y AND businessUnit_s:Accu-Tech"", ""userName_s"": """", ""refNum_s"": ""100012447""",TRUE,
"""E19SWM20U24 AND shipLocation_s:11726 AND businessUnit_s:Accu-Tech"", ""userName_s"": ""331169"", ""refNum_s"": ""609620""",TRUE,
"""ez-600-nf- AND businessUnit_s:Accu-Tech"", ""userName_s"": ""332869"", ""refNum_s"": ""609059""",TRUE,
"""2202-3231* AND salesLocation_s:60627 AND shipLocation_s:14507 AND customerAccount_s:AC0155-6019 AND dcLocation_s:7303 AND businessUnit_s:WESCO"", ""userName_s"": ""Meaghan Reidy"", ""refNum_s"": """"",FALSE,
"""10g AND shipLocation_s:14506 AND businessUnit_s:Accu-Tech"", ""userName_s"": ""209989"", ""refNum_s"": ""609610""",TRUE,
"""ty2 AND businessUnit_s:Accu-Tech"", ""userName_s"": ""332869"", ""refNum_s"": ""609059""",TRUE,
"""658 AND shipLocation_s:14506 AND businessUnit_s:Accu-Tech"", ""userName_s"": ""209989"", ""refNum_s"": ""609610""",TRUE,
"""TMB AND shipLocation_s:15642 AND businessUnit_s:Accu-Tech"", ""userName_s"": ""301951"", ""refNum_s"": ""609129""",TRUE,
"""002K51-31330-24* AND salesLocation_s:62536 AND shipLocation_s:15609 AND customerAccount_s:AC0186-3068 AND businessUnit_s:Accu-Tech"", ""userName_s"": ""Justin LaBanz"", ""refNum_s"": """"",TRUE,
"""cch-01u* AND salesLocation_s:62474 AND shipLocation_s:13417 AND customerAccount_s:AC0158-6486 AND businessUnit_s:Accu-Tech"", ""userName_s"": ""Kelly Szymanski"", ""refNum_s"": """"",TRUE,
"""7151822* AND businessUnit_s:Accu-Tech AND shipLocation_s:12908 AND advancedPartSearch:Y AND businessUnit_s:Accu-Tech"", ""userName_s"": """", ""refNum_s"": ""100012447""",TRUE,
"""PTN2.00BK AND shipLocation_s:15642 AND businessUnit_s:Accu-Tech"", ""userName_s"": ""208850"", ""refNum_s"": ""608643""",TRUE,
"""ssp AND shipLocation_s:15642 AND businessUnit_s:Accu-Tech"", ""userName_s"": ""208850"", ""refNum_s"": ""608643""",TRUE,
"""658amj AND shipLocation_s:15625 AND businessUnit_s:Accu-Tech"", ""userName_s"": ""329187"", ""refNum_s"": ""608618""",TRUE,
"""658amjh AND shipLocation_s:15625 AND businessUnit_s:Accu-Tech"", ""userName_s"": ""329187"", ""refNum_s"": ""608618""",TRUE,
"""11746- AND shipLocation_s:15642 AND businessUnit_s:Accu-Tech"", ""userName_s"": ""208850"", ""refNum_s"": ""608643""",TRUE,
"""*:* AND transPartOrFilter:(transactablePart_s:PVSGG2A23) AND salesLocation_s:60001 AND shipLocation_s:12619 AND dcLocation_s:7302 AND customerAccount_s:AC0078-6145 AND businessUnit_s:WESCO"", ""userName_s"": ""Josephine Trupiano"", ""refNum_s"": ""QU100028413""",FALSE,
"""DCAMJKSME-S1 AND shipLocation_s:15642 AND businessUnit_s:Accu-Tech"", ""userName_s"": ""208850"", ""refNum_s"": ""608643""",TRUE,
"""dcamjk AND shipLocation_s:15642 AND businessUnit_s:Accu-Tech"", ""userName_s"": ""208850"", ""refNum_s"": ""608643""",TRUE,
"""DAFP_D1510 AND shipLocation_s:15642 AND businessUnit_s:Accu-Tech"", ""userName_s"": ""208850"", ""refNum_s"": ""608643""",TRUE,
"""ga9520gl* AND salesLocation_s:60001 AND shipLocation_s:12619 AND customerAccount_s:AC0002-2956 AND dcLocation_s:7302 AND businessUnit_s:WESCO"", ""userName_s"": ""Josephine Trupiano"", ""refNum_s"": """"",FALSE,